-- phpMyAdmin SQL Dump
-- version 4.5.4.1deb2ubuntu2
-- http://www.phpmyadmin.net
--
-- Host: localhost
-- Generation Time: May 24, 2018 at 03:44 PM
-- Server version: 5.7.22-0ubuntu0.16.04.1
-- PHP Version: 7.0.30-0ubuntu0.16.04.1

SET SQL_MODE = "NO_AUTO_VALUE_ON_ZERO";
SET time_zone = "+00:00";


/*!40101 SET @OLD_CHARACTER_SET_CLIENT=@@CHARACTER_SET_CLIENT */;
/*!40101 SET @OLD_CHARACTER_SET_RESULTS=@@CHARACTER_SET_RESULTS */;
/*!40101 SET @OLD_COLLATION_CONNECTION=@@COLLATION_CONNECTION */;
/*!40101 SET NAMES utf8mb4 */;

--
-- Database: `salieckompi`
--

-- --------------------------------------------------------

--
-- Table structure for table `case`
--

CREATE TABLE `case` (
  `id` int(10) UNSIGNED NOT NULL,
  `manufacturer_id` int(5) NOT NULL,
  `part_number` varchar(100) COLLATE utf8_unicode_ci NOT NULL,
  `type` varchar(50) COLLATE utf8_unicode_ci NOT NULL,
  `gpu_lenght` int(5) NOT NULL,
  `cpu_cooler_height` int(5) NOT NULL,
  `side_panel_window` tinyint(1) NOT NULL DEFAULT '0',
  `front_usb_panel` tinyint(1) NOT NULL DEFAULT '0',
  `external_525` int(5) NOT NULL,
  `external_35` int(5) NOT NULL,
  `internal_35` int(5) NOT NULL,
  `internal_25` int(5) NOT NULL,
  `expansion_slots` int(11) NOT NULL,
  `slug` varchar(255) COLLATE utf8_unicode_ci NOT NULL,
  `psu_lenght` int(5) NOT NULL
) ENGINE=InnoDB DEFAULT CHARSET=utf8 COLLATE=utf8_unicode_ci;

--
-- Dumping data for table `case`
--

INSERT INTO `case` (`id`, `manufacturer_id`, `part_number`, `type`, `gpu_lenght`, `cpu_cooler_height`, `side_panel_window`, `front_usb_panel`, `external_525`, `external_35`, `internal_35`, `internal_25`, `expansion_slots`, `slug`, `psu_lenght`) VALUES
(1, 15, 'RC-902XB-KKN2', 'ATX Desktop', 334, 163, 0, 1, 2, 4, 4, 4, 7, 'cooler-master-rc-902xb-kkn2', 249),
(2, 18, 'T5', 'ATX Mini Tower', 300, 105, 0, 1, 1, 0, 2, 3, 4, 'zalman-t5', 347),
(3, 3, '600C', 'ATX Full Tower', 395, 195, 1, 1, 2, 0, 2, 3, 8, 'corsair-600c', 143),
(4, 3, '600Q', 'ATX Full Tower', 395, 201, 0, 1, 2, 0, 2, 3, 8, 'corsair-600q', 175),
(5, 3, 'CC-9011059-WW', 'ATX Full Tower', 355, 94, 0, 1, 2, 0, 3, 6, 9, 'corsair-cc-9011059-ww', 75),
(6, 15, 'RC-912-KKN1-GP', 'ATX Mid Tower', 270, 162, 0, 1, 4, 1, 6, 4, 8, 'cooler-master-rc-912-kkn1-gp', 158),
(7, 3, '400Q', 'ATX Mid Tower', 370, 63, 0, 1, 0, 0, 2, 3, 7, 'corsair-400q', 244),
(8, 15, 'NSE-400-KKN2 (N400)', 'ATX Mid Tower', 320, 151, 0, 1, 2, 1, 7, 3, 7, 'cooler-master-nse-400-kkn2--n400', 148),
(9, 15, 'MCY-005P-KWN00', 'ATX Mid Tower', 412, 77, 1, 1, 2, 5, 0, 2, 7, 'cooler-master-mcy-005p-kwn00', 158),
(10, 15, 'RC-932-KKN5-GP', 'ATX Full Tower', 320, 108, 1, 1, 5, 1, 5, 4, 7, 'cooler-master-rc-932-kkn5-gp', 139),
(11, 3, '450D', 'ATX Mid Tower', 430, 188, 1, 1, 2, 3, 0, 2, 7, 'corsair-450d', 292),
(12, 26, 'TESSERACT SW RED', 'ATX Mid Tower', 310, 199, 1, 1, 2, 0, 4, 3, 7, 'deep-cool-tesseract-sw-red', 258),
(13, 77, 'X-QPACK3-WHT', 'Micro ATX Cube', 320, 72, 1, 1, 1, 1, 2, 1, 4, 'apevia-x-qpack3-wht', 153),
(14, 15, 'MCX-0005-KKN00', 'ATX Mid Tower', 412, 210, 0, 1, 2, 2, 0, 2, 7, 'cooler-master-mcx-0005-kkn00', 221),
(15, 16, 'ECA3321B-BT (U2)', 'ATX Mid Tower', 390, 82, 0, 1, 2, 0, 3, 4, 6, 'enermax-eca3321b-bt--u2', 216),
(16, 3, 'SPEC-03', 'ATX Mid Tower', 420, 155, 1, 1, 2, 0, 3, 2, 7, 'corsair-spec-03', 158),
(17, 67, 'Eleven Hundred V2', 'ATX Mid Tower', 330, 194, 1, 1, 3, 6, 0, 2, 9, 'vantec-eleven-hundred-v2', 266),
(18, 18, 'R1-z', 'ATX Mid Tower', 360, 126, 0, 1, 2, 1, 4, 1, 7, 'zalman-r1-z', 336),
(19, 18, 'R1', 'ATX Mid Tower', 360, 158, 0, 1, 2, 1, 4, 1, 7, 'zalman-r1', 225),
(20, 67, 'P50', 'Micro ATX', 300, 135, 0, 1, 1, 0, 3, 2, 4, 'vantec-p50', 332),
(21, 78, 'LPC309(U3)', 'ATX Mid Tower', 390, 102, 1, 1, 3, 0, 3, 4, 6, 'lepa-lpc309-u3', 153),
(22, 18, 'T1 Plus', 'ATX Mini Tower', 300, 121, 0, 1, 1, 0, 2, 3, 4, 'zalman-t1-plus', 138),
(23, 77, 'X-QPACK3-CL', 'Micro ATX Cube', 320, 77, 0, 1, 1, 1, 2, 1, 4, 'apevia-x-qpack3-cl', 248),
(24, 77, 'X-QPACK3-PK', 'Micro ATX Cube', 320, 98, 1, 1, 1, 1, 2, 1, 4, 'apevia-x-qpack3-pk', 159),
(25, 77, 'X-QPACK3-OG', 'Micro ATX Cube', 320, 61, 0, 1, 1, 1, 2, 1, 4, 'apevia-x-qpack3-og', 296),
(26, 77, 'X-QPACK3-NW-BK', 'Micro ATX Cube', 320, 157, 0, 1, 1, 1, 2, 1, 4, 'apevia-x-qpack3-nw-bk', 110),
(27, 77, 'X-QPACK3-BL', 'Micro ATX Cube', 320, 104, 1, 1, 1, 1, 2, 1, 4, 'apevia-x-qpack3-bl', 218),
(28, 77, 'X-QPACK3-RD', 'Micro ATX Cube', 320, 160, 1, 1, 1, 1, 2, 1, 4, 'apevia-x-qpack3-rd', 122),
(29, 77, 'X-QPACK3-GN', 'Micro ATX Cube', 320, 184, 1, 1, 1, 1, 2, 1, 4, 'apevia-x-qpack3-gn', 75),
(30, 18, 'Z9 Neo White', 'ATX Mid Tower', 420, 197, 0, 1, 2, 0, 4, 6, 7, 'zalman-z9-neo-white', 184),
(31, 15, 'CMS-693-WWN1-V2', 'ATX Mid Tower', 423, 200, 1, 1, 3, 0, 3, 5, 8, 'cooler-master-cms-693-wwn1-v2', 341),
(32, 15, 'MCZ-005M-KWN00', 'ATX Mid Tower', 412, 131, 0, 1, 2, 2, 0, 2, 7, 'cooler-master-mcz-005m-kwn00', 151),
(33, 28, '0R200001', 'ATX Mid Tower', 410, 131, 0, 1, 3, 0, 6, 6, 7, 'raijintek-0r200001', 248),
(34, 15, 'RC-431P-KWN2', 'ATX Mid Tower', 315, 203, 1, 1, 3, 2, 5, 0, 7, 'cooler-master-rc-431p-kwn2', 290),
(35, 26, 'DUKASE', 'ATX Mid Tower', 390, 177, 1, 1, 2, 0, 3, 3, 7, 'deep-cool-dukase', 272),
(36, 22, 'PH-ES614P_TG', 'ATX Full Tower', 347, 124, 1, 1, 3, 0, 6, 7, 8, 'phanteks-ph-es614p_tg', 179),
(37, 16, 'ECA3351A-BT(U2)', 'ATX Mid Tower', 390, 166, 1, 1, 3, 0, 3, 4, 6, 'enermax-eca3351a-bt-u2', 195),
(38, 67, 'VSK2000-U3', 'Micro ATX', 200, 137, 0, 0, 1, 0, 1, 1, 4, 'vantec-vsk2000-u3', 84);

-- --------------------------------------------------------

--
-- Table structure for table `case_fan`
--

CREATE TABLE `case_fan` (
  `id` int(10) UNSIGNED NOT NULL,
  `manufacturer_id` int(5) NOT NULL,
  `part_number` varchar(100) COLLATE utf8_unicode_ci NOT NULL,
  `size` int(5) NOT NULL,
  `bearing` varchar(50) COLLATE utf8_unicode_ci DEFAULT NULL,
  `rpm_from` int(5) DEFAULT NULL,
  `rpm_to` int(5) DEFAULT NULL,
  `air_from` double(5,2) DEFAULT NULL,
  `air_to` double(5,2) DEFAULT NULL,
  `noise_from` double(5,2) DEFAULT NULL,
  `noise_to` double(5,2) DEFAULT NULL,
  `slug` varchar(255) COLLATE utf8_unicode_ci NOT NULL
) ENGINE=InnoDB DEFAULT CHARSET=utf8 COLLATE=utf8_unicode_ci;

--
-- Dumping data for table `case_fan`
--

INSERT INTO `case_fan` (`id`, `manufacturer_id`, `part_number`, `size`, `bearing`, `rpm_from`, `rpm_to`, `air_from`, `air_to`, `noise_from`, `noise_to`, `slug`) VALUES
(3, 15, 'R4-S2S-124K-GP', 120, 'Sleeve', 1200, NULL, 44.73, NULL, 19.10, NULL, 'cooler-master-r4-s2s-124l-gp'),
(4, 24, 'RFA-120-K', 120, 'Sleeve', 2000, NULL, 74.48, NULL, 29.28, NULL, 'rosewill-rfa-120-k'),
(5, 15, 'R4-L2R-20AR-R1', 140, 'Sleeve', 2000, 2500, 69.69, NULL, 19.00, NULL, 'cooler-master-r4-l2r-20ar-r1'),
(6, 15, 'R4-L2R-20AC-GP', 120, 'Sleeve', 2000, 3000, 55.30, 73.80, 22.90, 25.90, 'cooler-master-r4-l2r-20ac-gp'),
(7, 26, 'WIND BLADE 120', 140, 'Fluid Dynamic', 1300, 1450, 65.16, NULL, 26.00, NULL, 'deep-cool-wind-blade-120');

-- --------------------------------------------------------

--
-- Table structure for table `case_form_factor`
--

CREATE TABLE `case_form_factor` (
  `id` int(10) UNSIGNED NOT NULL,
  `case_id` int(5) NOT NULL,
  `name` varchar(50) COLLATE utf8_unicode_ci NOT NULL
) ENGINE=InnoDB DEFAULT CHARSET=utf8 COLLATE=utf8_unicode_ci;

--
-- Dumping data for table `case_form_factor`
--

INSERT INTO `case_form_factor` (`id`, `case_id`, `name`) VALUES
(1, 1, 'ATX'),
(2, 1, 'Micro ATX'),
(3, 1, 'Mini ITX'),
(4, 2, 'Micro ATX'),
(5, 2, 'Mini ITX'),
(6, 3, 'ATX'),
(7, 3, 'Micro ATX'),
(8, 3, 'Mini ITX'),
(9, 3, 'EATX'),
(10, 4, 'ATX'),
(11, 4, 'Micro ATX'),
(12, 4, 'Mini ITX'),
(13, 4, 'EATX'),
(14, 5, 'ATX'),
(15, 5, 'Micro ATX'),
(16, 5, 'Mini ITX'),
(17, 5, 'EATX'),
(18, 5, 'XL ATX'),
(19, 6, 'Micro ATX'),
(20, 7, 'ATX'),
(21, 7, 'Micro ATX'),
(22, 7, 'Mini ITX'),
(23, 7, 'EATX'),
(24, 8, 'ATX'),
(25, 8, 'Micro ATX'),
(26, 8, 'Mini ITX'),
(27, 9, 'ATX'),
(28, 9, 'Micro ATX'),
(29, 9, 'Mini ITX'),
(30, 10, 'ATX'),
(31, 10, 'Micro ATX'),
(32, 10, 'EATX'),
(33, 11, 'ATX'),
(34, 11, 'Micro ATX'),
(35, 11, 'Mini ITX'),
(36, 11, 'EATX'),
(37, 12, 'ATX'),
(38, 12, 'Micro ATX'),
(39, 12, 'Mini ITX'),
(40, 13, 'Micro ATX'),
(41, 13, 'Mini ITX'),
(42, 14, 'ATX'),
(43, 14, 'Micro ATX'),
(44, 14, 'Mini ITX'),
(45, 15, 'Micro ATX'),
(46, 16, 'ATX'),
(47, 16, 'Micro ATX'),
(48, 16, 'Mini ITX'),
(49, 17, 'ATX'),
(50, 17, 'Micro ATX'),
(51, 17, 'Mini ITX'),
(52, 17, 'XL ATX'),
(53, 18, 'ATX'),
(54, 18, 'Micro ATX'),
(55, 19, 'ATX'),
(56, 19, 'Micro ATX'),
(57, 20, 'Micro ATX'),
(58, 20, 'Mini ITX'),
(59, 21, 'Micro ATX'),
(60, 22, 'Micro ATX'),
(61, 22, 'Mini ITX'),
(62, 23, 'Micro ATX'),
(63, 23, 'Mini ITX'),
(64, 24, 'Micro ATX'),
(65, 24, 'Mini ITX'),
(66, 25, 'Micro ATX'),
(67, 25, 'Mini ITX'),
(68, 26, 'Micro ATX'),
(69, 26, 'Mini ITX'),
(70, 27, 'Micro ATX'),
(71, 27, 'Mini ITX'),
(72, 28, 'Micro ATX'),
(73, 28, 'Mini ITX'),
(74, 29, 'Micro ATX'),
(75, 29, 'Mini ITX'),
(76, 30, 'ATX'),
(77, 30, 'Micro ATX'),
(78, 30, 'Mini ITX'),
(79, 31, 'Micro ATX'),
(80, 32, 'ATX'),
(81, 32, 'Micro ATX'),
(82, 32, 'Mini ITX'),
(83, 33, 'Micro ATX'),
(84, 34, 'Micro ATX'),
(85, 35, 'ATX'),
(86, 35, 'Micro ATX'),
(87, 35, 'Mini ITX'),
(88, 36, 'ATX'),
(89, 36, 'Micro ATX'),
(90, 36, 'EATX'),
(91, 37, 'Micro ATX'),
(92, 38, 'Micro ATX'),
(93, 38, 'Mini ITX');

-- --------------------------------------------------------

--
-- Table structure for table `cpu`
--

CREATE TABLE `cpu` (
  `id` int(10) UNSIGNED NOT NULL,
  `manufacturer_id` int(5) NOT NULL,
  `series` varchar(50) COLLATE utf8_unicode_ci NOT NULL,
  `name` varchar(50) COLLATE utf8_unicode_ci NOT NULL,
  `part_number` varchar(100) COLLATE utf8_unicode_ci NOT NULL,
  `core_name` varchar(50) COLLATE utf8_unicode_ci NOT NULL,
  `core_count` int(5) NOT NULL,
  `thread_count` int(5) DEFAULT NULL,
  `frequency` double(5,2) NOT NULL,
  `max_frequency` double(5,2) DEFAULT NULL,
  `l1_cache` varchar(50) COLLATE utf8_unicode_ci DEFAULT NULL,
  `l2_cache` varchar(50) COLLATE utf8_unicode_ci DEFAULT NULL,
  `l3_cache` varchar(50) COLLATE utf8_unicode_ci DEFAULT NULL,
  `manufacturing_tech` int(5) DEFAULT NULL,
  `integrated_graphics` varchar(50) COLLATE utf8_unicode_ci DEFAULT NULL,
  `thermal_power` int(5) NOT NULL,
  `hyper_threading` tinyint(1) DEFAULT NULL,
  `cooling_device` tinyint(1) DEFAULT NULL,
  `slug` varchar(255) COLLATE utf8_unicode_ci NOT NULL,
  `ecc` tinyint(1) NOT NULL,
  `max_capacity` int(5) DEFAULT NULL
) ENGINE=InnoDB DEFAULT CHARSET=utf8 COLLATE=utf8_unicode_ci;

--
-- Dumping data for table `cpu`
--

INSERT INTO `cpu` (`id`, `manufacturer_id`, `series`, `name`, `part_number`, `core_name`, `core_count`, `thread_count`, `frequency`, `max_frequency`, `l1_cache`, `l2_cache`, `l3_cache`, `manufacturing_tech`, `integrated_graphics`, `thermal_power`, `hyper_threading`, `cooling_device`, `slug`, `ecc`, `max_capacity`) VALUES
(1, 1, 'Core i7', 'Core i7-4790K', 'BX80646I74790K', 'Devils Canyon', 4, 8, 4.00, 4.40, '4 x 64KB', '4 x 256KB', '8MB', 22, 'Intel HD Graphics 4600', 88, 1, 1, 'intel-bx80646i74790k', 0, 32000),
(2, 1, 'Core i5', 'Core i5-4690K', 'BX80646I54690K', 'Devils Canyon', 4, 4, 3.50, 3.90, '4 x 64KB', '4 x 256KB', '6MB', 22, 'Intel HD Graphics 4600', 88, 0, 1, 'intel-bx80646i54690k', 0, 32000),
(4, 2, 'FX', 'FX-8350', 'FD8350FRHKBOX', 'Vishera', 8, 8, 4.00, NULL, NULL, '4 x 2MB', '8MB', 32, NULL, 125, 0, 1, 'amd-fd8350frhkbox', 0, NULL),
(5, 2, 'FX', 'FX-6300', 'FD6300WMHKBOX', 'Vishera', 6, 6, 3.50, NULL, NULL, NULL, '8MB', 32, NULL, 95, 0, 1, 'amd-fd6300wmhkbox', 0, NULL),
(6, 1, 'Pentium', 'Pentium G3258', 'BX80646G3258', 'Haswell', 2, 2, 3.20, NULL, '2 x 64KB', '2 x 256KB', '3MB', 22, 'Intel HD Graphics', 53, 0, 1, 'intel-bx80646g3258', 1, NULL),
(7, 1, 'Core i5', 'Core i5-4590', 'BX80646I54590', 'Haswell', 4, 4, 3.30, 3.70, '4 x 64KB', '4 x 256KB', '6MB', 22, 'Intel HD Graphics 4600', 84, 0, 1, 'intel-bx80646i54590', 0, 32000),
(8, 1, 'Core i3', 'Core i3-4160', 'BX80646I34160', 'Haswell', 2, 4, 3.60, NULL, '2 x 64KB', '2 x 256KB', '3MB', 22, 'Intel HD Graphics 4400', 54, 1, 1, 'intel-bx80646i34160', 1, 32000),
(9, 2, 'FX', 'FX-8320', 'FD8320FRHKBOX', 'Vishera', 8, 8, 3.50, NULL, NULL, '4 x 2MB', '8MB', 32, NULL, 125, 0, 1, 'amd-fd8320frhkbox', 0, NULL),
(10, 1, 'Core i5', 'Core i5-4460', 'BX80646I54460', 'Haswell', 4, 4, 3.20, 3.40, '4 x 64KB', '4 x 256KB', '6MB', 22, 'Intel HD Graphics 4600', 84, 0, 1, 'intel-bx80646i54460', 0, 32000),
(12, 1, 'Core i5', 'Core i5-4690', 'BX80646I54690', 'Haswell', 4, 4, 3.50, 3.90, '4 x 64KB', '4 x 256KB', '6MB', 22, 'Intel HD Graphics 4600', 84, 0, 1, 'intel-bx80646i54690', 0, 32000),
(13, 2, 'FX', 'FX-9590', 'FD9590FHHKWOF', 'Vishera', 8, 8, 4.70, NULL, NULL, '4 x 2MB', '8MB', 32, NULL, 127, 0, 0, 'amd-fd9590fhhkwof', 0, NULL),
(14, 2, 'A6', 'A6-7400K', 'AD740KYBJABOX', 'Kaveri', 2, 2, 3.50, NULL, NULL, '1MB', NULL, NULL, 'Radeon R5 series', 65, 0, 0, 'amd-ad740kybjabox', 0, NULL),
(15, 1, 'Core i7', 'Core i7-6700K', 'BX80662I76700K', 'Skylake', 4, 8, 4.00, 4.20, '4 x 64KB', '4 x 256KB', '8MB', 14, 'Intel HD Graphics 530', 91, 1, 0, 'intel-bx80662i76700k', 0, 64000),
(16, 1, 'Core i5', 'Core i5-6600K', 'BX80662I56600K', 'Skylake', 4, 4, 3.50, 3.90, '4 x 64KB', '4 x 256KB', '6MB', 14, 'Intel HD Graphics 530', 91, 0, 0, 'intel-bx80662i56600k', 0, 64000),
(17, 1, 'Core i5', 'Core i5-6500', 'BX80662I56500', 'Skylake', 4, 4, 3.20, 3.60, '4 x 64KB', '4 x 256KB', '6MB', 14, 'Intel HD Graphics 530', 65, 0, 0, 'intel-bx80662i56500', 0, 64000),
(18, 1, 'Core i7', 'Core i7-6700', 'BX80662I76700', 'Skylake', 4, 8, 3.40, 4.00, '4 x 64KB', '4 x 256KB', '8MB', 14, 'Intel HD Graphics 530', 65, 1, 1, 'intel-bx80662i76700', 0, 64000),
(19, 1, 'Core i3', 'Core i3-6100', 'BX80662I36100', 'Skylake', 2, 4, 3.70, NULL, '2 x 64KB', '2 x 256KB', '3MB', 14, 'Intel HD Graphics 530', 65, 1, 0, 'intel-bx80662i36100', 1, 64000),
(20, 1, 'Core i5', 'Core i5-6600', 'BX80662I56600', 'Skylake', 4, 4, 3.30, NULL, '4 x 64KB', '4 x 256KB', '6MB', 14, 'Intel HD Graphics 530', 65, 0, 1, 'intel-bx80662i56600', 0, 64000),
(21, 2, 'FX', 'FX-8300', 'FD8300WMHKBOX', 'Vishera', 8, 8, 3.30, 3.70, NULL, '8MB', '8MB', 32, NULL, 95, 0, 0, 'amd-fd8300wmhkbox', 0, NULL),
(22, 1, 'Core i5', 'Core i5-6400', 'BX80662I56400', 'Skylake', 4, 4, 2.70, 3.30, '4 x 64KB', '4 x 256KB', '6MB', 14, 'Intel HD Graphics 530', 65, 0, 0, 'intel-bx80662i56400', 0, 64000),
(23, 2, 'FX', 'FX-4350', 'FD4350FRHKBOX', 'Vishera', 4, 4, 4.20, NULL, NULL, '2 x 2MB', '8MB', 32, NULL, 125, 0, 0, 'amd-fd4350frhkbox', 0, NULL),
(24, 2, 'A6', 'A6-5400K', 'AD540KOKHJBOX', 'Trinity', 2, 2, 3.60, 3.80, NULL, '1MB', NULL, 32, 'AMD Radeon HD 7540D', 65, 0, 1, 'amd-ad540kokhjbox', 0, NULL),
(25, 2, 'FX', 'FX-8370', 'FD8370FRHKHBX', 'Vishera', 8, 8, 4.00, NULL, NULL, '4 x 2MB', '8MB', 32, NULL, 125, 0, 0, 'amd-fd8370frhkhbx', 0, NULL),
(27, 2, 'A10', 'A10-7860K', 'AD786KYBJCSBX', 'Godavari', 4, 4, 3.60, 4.00, NULL, '2 x 2MB', NULL, 28, 'AMD Radeon R7', 65, 0, 0, 'amd-ad786kybjcsbx', 0, NULL),
(28, 2, 'Athlon X4', 'Athlon X4 860K', 'AD860KXBJABOX', 'Kaveri', 4, 4, 3.70, 4.00, NULL, '2 x 2MB', NULL, 28, NULL, 95, 0, 1, 'amd-ad860kxbjabox', 0, NULL),
(29, 2, 'A8', 'A8-7600', 'AD7600YBJABOX', 'Kaveri', 4, 4, 3.10, 3.80, NULL, '2 x 2MB', NULL, 28, 'AMD Radeon R7', 65, 0, 1, 'amd-ad7600ybjabox', 0, NULL),
(30, 1, 'Core i3', 'Core i3-4170', 'BX80646I34170', 'Haswell', 2, 4, 3.70, NULL, '2 x 64KB', '2 x 256KB', '3MB', 22, 'Intel HD Graphics 4400', 54, 1, 1, 'intel-bx80646i34170', 1, 32000),
(31, 2, 'A4', 'A4-7300', 'AD7300OKHLBOX', 'Richland', 2, 2, 3.80, 4.00, NULL, '1MB', NULL, 32, 'AMD Radeon HD 8470D', 65, 0, 0, 'amd-ad7300okhlbox', 0, NULL),
(32, 2, 'A10', 'A10-7870K', 'AD787KXDJCSBX', 'Godavari', 4, 4, 3.90, 4.10, NULL, '2 x 2MB', NULL, 28, 'AMD Radeon R7', 95, 0, 0, 'amd-ad787kxdjcsbx', 0, NULL),
(33, 2, 'A10', 'A10-7700K', 'AD770KXBJABOX', 'Kaveri', 4, 4, 3.40, 3.80, NULL, '2 x 2MB', NULL, 28, 'AMD Radeon R7', 95, 0, 0, 'amd-ad770kxbjabox', 0, NULL),
(34, 1, 'Pentium', 'Pentium G3460', 'BX80646G3460', 'Haswell', 2, 2, 3.50, NULL, '2 x 64KB', '2 x 256KB', '3MB', 22, 'Intel HD Graphics', 53, 0, 1, 'intel-bx80646g3460', 0, NULL),
(35, 1, 'Core i7', 'Core i7-4790S', 'BX80646I74790S', 'Haswell', 4, 8, 3.20, 4.00, '4 x 64KB', '4 x 256KB', '8MB', 22, 'Intel HD Graphics 4600', 65, 1, 1, 'intel-bx80646i74790s', 0, 32000),
(36, 1, 'Celeron', 'Intel Celeron G3900', 'BX80662G3900', 'Skylake', 2, 2, 2.80, NULL, '2 x 64KB', '2 x 256KB', '2MB', 14, 'Intel HD Graphics 510', 65, 0, 0, 'intel-bx80662g3900', 1, NULL),
(37, 1, 'Core i7', 'Core i7-4790', 'BX80646I74790', 'Haswell', 4, 8, 3.60, 4.00, '4 x 64KB', '4 x 256KB', '8MB', 22, 'Intel HD Graphics 4600', 84, 1, 1, 'intel-bx80646i74790', 0, 32000),
(38, 2, 'FX', 'FX-6350', 'FD6350FRHKBOX', 'Vishera', 6, 6, 3.90, 4.20, NULL, '3 x 2MB', '8MB', 32, NULL, 125, 0, 0, 'amd-fd6350frhkbox', 0, NULL),
(39, 1, 'Core i3', 'Core i3-6300', 'BX80662I36300', 'Skylake', 2, 4, 3.80, NULL, '2 x 64KB', '2 x 256KB', '4MB', 14, 'Intel HD Graphics 530', 65, 1, 0, 'intel-bx80662i36300', 1, 64000),
(40, 1, 'Pentium', 'Pentium G3240', 'BX80646G3240', 'Haswell', 2, 2, 3.10, NULL, '2 x 64KB', '2 x 256KB', '3MB', 22, 'Intel HD Graphics', 53, 0, 1, 'intel-bx80646g3240', 0, NULL),
(41, 1, 'Core i7', 'Core i7-4770', 'BX80646I74770', 'Haswell', 4, 8, 3.40, 3.90, '4 x 64KB', '4 x 256KB', '8MB', 22, 'Intel HD Graphics 4600', 84, 1, 1, 'intel-bx80646i74770', 0, 32000),
(42, 2, 'Athlon', 'Athlon 5350', 'AD5350JAHMBOX', 'Kabini', 4, 4, 2.05, NULL, NULL, '2MB', NULL, 28, 'AMD Radeon R3', 25, 0, 0, 'amd-ad5350jahmbox', 0, NULL),
(43, 1, 'Pentium', 'Pentium G4400', 'BX80662G4400', 'Skylake', 2, 2, 3.30, NULL, '2 x 64KB', '2 x 256KB', '3MB', 14, 'Intel HD Graphics 510', 65, 0, 0, 'intel-bx80662g4400', 1, NULL),
(44, 2, 'A10', 'A10-7870K', 'AD787KXDJCBOX', 'Godavari', 4, 4, 3.90, NULL, NULL, '2 x 2MB', NULL, 28, 'AMD Radeon R7', 95, 0, 0, 'amd-ad787kxdjcbox', 0, NULL),
(45, 2, 'Athlon X4', 'Athlon X4 860k', 'AD860KXBJASBX', 'Kaveri', 4, 4, 3.70, 4.00, NULL, '2 x 2MB', NULL, 28, NULL, 95, 0, 0, 'amd-ad860kxbjasbx', 0, NULL),
(46, 1, 'Core i7', 'Core i7-5775C', 'BX80658I75775C', 'Broadwell', 4, 8, 3.30, 3.70, '4 x 64KB', '4 x 256KB', '6MB', 14, 'Intel Iris Pro Graphics 6200', 65, 1, 1, 'intel-bx80658i75775c', 0, 32000),
(47, 2, 'FX', 'FX-9370', 'FD9370FHHKWOF', 'Vishera', 8, 8, 4.40, NULL, NULL, '4 x 2MB', '8MB', 32, NULL, 127, 0, 0, 'amd-fd9370fhhkwof', 0, NULL),
(48, 1, 'Core i3', 'Core i3-6320', 'BX80662I36320', 'Skylake', 2, 4, 3.90, NULL, '2 x 64KB', '2 x 256KB', '4MB', 14, 'Intel HD Graphics 530', 65, 1, 0, 'intel-bx80662i36320', 1, 64000),
(49, 2, 'Athlon X4', 'Athlon X4 880k', 'AD880KXBJCSBX', 'Godavari', 4, 4, 4.00, 4.20, NULL, '2 x 2MB', NULL, 28, NULL, 95, 0, 0, 'amd-ad880kxbjcsbx', 0, NULL),
(50, 2, 'Athlon X4', 'Athlon X4 845', 'AD845XACKASBX', 'Carrizo', 4, 4, 3.50, 3.80, NULL, '2 x 1MB', NULL, 28, NULL, 65, 0, 0, 'amd-ad845xackasbx', 0, NULL),
(51, 1, 'Core i5', 'Core i5-5675C', 'BX80658I55675C', 'Broadwell', 4, 4, 3.10, 3.60, '4 x 64KB', '4 x 256KB', NULL, 14, 'Intel Iris Pro Graphics 6200', 65, 0, 1, 'intel-bx80658i55675c', 0, 32000),
(52, 1, 'Core i5', 'Core i5-4570', 'BX80646I54570', 'Haswell', 4, 4, 3.20, 3.60, '4 x 64KB', '4 x 256KB', '6MB', 22, 'Intel HD Graphics 4600', 84, 0, 1, 'intel-bx80646i54570', 0, 32000),
(53, 1, 'Core i5', 'Core i5-4670', 'BX80646I54670', 'Haswell', 4, 4, 3.40, 3.80, '4 x 64KB', '4 x 256KB', '6MB', 22, 'Intel HD Graphics 4600', 84, 0, 1, 'intel-bx80646i54670', 0, 32000),
(54, 1, 'Core i3', 'Core i3-4130', 'BX80646I34130', 'Haswell', 2, 4, 3.40, NULL, '2 x 64KB', '2 x 256KB', '3MB', 22, 'Intel HD Graphics 4400', 54, 1, 1, 'intel-bx80646i34130', 0, 32000),
(55, 2, 'FX', 'FX-8320E', 'FD832EWMHKBOX', 'Vishera', 8, 8, 3.20, 4.00, NULL, '4 x 2MB', '8MB', 32, NULL, 95, 0, 1, 'amd-fd832ewmhkbox', 0, NULL),
(56, 1, 'Core i7', 'Core i7-4770S', 'BX80646I74770S', 'Haswell', 4, 8, 3.10, 3.90, '4 x 64KB', '4 x 256KB', '8MB', 22, 'Intel HD Graphics 4600', 65, 1, 1, 'intel-bx80646i74770s', 0, 32000),
(57, 1, 'Core i5', 'Core i5-4430', 'BX80646I54430', 'Haswell', 4, 4, 3.00, 3.20, '4 x 64KB', '4 x 256KB', '6MB', 22, 'Intel HD Graphics 4600', 84, 0, 1, 'intel-bx80646i54430', 0, 32000),
(58, 1, 'Core i5', 'Core i5-4440', 'BX80646I54440', 'Haswell', 4, 4, 3.10, 3.30, '4 x 64KB', '4 x 256KB', '6MB', 22, 'Intel HD Graphics 4600', 84, 0, 1, 'intel-bx80646i54440', 0, 32000),
(59, 2, 'Athlon X4', 'Athlon X4 870k', 'AD870KXBJCSBX', 'Godavari', 4, 4, 3.90, 4.10, NULL, '2 x 2MB', NULL, 28, NULL, 95, 0, 0, 'amd-ad870kxbjcsbx', 0, NULL),
(60, 2, 'A6', 'A6-6400K', 'AD640KOKHLBOX', 'Richland', 2, 2, 3.90, 4.10, NULL, '1MB', NULL, 32, 'AMD Radeon HD 8470D', 65, 0, 0, 'amd-ad640kokhlbox', 0, NULL),
(61, 1, 'Core i5', 'Core i5-4590S', 'BX80646I54590S', 'Haswell', 4, 4, 3.00, 3.70, '4 x 64KB', '4 x 256KB', '6MB', 22, 'Intel HD Graphics 4600', 65, 0, 1, 'intel-bx80646i54590s', 0, 32000),
(62, 1, 'Celeron', 'Celeron G1840', 'BX80646G1840', 'Haswell', 2, 2, 2.80, NULL, '2 x 64KB', '2 x 256KB', '2MB', 22, 'Intel HD Graphics', 53, 0, 1, 'intel-bx80646g1840', 1, NULL),
(63, 1, 'Pentium', 'Pentium G3220', 'BX80646G3220', 'Haswell', 2, 2, 3.00, NULL, '2 x 64KB', '2 x 256KB', '3MB', 22, 'Intel HD Graphics', 54, 0, 0, 'intel-bx80646g3220', 0, NULL),
(64, 1, 'Pentium', 'G3260', 'BX80646G3260', 'Haswell', 2, 2, 3.30, NULL, '2 x 64KB', '2 x 256KB', '3MB', 22, 'intel hd graphics', 53, 0, 1, 'intel-bx80646g3260', 0, NULL),
(65, 2, 'A4', 'A4-6300', 'AD6300OKHLBOX', 'Richland', 2, NULL, 3.70, NULL, NULL, '1MB', NULL, 32, 'AMD Radeon HD 8370D', 65, 0, 1, 'amd-ad6300okhlbox', 0, NULL),
(66, 1, 'Core i3', 'Core i3-4370', 'BX80646I34370', 'Haswell', 2, 4, 3.80, NULL, '2 x 64KB', '2 x 256KB', '4MB', 22, 'Intel HD Graphics 4600', 54, 1, 1, 'intel-bx80646i34370', 1, 32000),
(67, 1, 'Core i3', 'Core i3-3220', 'BX80637i33220', 'Ivy Bridge', 2, 4, 3.30, NULL, '2 x 64KB', '2 x 256KB', '3MB', 22, 'Intel HD Graphics 2500', 55, 1, 1, 'intel-bx80637i33220', 1, 32000),
(68, 1, 'Core i5', 'Core i5-2500', 'BX80623I52500', 'Sandy Bridge', 4, 4, 3.30, 3.70, '4 x 64KB', '4 x 256KB', '6MB', 32, 'Intel HD Graphics 2000', 95, 0, 1, 'intel-bx80623i52500', 0, NULL),
(69, 1, 'Pentium', 'Pentium G2020', 'BX80637G2020', 'Ivy Bridge', 2, 2, 2.90, NULL, '2 x 64KB', '2 x 256KB', '3MB', 22, 'Intel HD Graphics', 55, 0, 0, 'intel-bx80637g2020', 0, NULL),
(70, 2, 'Sempron', 'Sempron 3850', 'SD3850JAHMBOX', 'Kabini', 4, 4, 1.30, NULL, NULL, '2MB', NULL, 28, 'AMD Radeon HD 8280', 25, 0, 1, 'amd-sd3850jahmbox', 0, NULL),
(71, 2, 'Athlon', 'Athlon 5370', 'AD5370JAHMBOX', 'Kabini', 4, 4, 2.20, NULL, '4 x 64KB', '2MB', NULL, 28, 'AMD Radeon HD 8400', 25, 0, 0, 'amd-ad5370jahmbox', 0, NULL),
(72, 1, 'Core i3', 'Core i3-4150', 'BX80646I34150', 'Haswell', 2, 4, 3.50, NULL, '2 x 64KB', '2 x 256KB', '3MB', 22, 'Intel HD Graphics 4400', 54, 1, 1, 'intel-bx80646i34150', 1, 32000),
(73, 1, 'Pentium', 'Pentium G3450', 'BX80646G3450', 'Haswell', 2, 2, 3.40, NULL, '2 x 64KB', '2 x 256KB', '3MB', 22, 'Intel HD Graphics', 53, 0, 1, 'intel-bx80646g3450', 0, NULL),
(74, 1, 'Pentium', 'Pentium G3250', 'BX80646G3250', 'Haswell', 2, 2, 3.20, NULL, '2 x 64KB', '2 x 256KB', '3MB', 22, 'Intel HD Graphics', 53, 0, 1, 'intel-bx80646g3250', 0, NULL),
(75, 1, 'Core i5', 'Core i5-4440S', 'BX80646I54440S', 'Haswell', 4, 4, 2.80, 3.30, '4 x 64KB', '4 x 256KB', '6MB', 22, 'Intel HD Graphics 4600', 65, 0, 1, 'intel-bx80646i54440s', 0, 32000),
(76, 1, 'Pentium', 'G3470', 'BX80646G3470', 'Haswell', 2, 2, 3.60, NULL, '2 x 64KB', '2 x 256KB', NULL, NULL, NULL, 53, 0, 1, 'intel-bx80646g3470', 0, NULL),
(77, 1, 'Core i7', 'Core i7-6700', 'CM8066201920103', 'Skylake', 4, 8, 3.40, NULL, '4 x 64KB', '4 x 256KB', '8MB', 14, 'Intel HD Graphics 530', 65, 0, 0, 'intel-cm8066201920103', 0, 64000),
(78, 1, 'Core i5', 'Core i5-4690S', 'BX80646I54690S', 'Haswell', 4, 4, 3.20, 3.90, '4 x 64KB', '4 x 256KB', '6MB', 22, 'Intel HD Graphics 4600', 65, 0, 1, 'intel-bx80646i54690s', 0, 32000),
(79, 2, 'A8', 'A8-7670K', 'AD767KXBJCSBX', 'Godavari', 4, 4, 3.60, 3.90, NULL, '2 x 2MB', NULL, 28, 'AMD Radeon R7', 95, 0, 0, 'amd-ad767kxbjcsbx', 0, NULL),
(80, 1, 'Celeron', 'Intel Celeron G3920', 'BX80662G3920', 'Skylake', 2, 2, 2.90, NULL, '2 x 64KB', '2 x 256KB', '2MB', 14, 'Intel HD Graphics 510', 65, 0, 0, 'intel-bx80662g3920', 0, NULL),
(81, 1, 'Core i3', 'Core i3-4350', 'BX80646I34350', 'Haswell', 2, 4, 3.60, NULL, '2 x 64KB', '2 x 256KB', '4MB', 22, 'Intel HD Graphics 4600', 54, 1, 1, 'intel-bx80646i34350', 1, 32000),
(82, 1, 'Core i5', 'Core i5-4570T', 'BX80646I54570T', 'Haswell', 2, 4, 2.90, 3.60, '2 x 64KB', '2 x 256KB', '4MB', 22, 'Intel HD Graphics 4600', 35, 1, 1, 'intel-bx80646i54570t', 0, 32000),
(83, 1, 'Pentium', 'Pentium G4520', 'BX80662G4520', 'Skylake', 2, 2, 3.60, NULL, '2 x 64KB', '2 x 256KB', '3MB', 14, 'Intel HD Graphics 530', 65, 1, 0, 'intel-bx80662g4520', 1, NULL),
(84, 1, 'Celeron', 'Celeron G1850', 'BX80646G1850', 'Haswell', 2, 2, 2.90, NULL, '2 x 64KB', '2 x 256KB', '2MB', 22, 'Intel HD Graphics', 53, 0, 1, 'intel-bx80646g1850', 0, NULL),
(85, 2, 'Athlon X2', 'Athlon X2 370K', 'AD370KOKHLBOX', 'Richland', 2, 2, 4.00, 4.20, NULL, '1MB', NULL, 32, NULL, 65, 0, 1, 'amd-ad370kokhlbox', 0, NULL),
(86, 1, 'Pentium', 'Pentium G3440', 'BX80646G3440', 'Haswell', 2, 2, 3.30, NULL, '2 x 64KB', '2 x 256KB', '3MB', 22, 'Intel HD Graphics', 53, 0, 1, 'intel-bx80646g3440', 0, NULL),
(87, 2, 'A8', 'A8-7650K', 'AD765KXBJASBX', 'Kaveri', 4, 4, 3.30, 3.80, NULL, '2 x 2MB', NULL, 28, 'AMD Radeon R7', 95, 0, 0, 'amd-ad765kxbjasbx', 0, NULL),
(88, 1, 'Core i7', 'Core i7-4771', 'BX80646I74771', 'Haswell', 4, 8, 3.50, 3.90, '4 x 64KB', '4 x 256KB', '8MB', 22, 'Intel HD Graphics 4600', 84, 1, 1, 'intel-bx80646i74771', 0, 32000),
(89, 1, 'Celeron', 'Celeron G1820', 'BX80646G1820', 'Haswell', 2, 2, 2.70, NULL, '2 x 64KB', '2 x 256KB', '2MB', 22, 'Intel HD Graphics', 53, 0, 0, 'intel-bx80646g1820', 0, NULL),
(90, 1, 'Core i3', 'Core i3-4360', 'BX80646I34360', 'Haswell', 2, 4, 3.70, NULL, '2 x 64KB', '2 x 256KB', '4MB', 22, 'Intel HD Graphics 4600', 54, 1, 1, 'intel-bx80646i34360', 1, 32000),
(91, 1, 'Celeron', 'Celeron G1830', 'BX80646G1830', 'Haswell', 2, 2, 2.80, NULL, '2 x 64KB', '2 x 256KB', '2MB', 22, 'Intel HD Graphics', 54, 0, 1, 'intel-bx80646g1830', 0, NULL),
(92, 2, 'A8', 'A8-7670K', 'AD767KXBJCBOX', 'Godavari', 4, 4, 3.60, 3.90, NULL, '2 x 2MB', NULL, 28, 'AMD Radeon R7', 95, 0, 1, 'amd-ad767kxbjcbox', 0, NULL),
(93, 2, 'A10', 'A10-6790K', 'AD679KWOHLBOX', 'Richland', 4, 4, 4.00, 4.30, NULL, '2 x 2MB', NULL, 32, 'AMD Radeon HD 8670D', 100, 0, 0, 'amd-ad679kwohlbox', 0, NULL),
(94, 1, 'Core i5', 'Core i5-4670K', 'BX80646I54670K', 'Haswell', 4, 4, 3.40, 3.80, '4 x 64KB', '4 x 256KB', '6MB', 22, 'Intel HD Graphics 4600', 84, 0, 1, 'intel-bx80646i54670k', 0, 32000),
(95, 1, 'Core i5', 'Core i5-4570S', 'BX80646I54570S', 'Haswell', 4, 4, 2.90, 3.60, '4 x 64KB', '4 x 256KB', '6MB', 22, 'Intel HD Graphics 4600', 65, 0, 1, 'intel-bx80646i54570s', 0, 32000),
(96, 1, 'Core i5', 'Core i5-2400', 'BX80623I52400', 'Sandy Bridge', 4, 4, 3.10, 3.40, '4 x 64KB', '4 x 256KB', '6MB', 32, 'Intel HD Graphics 2000', 95, 0, 1, 'intel-bx80623i52400', 0, NULL),
(97, 1, 'Pentium', 'Pentium G4500', 'BX80662G4500', 'Skylake', 2, 2, 3.50, NULL, '2 x 64KB', '2 x 256KB', '3MB', 14, 'Intel HD Graphics 530', 65, 0, 0, 'intel-bx80662g4500', 1, NULL),
(98, 2, 'A10', 'A10-7850K', 'AD785KXBJABOX', 'Kaveri', 4, 4, 3.70, 4.00, NULL, '2 x 2MB', NULL, 28, 'AMD Radeon R7', 95, 0, 0, 'amd-ad785kxbjabox', 0, NULL),
(99, 1, 'Core i7', 'Core i7-4820K', 'BX80633i74820K', 'Ivy Bridge-E', 4, 8, 3.70, 3.90, '4 x 64KB', '4 x 256KB', '10MB', 22, 'Intel HD Graphics 4600', 127, 1, 1, 'intel-bx80633i74820k', 0, 32000),
(100, 1, 'Core i5', 'Core i5-6600K', 'CM8066201920300', 'Skylake', 4, 4, 3.50, NULL, '4 x 64KB', '4 x 256KB', '6MB', 14, 'Intel HD Graphics 530', 95, 0, 0, 'intel-cm8066201920300', 0, 64000),
(101, 1, 'Core i3', 'Core i3-4340', 'BX80646I34340', 'Haswell', 2, 4, 3.60, NULL, '2 x 64KB', '2 x 256KB', '4MB', 22, 'Intel HD Graphics 4600', 54, 1, 1, 'intel-bx80646i34340', 1, 32000),
(102, 2, 'A10', 'A10-7890K', 'AD789KXDJCHBX', 'Godavari', 4, 4, 4.10, 4.30, NULL, '4MB', NULL, 28, 'AMD Radeon R7', 95, 0, 0, 'amd-ad789kxdjchbx', 0, NULL),
(103, 2, 'Athlon', 'Athlon 5150', 'AD5150JAHMBOX', 'Kabini', 4, 4, 1.60, NULL, NULL, '2MB', NULL, 28, 'AMD Radeon HD 8400', 25, 0, 0, 'amd-ad5150jahmbox', 0, NULL),
(104, 2, 'A10', 'A10-5800K', 'AD580KWOA44HJ', 'Trinity', 4, 4, 3.80, 4.20, NULL, '2 x 2MB', NULL, 32, 'AMD Radeon HD 7660D', 100, 0, 0, 'amd-ad580kwoa44hj', 0, NULL),
(105, 1, 'Core 2 Duo', 'E8500', 'AT80570PJ0876M', 'Wolfdale', 2, 2, 3.17, NULL, '2 x 64KB', '2 x 256KB', NULL, 45, NULL, 65, 0, 0, 'intel-at80570pj0876m', 0, NULL),
(106, 1, 'Core i5', 'Core i5-2500', 'CM8062300834203', 'Sandy Bridge', 4, 4, 3.30, NULL, '4 x 64KB', '4 x 256KB', '6MB', 32, 'Intel HD Graphics 2000', 95, 0, 0, 'intel-cm8062300834203', 0, NULL),
(107, 1, 'Pentium', 'Pentium D 820', 'HH80551PG0722MN', 'Smithfield', 2, 2, 2.80, NULL, '2 x 64KB', '2 x 256KB', NULL, 90, NULL, 95, 0, 0, 'intel-hh80551pg0722mn', 0, NULL),
(108, 2, 'Athlon II X2', 'Athlon II X2 245', 'ADX245OCK23GM', 'Regor', 2, 2, 2.90, NULL, '2 x 128KB', '2 x 1MB', NULL, 45, NULL, 65, 0, 0, 'amd-adx245ock23gm', 0, NULL),
(109, 1, 'Core 2 Quad', 'Core 2 Quad Q9300', 'EU80580PJ0606M', 'Yorkfield', 4, 4, 2.50, NULL, '4 x 64KB', '4 x 256KB', NULL, 45, NULL, 95, 0, 0, 'intel-eu80580pj0606m', 0, NULL),
(110, 1, 'Core i5', 'Core i5-2400', 'CM8062300834106', 'Sandy Bridge', 4, 4, 3.10, 3.40, '4 x 64KB', '4 x 256KB', '6MB', 32, 'Intel HD Graphics 2000', 95, 0, 0, 'intel-cm8062300834106', 0, NULL),
(111, 1, 'Core 2 Duo', 'Core 2 Duo E7500', 'AT80571PH0773M', 'Wolfdale', 2, NULL, 2.93, NULL, '2 x 64KB', '2 x 256KB', NULL, 45, NULL, 65, 0, 0, 'intel-at80571ph0773m', 0, NULL),
(112, 1, 'Pentium', 'Pentium E6500', 'HH80557PG0251M', 'Allendale', 2, NULL, 2.93, NULL, '2 x 64KB', '2 x 256KB', NULL, 45, NULL, 65, 0, 0, 'intel-hh80557pg0251m', 0, NULL),
(113, 1, 'Pentium', 'Pentium G840', 'BX80623G840', 'Sandy Bridge', 2, 2, 2.80, NULL, '2 x 64KB', '2 x 256KB', '3MB', 32, 'Intel HD Graphics', 65, 0, 0, 'intel-bx80623g840', 0, NULL),
(114, 1, 'Core 2 Duo', 'Core 2 Duo E6300', 'AT80571AH0722ML', 'Wolfdale', 2, NULL, 1.86, NULL, '2 x 64KB', '2 x 256KB', NULL, 45, NULL, 65, 0, 0, 'intel-at80571ah0722ml', 0, NULL),
(115, 2, 'A10', 'A10-6800K', 'AD680KW0A44HL', 'Richland', 4, 4, 4.10, 4.40, NULL, '2 x 2MB', NULL, 32, 'AMD Radeon HD 8670D', 100, 0, 0, 'amd-ad680kw0a44hl', 0, NULL),
(116, 2, 'A4', 'A4-6300', 'AD6300OKA23HL', 'Richland', 2, 2, 3.70, 3.90, NULL, '1MB', NULL, 32, 'AMD Radeon HD 8370D', 65, 0, 0, 'amd-ad6300oka23hl', 0, NULL),
(117, 2, 'A6', 'A6-5400K', 'AD540KOKA23HJ', 'Trinity', 2, 2, 3.60, NULL, NULL, '1MB', NULL, 32, 'AMD Radeon HD 7540D', 65, 0, 0, 'amd-ad540koka23hj', 0, NULL),
(118, 1, 'Pentium', 'Pentium D 830', 'HH80551PG0802MN', 'Smithfield', 2, NULL, 3.00, NULL, '2 x 64KB', '2 x 256KB', NULL, 90, NULL, 127, 0, 0, 'intel-hh80551pg0802mn', 0, NULL),
(119, 2, 'FX', 'FX-4350', 'FD4350FRW4KHK', 'Vishera', 4, 4, 4.20, NULL, NULL, '2 x 2MB', '8MB', 32, NULL, 125, 0, 0, 'amd-fd4350frw4khk', 0, NULL),
(120, 2, 'FX', 'FX-4130', 'FD4130FRW4MGU', 'Zambezi', 4, 4, 3.80, 3.90, NULL, '2 x 2MB', '4MB', 32, NULL, 125, 0, 0, 'amd-fd4130frw4mgu', 0, NULL),
(121, 1, 'Core i3', 'Core i3-4330', 'BX80646I34330', 'Haswell', 2, 4, 3.50, NULL, '2 x 64KB', '2 x 256KB', '4MB', 22, 'Intel HD Graphics 4600', 54, 1, 1, 'intel-bx80646i34330', 1, 32000),
(122, 2, 'Sempron', 'Sempron 2650', 'SD2650JAHMBOX', 'Kabini', 2, 2, 1.40, NULL, NULL, '1MB', NULL, 28, 'AMD Radeon HD 8240', 25, 0, 1, 'amd-sd2650jahmbox', 0, NULL),
(123, 2, 'A4', 'A4-5300', 'AD5300OKHJBOX', 'Trinity', 2, 2, 3.40, 3.60, NULL, '1MB', NULL, 32, 'AMD Radeon HD 7480D', 65, 0, 1, 'amd-ad5300okhjbox', 0, NULL),
(124, 2, 'FX', 'FX-4300', 'FD4300WMHKBOX', 'Vishera', 4, 4, 3.80, 4.00, NULL, '2 x 2MB', '4MB', 32, NULL, 95, 0, 1, 'amd-fd4300wmhkbox', 0, NULL),
(125, 1, 'Pentium', 'Pentium G620', 'BX80623G620', 'Sandy Bridge', 2, 2, 2.60, NULL, '2 x 64KB', '2 x 256KB', '3MB', 32, 'Intel HD Graphics', 65, 0, 1, 'intel-bx80623g620', 0, NULL);

-- --------------------------------------------------------

--
-- Table structure for table `cpu_cooler`
--

CREATE TABLE `cpu_cooler` (
  `id` int(10) UNSIGNED NOT NULL,
  `manufacturer_id` int(5) NOT NULL,
  `part_number` varchar(100) COLLATE utf8_unicode_ci NOT NULL,
  `height` int(5) NOT NULL,
  `bearing` varchar(50) COLLATE utf8_unicode_ci DEFAULT NULL,
  `rpm_from` int(5) DEFAULT NULL,
  `rpm_to` int(5) DEFAULT NULL,
  `air_from` double(5,2) DEFAULT NULL,
  `air_to` double(5,2) DEFAULT NULL,
  `noise_from` double(5,2) DEFAULT NULL,
  `noise_to` double(5,2) DEFAULT NULL,
  `slug` varchar(255) COLLATE utf8_unicode_ci NOT NULL,
  `thermal_power` int(5) NOT NULL,
  `3pin` int(5) NOT NULL,
  `4pin` int(5) NOT NULL
) ENGINE=InnoDB DEFAULT CHARSET=utf8 COLLATE=utf8_unicode_ci;

--
-- Dumping data for table `cpu_cooler`
--

INSERT INTO `cpu_cooler` (`id`, `manufacturer_id`, `part_number`, `height`, `bearing`, `rpm_from`, `rpm_to`, `air_from`, `air_to`, `noise_from`, `noise_to`, `slug`, `thermal_power`, `3pin`, `4pin`) VALUES
(1, 15, 'RR-212E-20PK-R2', 120, 'Sleeve', 600, 2000, 24.90, 82.90, 9.00, 36.00, 'cooler-master-rr-212e-20pk-r2', 286, 0, 1),
(2, 15, 'RR-B10-212P-G1', 120, 'Sleeve', 600, 2000, 21.20, 76.80, 13.00, 32.00, 'cooler-master-rr-b10-212p-g1', 122, 1, 0),
(3, 16, 'ETS-T40F-W', 120, 'Twister', 800, 2200, 37.57, 71.30, 10.00, 17.00, 'enermax-ets-t40f-w', 254, 0, 1),
(4, 15, 'RR-910-HTX3-G1', 92, 'Sleeve', 800, 2800, 15.70, 54.80, 17.00, 35.00, 'cooler-master-rr-910-htx3-g1', 205, 0, 1),
(5, 16, 'ETS-T40F-BK', 120, 'Twister', 800, 1800, 33.26, 75.98, 16.00, 26.00, 'enermax-ets-t40f-bk', 164, 0, 1),
(6, 17, 'Freezer 7 Pro Rev.2', 92, 'Fluid Dynamic', 900, 2500, NULL, 45.00, NULL, 8.00, 'arctic-freezer-7-pro-rev2', 104, 0, 1),
(7, 18, 'CNPS9500A-LED', 92, 'Ball', 1350, 2600, NULL, NULL, 18.00, 27.50, 'zalman-cnps9500a-led', 129, 1, 0),
(8, 15, 'RR-T4-18PK-R1', 120, 'Rifle', 600, 1800, 24.00, 70.00, 15.10, 31.60, 'cooler-master-rr-t4-18pk-r1', 232, 0, 1),
(9, 16, 'ETS-T40F-TB', 120, 'Twister', 800, 1800, 37.57, 86.70, 10.00, 21.00, 'enermax-ets-t40f-tb', 276, 0, 1),
(10, 19, 'NH-D14', 140, 'SSO', 900, 1200, NULL, 64.96, NULL, 19.60, 'noctua-nh-d14', 185, 0, 1),
(11, 15, 'RR-HD92-28PK-R1', 92, 'Rifle', 800, 2800, 15.70, 54.80, 18.00, 33.00, 'cooler-master-rr-hd92-28pk-r1', 197, 1, 0),
(12, 18, 'CNPS9900MAX-B', 135, 'Ball', 900, 1500, NULL, NULL, 18.00, 27.00, 'zalman-cnps9900max-b', 130, 0, 1),
(13, 18, 'CNPS9900MAX-R', 135, 'Ball', 900, 1500, NULL, NULL, 18.00, 27.00, 'zalman-cnps9900max-r', 160, 1, 0),
(14, 15, 'RR-GMM4-16PK-R2', 120, 'Sleeve', 500, 1600, 17.40, 58.40, 8.00, 30.00, 'cooler-master-rr-gmm4-16pk-r2', 110, 0, 1),
(15, 22, 'PH-TC14PE_BK', 140, 'Sleeve', 700, 1200, 45.10, 78.10, 13.40, 19.00, 'phanteks-ph-tc14pe_bk', 170, 1, 0),
(16, 15, 'RR-G5V2-20PK-R1', 120, 'Fluid Dynamic', 800, 2000, NULL, 16.50, 6.50, 22.00, 'cooler-master-rr-g5v2-20pk-r1', 219, 0, 1),
(17, 15, 'RR-V8VC-16PR-R1', 140, 'Sleeve', 600, 1600, 28.00, 82.00, NULL, 36.00, 'cooler-master-rr-v8vc-16pr-r1', 289, 1, 0),
(18, 15, 'RR-HT2-28PK-R1', 92, 'Sleeve', 800, 2800, 15.70, 54.80, 17.00, 35.00, 'cooler-master-rr-ht2-28pk-r1', 286, 1, 0),
(19, 18, 'CNPS10X Extreme', 120, 'Ball', 1000, 2150, NULL, NULL, 20.00, 39.00, 'zalman-cnps10x-extreme', 265, 0, 1),
(20, 20, 'CL-P022-AL12RE-A', 120, 'Fluid Dynamic', 500, 1400, NULL, 53.00, NULL, 18.00, 'thermaltake-cl-p022-al12re-a', 168, 1, 0),
(21, 22, 'PH-TC14PE_BL', 140, 'Sleeve', 700, 1200, 45.10, 78.10, 13.40, 19.00, 'phanteks-ph-tc14pe_bl', 146, 0, 1),
(22, 20, 'CL-P022-AL12BU-A', 120, 'Fluid Dynamic', 500, 1400, NULL, 53.00, NULL, 18.00, 'thermaltake-cl-p022-al12bu-a', 124, 0, 1),
(23, 16, 'ETS-T40F-RF', 140, 'Twister', 500, 1200, 24.83, 65.56, 10.00, 19.00, 'enermax-ets-t40f-rf', 285, 1, 0),
(24, 18, 'CNPS7000V(AL)-1-PWM', 92, 'Fluid Dynamic', 800, 2600, NULL, NULL, 20.00, 32.00, 'zalman-cnps7000val-1-pwm', 153, 0, 1),
(25, 15, 'P80', 80, 'Fluid Dynamic', 2500, 2999, NULL, NULL, 20.00, 25.00, 'cooler-master-p80', 209, 0, 1),
(26, 15, 'RR-212X-20PM-A1', 120, 'Ball', 600, 2000, 24.90, 82.90, 9.00, 36.00, 'cooler-master-rr-212x-20pm-a1', 288, 0, 1),
(27, 18, 'CNPS5X Performa', 92, 'Fluid Dynamic', 1400, 2800, NULL, NULL, 20.00, 32.00, 'zalman-cnps5x-performa', 113, 1, 0),
(28, 27, 'DK-03', 120, 'Fluid Dynamic', NULL, 1600, NULL, 58.40, NULL, 26.40, 'id-cooling-dk-03', 202, 1, 0),
(29, 15, 'RR-H6V2-13PK-R1', 120, 'Rifle', 800, 1300, 26.60, 44.20, 11.00, 20.00, 'cooler-master-rr-h6v2-13pk-r1', 173, 1, 0),
(30, 18, 'CNPS8000B', 92, 'Fluid Dynamic', 1400, 2800, NULL, NULL, 20.00, 32.00, 'zalman-cnps8000b', 157, 1, 0),
(31, 27, 'SE-203', 120, 'Fluid Dynamic', 800, 1800, NULL, 60.70, 16.20, 29.20, 'id-cooling-se-203', 165, 0, 1),
(32, 28, '0R100012', 140, 'Sleeve', NULL, 1600, 55.00, 60.00, 25.00, 30.00, 'raijintek-0r100012', 258, 0, 1),
(33, 27, 'SE-902V3', 92, 'Fluid Dynamic', NULL, 2200, NULL, 38.50, NULL, 23.80, 'id-cooling-se-902v3', 294, 1, 0),
(34, 27, 'IS-25i', 80, 'Ball', 800, 2700, NULL, 21.80, 14.00, 23.00, 'id-cooling-is-25i', 197, 1, 0),
(35, 27, 'SE-213i', 120, 'Fluid Dynamic', 800, 1600, NULL, 56.00, 16.00, 20.20, 'id-cooling-se-213i', 203, 1, 0),
(36, 26, 'CK-AM209', 80, 'Fluid Dynamic', 2500, 2999, 30.00, 35.00, 25.00, 30.00, 'deep-cool-ck-am209', 123, 1, 0),
(37, 15, 'Shark 300', 120, 'Rifle', NULL, 1800, NULL, 55.00, NULL, 28.00, 'cooler-master-shark-300', 107, 1, 0),
(38, 26, 'DARK-ICE 300', 120, 'Fluid Dynamic', 1600, 1999, 50.00, 55.00, 20.00, 25.00, 'deep-cool-dark-ice-300', 267, 0, 1),
(39, 15, 'P95', 87, 'Fluid Dynamic', NULL, 2200, NULL, 35.00, NULL, 20.30, 'cooler-master-p95', 115, 0, 1),
(40, 27, 'FI-VC', 92, 'Fluid Dynamic', 500, 1600, NULL, 38.95, NULL, 21.00, 'id-cooling-fi-vc', 273, 1, 0),
(41, 28, '0R100003', 90, 'Fluid Dynamic', NULL, 1600, 40.00, 45.00, 15.00, 20.00, 'raijintek-0r100003', 122, 1, 0),
(42, 15, 'Shark-100 Mini', 80, 'Rifle', NULL, 2200, NULL, 30.00, NULL, 22.30, 'cooler-master-shark-100-mini', 293, 0, 1),
(43, 27, 'SE-203K', 120, 'Fluid Dynamic', 800, 1800, NULL, 60.70, 16.20, 29.20, 'id-cooling-se-203k', 198, 1, 0),
(44, 28, '0P105245', 120, 'Sleeve', NULL, 1600, 60.00, 65.00, 25.00, 30.00, 'raijintek-0p105245', 211, 1, 0),
(45, 15, 'Shark 200', 90, 'Rifle', NULL, 220, NULL, 30.00, NULL, 24.90, 'cooler-master-shark-200', 163, 0, 1),
(46, 26, 'GAMMA HUNTER', 120, 'Fluid Dynamic', 1600, 1999, 50.00, 55.00, 20.00, 25.00, 'deep-cool-gamma-hunter', 281, 0, 1),
(47, 26, 'AM207', 80, 'Fluid Dynamic', NULL, 2500, NULL, 31.65, NULL, 26.00, 'deep-cool-am207', 215, 0, 1),
(48, 27, 'SE-214i', 120, 'Fluid Dynamic', 800, 1800, NULL, 60.70, 16.20, 29.20, 'id-cooling-se-214i', 135, 0, 1),
(49, 27, 'SE-913i', 92, 'Fluid Dynamic', 600, 2200, NULL, 38.50, 14.00, 23.80, 'id-cooling-se-913i', 132, 1, 0),
(50, 27, 'SE-214X', 120, 'Fluid Dynamic', 800, 1800, NULL, 60.70, 16.20, 29.20, 'id-cooling-se-214x', 152, 1, 0),
(51, 28, '0R100004', 140, 'Sleeve', NULL, 1600, 55.00, 60.00, 25.00, 30.00, 'raijintek-0r100004', 266, 1, 0),
(52, 27, 'SE-204', 120, 'Fluid Dynamic', 800, 1800, NULL, 60.70, 16.20, 29.20, 'id-cooling-se-204', 175, 0, 1),
(53, 28, '0R100010', 120, 'Sleeve', NULL, 1600, 60.00, 65.00, 20.00, 25.00, 'raijintek-0r100010', 177, 0, 1),
(54, 27, 'IS-50', 120, 'Fluid Dynamic', 600, 1600, NULL, 53.60, 13.80, 30.20, 'id-cooling-is-50', 261, 1, 0),
(55, 20, 'CL-P0466', 80, 'Sleeve', 1000, 1600, NULL, 86.50, 19.00, 28.00, 'thermaltake-cl-p0466', 275, 1, 0),
(56, 29, 'FAN7751U', 70, 'Ball', NULL, 4500, NULL, 30.79, NULL, 39.00, 'startech-fan7751u', 292, 1, 0),
(57, 23, 'A8', 75, 'Ball', NULL, 6000, 6.00, 17.70, 21.00, 55.00, 'dynatron-a8', 134, 0, 1),
(58, 15, 'RR-VTPS-28PK-R1', 92, 'Sleeve', 800, 2800, 15.70, 54.80, 17.00, 35.00, 'cooler-master-rr-vtps-28pk-r1', 295, 1, 0),
(59, 23, 'A13', 60, 'Ball', 1600, 8000, 8.85, 43.75, 16.90, 51.00, 'dynatron-a13', 175, 0, 1),
(60, 19, 'NH-L9a', 92, 'SSO', 600, 2500, NULL, 40.80, NULL, 23.60, 'noctua-nh-l9a', 292, 0, 1),
(61, 21, '5T568S1H3', 70, 'Sleeve', NULL, 4200, NULL, 33.80, NULL, 31.80, 'masscool-5t568s1h3', 232, 0, 1),
(62, 21, '5F9001B1H3', 80, 'Ball', NULL, 3200, NULL, 36.43, NULL, 32.00, 'masscool-5f9001b1h3', 186, 1, 0),
(63, 22, 'PH-TC14PE', 140, 'Sleeve', 700, 1200, 45.10, 78.10, 13.40, 19.00, 'phanteks-ph-tc14pe', 135, 1, 0),
(64, 22, 'PH-TC14PE_RD', 140, 'Sleeve', 700, 1200, 45.10, 78.10, 13.40, 19.00, 'phanteks-ph-tc14pe_rd', 218, 0, 1),
(65, 30, 'SCBSK-2100', 120, 'Sleeve', 500, 2000, 12.13, 45.47, 9.32, 33.67, 'scythe-scbsk-2100', 183, 1, 0),
(66, 23, 'A48G', 70, 'Ball', NULL, 7000, NULL, 12.83, NULL, 54.40, 'dynatron-a48g', 165, 1, 0),
(67, 21, '8WT15-38', 90, 'Ball', NULL, 2400, NULL, 42.00, NULL, 30.00, 'masscool-8wt15-38', 173, 1, 0),
(68, 18, 'CNPS9900ALED', 120, 'Ball', 800, 2000, NULL, NULL, 19.50, 38.00, 'zalman-cnps9900aled', 274, 0, 1),
(69, 23, 'A6', 77, 'Ball', NULL, 5500, 8.36, 53.90, 20.60, 51.40, 'dynatron-a6', 149, 0, 1),
(70, 24, 'ROCC-12001', 120, 'Sleeve', 500, 1500, NULL, 50.54, NULL, 24.60, 'rosewill-rocc-12001', 226, 1, 0),
(71, 23, 'A27G', 60, 'Ball', NULL, 7000, NULL, 35.30, NULL, 45.90, 'dynatron-a27g', 181, 0, 1),
(72, 20, 'CLP0556-B', 92, 'Sleeve', 1900, 2300, NULL, 39.70, NULL, 22.00, 'thermaltake-clp0556-b', 127, 0, 1),
(73, 20, 'CL-P0503', 80, 'Rifle', NULL, 2900, NULL, 18.58, NULL, 29.58, 'thermaltake-cl-p0503', 193, 0, 1),
(74, 18, 'CNPS10X Performa', 120, 'Ball', 900, 2000, NULL, NULL, 17.00, 24.00, 'zalman-cnps10x-performa', 285, 0, 1),
(75, 15, 'Blizzard T4', 120, 'Rifle', 600, 1800, 34.20, 77.70, 15.10, 31.60, 'cooler-master-blizzard-t4', 146, 0, 1),
(76, 15, 'Storm S200', 100, 'Sleeve', NULL, 1800, NULL, 48.00, NULL, 19.10, 'cooler-master-storm-s200', 177, 1, 0),
(77, 28, '0P105255', 120, 'Sleeve', NULL, 1600, 65.00, 70.00, 20.00, 25.00, 'raijintek-0p105255', 149, 1, 0),
(78, 27, 'SE-213', 120, 'Fluid Dynamic', 800, 1600, NULL, 56.00, 16.00, 20.20, 'id-cooling-se-213', 112, 0, 1),
(79, 26, 'Frozen-Ice Mini Dual Swords', 80, 'Fluid Dynamic', NULL, 2200, NULL, 50.26, NULL, 24.70, 'deep-cool-frozen-ice-mini-dual-swords', 212, 1, 0),
(80, 27, 'SE-802', 80, 'Fluid Dynamic', NULL, 2200, NULL, 28.70, NULL, 23.30, 'id-cooling-se-802', 228, 1, 0),
(81, 27, 'IS-25', 80, 'Ball', 800, 2700, NULL, 21.80, 14.00, 23.00, 'id-cooling-is-25', 203, 1, 0),
(82, 15, 'Blizzard T2', 92, 'Rifle', NULL, 2200, NULL, 43.00, NULL, 30.00, 'cooler-master-blizzard-t2', 231, 1, 0),
(83, 26, 'GAMMA WAVE', 120, 'Fluid Dynamic', 900, 600, NULL, 55.50, 17.00, 21.00, 'deep-cool-gamma-wave', 246, 1, 0),
(84, 26, 'ALTA200', 92, 'Fluid Dynamic', NULL, 2200, NULL, 42.35, NULL, 26.30, 'deep-cool-alta200', 236, 0, 1),
(85, 22, 'PH-TC14CS_BL', 140, 'Sleeve', 700, 1200, 45.10, 78.10, 13.40, 19.00, 'phanteks-ph-tc14cs_bl', 146, 0, 1),
(86, 31, 'TTC-NK35TZ/RPW/V5(KU)', 95, 'Z-AXIS', 900, 2600, 13.57, 39.19, 10.00, 27.00, 'evercool-ttc-nk35tzrpwv5ku', 121, 1, 0),
(87, 31, 'HPKC-10025EA', 100, 'Ever Lubricate', 800, 1800, NULL, NULL, NULL, 23.00, 'evercool-hpkc-10025ea', 268, 0, 1),
(88, 16, 'ETD-T60-TB', 120, 'Twister', 800, 1800, 37.57, 86.70, 10.00, 21.00, 'enermax-etd-t60-tb', 276, 0, 1),
(89, 33, 'CC-Siberian-01', 80, 'Fluid Dynamic', 900, 2200, 30.50, 51.85, 10.00, 22.50, 'gelid-cc-siberian-01', 277, 1, 0),
(90, 31, 'HPM-12025', 120, 'Ever Lubricate', 800, 2200, NULL, NULL, 15.00, 35.00, 'evercool-hpm-12025', 260, 0, 1),
(91, 23, 'A14', 80, 'Ball', 1000, 3800, 13.80, 65.40, 16.00, 43.40, 'dynatron-a14', 167, 1, 0),
(92, 15, 'MAZ-T8PN-418PR-R1', 140, 'DynaLoop', 600, 1800, 19.80, 66.00, 8.00, 24.00, 'cooler-master-maz-t8pn-418pr-r1', 154, 0, 1),
(93, 24, 'RCX-Z1', 92, 'Ball', 1700, 3100, 33.00, 57.20, 18.00, 33.40, 'rosewill-rcx-z1', 171, 0, 1),
(94, 15, 'RR-212X-20PM-R1', 120, 'Ball', 600, 2000, 24.90, 82.90, 9.00, 36.00, 'cooler-master-rr-212x-20pm-r1', 294, 0, 1),
(95, 15, 'RR-920-N520-GP', 92, 'Sleeve', NULL, NULL, NULL, 43.80, NULL, 19.00, 'cooler-master-rr-920-n520-gp', 257, 0, 1);

-- --------------------------------------------------------

--
-- Table structure for table `cpu_cooler_socket`
--

CREATE TABLE `cpu_cooler_socket` (
  `id` int(10) UNSIGNED NOT NULL,
  `cpu_cooler_id` int(5) NOT NULL,
  `name` varchar(50) COLLATE utf8_unicode_ci NOT NULL
) ENGINE=InnoDB DEFAULT CHARSET=utf8 COLLATE=utf8_unicode_ci;

--
-- Dumping data for table `cpu_cooler_socket`
--

INSERT INTO `cpu_cooler_socket` (`id`, `cpu_cooler_id`, `name`) VALUES
(1, 1, 'AM1'),
(2, 1, 'AM2'),
(3, 1, 'AM2+'),
(4, 1, 'AM3'),
(5, 1, 'AM3+'),
(6, 1, 'FM1'),
(7, 1, 'FM2'),
(8, 1, 'FM2+'),
(9, 2, 'AM2'),
(10, 2, 'AM2+'),
(11, 2, 'AM3'),
(12, 2, 'AM3+'),
(13, 2, 'FM1'),
(14, 2, 'FM2'),
(15, 3, 'AM2'),
(16, 3, 'AM2+'),
(17, 3, 'AM3'),
(18, 3, 'AM3+'),
(19, 3, 'FM1'),
(20, 3, 'FM2'),
(21, 3, 'FM2+'),
(22, 4, 'AM2'),
(23, 4, 'AM3'),
(24, 4, 'LGA1150'),
(25, 5, 'AM2'),
(26, 5, 'AM2+'),
(27, 5, 'AM3'),
(28, 5, 'AM3+'),
(29, 5, 'FM1'),
(30, 5, 'FM2'),
(31, 5, 'FM2+'),
(32, 6, 'AM2'),
(33, 6, 'AM2+'),
(34, 6, 'AM3'),
(35, 7, 'AM2'),
(36, 7, 'AM2+'),
(37, 7, 'AM3'),
(38, 8, 'AM2'),
(39, 8, 'AM3'),
(40, 8, 'AM3+'),
(41, 8, 'FM1'),
(42, 9, 'AM2'),
(43, 9, 'AM2+'),
(44, 9, 'AM3'),
(45, 9, 'AM3+'),
(46, 9, 'FM1'),
(47, 9, 'FM2'),
(48, 9, 'FM2+'),
(49, 10, 'AM2'),
(50, 10, 'AM2+'),
(51, 10, 'AM3'),
(52, 10, 'AM3+'),
(53, 10, 'LGA1366'),
(54, 11, 'AM2'),
(55, 11, 'AM2+'),
(56, 11, 'AM3'),
(57, 11, 'AM3+'),
(58, 11, 'FM1'),
(59, 11, 'FM2'),
(60, 11, 'FM2+'),
(61, 12, 'AM2'),
(62, 12, 'AM2+'),
(63, 12, 'AM3'),
(64, 12, 'FM2'),
(65, 12, 'LGA1155'),
(66, 12, 'LGA2011'),
(67, 13, 'AM2'),
(68, 13, 'AM2+'),
(69, 13, 'AM3'),
(70, 13, 'LGA1155'),
(71, 13, 'LGA2011'),
(72, 14, 'AM3'),
(73, 14, 'AM3+'),
(74, 14, 'FM1'),
(75, 14, 'FM2'),
(76, 15, 'AM2'),
(77, 15, 'AM2+'),
(78, 15, 'AM3'),
(79, 15, 'AM3+'),
(80, 15, 'FM1'),
(81, 15, 'LGA775'),
(82, 16, 'AM2'),
(83, 16, 'AM2+'),
(84, 16, 'AM3'),
(85, 16, 'AM3+'),
(86, 16, 'FM1'),
(87, 16, 'FM2'),
(88, 16, 'FM2+'),
(89, 17, 'AM2'),
(90, 17, 'AM2+'),
(91, 17, 'AM3'),
(92, 17, 'AM3+'),
(93, 17, 'FM1'),
(94, 17, 'FM2'),
(95, 18, 'AM2'),
(96, 18, 'AM3'),
(97, 18, 'AM3+'),
(98, 18, 'FM1'),
(99, 18, 'FM2'),
(100, 18, 'FM2+'),
(101, 19, 'AM2'),
(102, 19, 'AM2+'),
(103, 19, 'AM3'),
(104, 20, 'AM2'),
(105, 20, 'AM2+'),
(106, 20, 'AM3'),
(107, 20, 'AM3+'),
(108, 20, 'FM1'),
(109, 20, 'FM2'),
(110, 21, 'AM2'),
(111, 21, 'AM2+'),
(112, 21, 'AM3'),
(113, 21, 'AM3+'),
(114, 21, 'FM1'),
(115, 21, 'LGA775'),
(116, 22, 'AM2'),
(117, 22, 'AM2+'),
(118, 22, 'AM3'),
(119, 22, 'AM3+'),
(120, 22, 'FM1'),
(121, 22, 'FM2'),
(122, 23, 'AM2'),
(123, 23, 'AM2+'),
(124, 23, 'AM3'),
(125, 23, 'AM3+'),
(126, 23, 'FM1'),
(127, 23, 'FM2'),
(128, 23, 'FM2+'),
(129, 24, 'AM2'),
(130, 24, 'AM2+'),
(131, 24, 'AM3'),
(132, 25, 'AM2'),
(133, 25, 'AM2+'),
(134, 25, 'AM3'),
(135, 25, 'AM3+'),
(136, 25, 'FM1'),
(137, 26, 'AM2'),
(138, 26, 'AM2+'),
(139, 26, 'AM3'),
(140, 26, 'AM3+'),
(141, 26, 'FM1'),
(142, 26, 'FM2'),
(143, 26, 'FM2+'),
(144, 27, 'AM2'),
(145, 27, 'AM2+'),
(146, 27, 'AM3'),
(147, 27, 'AM3+'),
(148, 27, 'FM1'),
(149, 28, 'AM2'),
(150, 28, 'AM2+'),
(151, 28, 'AM3'),
(152, 28, 'AM3+'),
(153, 28, 'FM1'),
(154, 28, 'FM2'),
(155, 28, 'FM2+'),
(156, 28, 'LGA1150'),
(157, 29, 'AM2'),
(158, 29, 'AM2+'),
(159, 29, 'AM3'),
(160, 29, 'AM3+'),
(161, 29, 'FM1'),
(162, 29, 'FM2'),
(163, 29, 'FM2+'),
(164, 30, 'AM2'),
(165, 30, 'AM2+'),
(166, 30, 'AM3'),
(167, 30, 'AM3+'),
(168, 30, 'FM1'),
(169, 31, 'AM3'),
(170, 31, 'AM3+'),
(171, 31, 'FM1'),
(172, 31, 'FM2'),
(173, 31, 'FM2+'),
(174, 31, 'LGA2011'),
(175, 32, 'AM2'),
(176, 32, 'AM3'),
(177, 32, 'FM1'),
(178, 32, 'FM2'),
(179, 33, 'AM2'),
(180, 33, 'AM2+'),
(181, 33, 'AM3'),
(182, 33, 'AM3+'),
(183, 33, 'FM1'),
(184, 33, 'FM2'),
(185, 33, 'FM2+'),
(186, 33, 'LGA1150'),
(187, 34, 'LGA1150'),
(188, 35, 'LGA1150'),
(189, 36, 'AM2'),
(190, 36, 'AM2+'),
(191, 36, 'AM3'),
(192, 37, 'AM2'),
(193, 37, 'AM2+'),
(194, 37, 'AM3'),
(195, 37, 'AM3+'),
(196, 37, 'FM1'),
(197, 37, 'FM2'),
(198, 38, 'AM2'),
(199, 38, 'AM2+'),
(200, 38, 'AM3'),
(201, 38, 'AM3+'),
(202, 38, 'FM1'),
(203, 38, 'FM2'),
(204, 38, 'LGA1150'),
(205, 38, 'LGA1155'),
(206, 38, 'LGA1156'),
(207, 38, 'LGA775'),
(208, 39, 'AM2'),
(209, 39, 'AM2+'),
(210, 39, 'AM3'),
(211, 39, 'AM3+'),
(212, 40, 'LGA2011'),
(213, 41, 'AM2'),
(214, 41, 'AM3'),
(215, 41, 'FM1'),
(216, 41, 'FM2'),
(217, 42, 'LGA1150'),
(218, 42, 'LGA1155'),
(219, 42, 'LGA1156'),
(220, 42, 'LGA775'),
(221, 43, 'AM2'),
(222, 43, 'AM2+'),
(223, 43, 'AM3'),
(224, 43, 'AM3+'),
(225, 43, 'FM1'),
(226, 43, 'FM2'),
(227, 43, 'FM2+'),
(228, 43, 'LGA2011'),
(229, 44, 'AM2'),
(230, 44, 'AM3'),
(231, 44, 'FM1'),
(232, 44, 'FM2'),
(233, 45, 'AM2'),
(234, 45, 'AM3'),
(235, 45, 'FM1'),
(236, 45, 'FM2'),
(237, 46, 'AM2'),
(238, 46, 'AM2+'),
(239, 46, 'AM3'),
(240, 46, 'LGA1150'),
(241, 46, 'LGA1155'),
(242, 46, 'LGA1156'),
(243, 46, 'LGA775'),
(244, 47, 'AM2'),
(245, 47, 'AM2+'),
(246, 47, 'AM3'),
(247, 47, 'FM1'),
(248, 48, 'LGA1150'),
(249, 49, 'LGA1150'),
(250, 50, 'AM2'),
(251, 50, 'AM2+'),
(252, 50, 'AM3'),
(253, 50, 'AM3+'),
(254, 50, 'FM1'),
(255, 50, 'FM2'),
(256, 50, 'FM2+'),
(257, 50, 'LGA2011'),
(258, 51, 'AM2'),
(259, 51, 'AM3'),
(260, 51, 'FM1'),
(261, 51, 'FM2'),
(262, 52, 'AM3'),
(263, 52, 'AM3+'),
(264, 52, 'FM1'),
(265, 52, 'FM2'),
(266, 52, 'FM2+'),
(267, 52, 'LGA1150'),
(268, 53, 'AM2'),
(269, 53, 'AM3'),
(270, 53, 'FM1'),
(271, 53, 'FM2'),
(272, 54, 'AM3'),
(273, 54, 'AM3+'),
(274, 54, 'FM1'),
(275, 54, 'FM2'),
(276, 54, 'FM2+'),
(277, 54, 'LGA1150'),
(278, 55, 'AM2'),
(279, 55, 'AM2+'),
(280, 55, 'AM3'),
(281, 56, 'LGA775'),
(282, 57, 'G34'),
(283, 58, 'AM2'),
(284, 58, 'AM3'),
(285, 58, 'LGA1366'),
(286, 59, 'G34'),
(287, 60, 'AM2'),
(288, 60, 'AM2+'),
(289, 60, 'AM3'),
(290, 60, 'AM3+'),
(291, 60, 'FM1'),
(292, 60, 'FM2'),
(293, 61, 'AM2'),
(294, 62, 'AM2'),
(295, 63, 'AM2'),
(296, 63, 'AM2+'),
(297, 63, 'AM3'),
(298, 63, 'AM3+'),
(299, 63, 'FM1'),
(300, 63, 'LGA775'),
(301, 64, 'AM2'),
(302, 64, 'AM2+'),
(303, 64, 'AM3'),
(304, 64, 'AM3+'),
(305, 64, 'FM1'),
(306, 64, 'LGA775'),
(307, 65, 'AM2'),
(308, 65, 'AM2+'),
(309, 65, 'AM3'),
(310, 65, 'AM3+'),
(311, 65, 'FM1'),
(312, 65, 'LGA1155'),
(313, 65, 'LGA1156'),
(314, 65, 'LGA1366'),
(315, 65, 'LGA2011'),
(316, 65, 'LGA775'),
(317, 66, 'AM2'),
(318, 67, 'LGA775'),
(319, 68, 'AM2'),
(320, 68, 'AM2+'),
(321, 68, 'AM3'),
(322, 68, 'AM3+'),
(323, 68, 'FM1'),
(324, 69, 'G34'),
(325, 70, 'AM2'),
(326, 70, 'AM2+'),
(327, 70, 'AM3'),
(328, 70, 'AM3+'),
(329, 70, 'FM1'),
(330, 71, 'AM2'),
(331, 72, 'LGA1156'),
(332, 73, 'AM2'),
(333, 73, 'AM2+'),
(334, 74, 'AM2'),
(335, 74, 'AM2+'),
(336, 74, 'AM3'),
(337, 75, 'AM2'),
(338, 75, 'AM3'),
(339, 75, 'FM1'),
(340, 76, 'AM2'),
(341, 76, 'AM3'),
(342, 76, 'LGA1156'),
(343, 77, 'AM2'),
(344, 77, 'AM3'),
(345, 77, 'FM1'),
(346, 77, 'FM2'),
(347, 78, 'AM2'),
(348, 78, 'AM2+'),
(349, 78, 'AM3'),
(350, 78, 'AM3+'),
(351, 78, 'FM1'),
(352, 78, 'FM2'),
(353, 78, 'FM2+'),
(354, 78, 'LGA1150'),
(355, 79, 'AM2'),
(356, 79, 'AM3'),
(357, 79, 'FM1'),
(358, 79, 'FM2'),
(359, 80, 'AM3'),
(360, 80, 'AM3+'),
(361, 80, 'FM1'),
(362, 80, 'FM2'),
(363, 80, 'FM2+'),
(364, 80, 'LGA1150'),
(365, 81, 'AM2'),
(366, 81, 'AM2+'),
(367, 81, 'AM3'),
(368, 81, 'AM3+'),
(369, 81, 'FM1'),
(370, 81, 'FM2'),
(371, 81, 'FM2+'),
(372, 81, 'LGA775'),
(373, 82, 'AM2'),
(374, 82, 'AM3'),
(375, 82, 'FM1'),
(376, 82, 'FM2'),
(377, 83, 'AM2'),
(378, 83, 'AM2+'),
(379, 83, 'AM3'),
(380, 83, 'LGA1155'),
(381, 83, 'LGA1156'),
(382, 83, 'LGA775'),
(383, 84, 'LGA1150'),
(384, 84, 'LGA1155'),
(385, 84, 'LGA1156'),
(386, 84, 'LGA775'),
(387, 85, 'AM2'),
(388, 85, 'AM2+'),
(389, 85, 'AM3'),
(390, 85, 'AM3+'),
(391, 85, 'FM1'),
(392, 86, 'AM2'),
(393, 86, 'AM2+'),
(394, 86, 'AM3'),
(395, 86, 'AM3+'),
(396, 86, 'FM1'),
(397, 86, 'FM2'),
(398, 87, 'AM2'),
(399, 88, 'AM2'),
(400, 88, 'AM2+'),
(401, 88, 'AM3'),
(402, 88, 'AM3+'),
(403, 89, 'AM2'),
(404, 89, 'AM2+'),
(405, 89, 'AM3'),
(406, 89, 'AM3+'),
(407, 89, 'FM1'),
(408, 90, 'AM2'),
(409, 90, 'LGA1150'),
(410, 91, 'G34'),
(411, 92, 'AM2'),
(412, 92, 'AM2+'),
(413, 92, 'AM3'),
(414, 92, 'AM3+'),
(415, 92, 'FM1'),
(416, 92, 'FM2'),
(417, 92, 'FM2+'),
(418, 93, 'AM2'),
(419, 93, 'AM2+'),
(420, 93, 'AM3'),
(421, 93, 'AM3+'),
(422, 94, 'AM2'),
(423, 94, 'AM2+'),
(424, 94, 'AM3'),
(425, 94, 'AM3+'),
(426, 94, 'FM1'),
(427, 94, 'FM2'),
(428, 94, 'FM2+'),
(429, 95, 'AM3'),
(430, 95, 'LGA1150'),
(431, 95, 'LGA1155'),
(432, 95, 'LGA1366'),
(433, 95, 'LGA775');

-- --------------------------------------------------------

--
-- Table structure for table `cpu_socket`
--

CREATE TABLE `cpu_socket` (
  `id` int(10) UNSIGNED NOT NULL,
  `cpu_id` int(5) NOT NULL,
  `name` varchar(50) COLLATE utf8_unicode_ci NOT NULL
) ENGINE=InnoDB DEFAULT CHARSET=utf8 COLLATE=utf8_unicode_ci;

--
-- Dumping data for table `cpu_socket`
--

INSERT INTO `cpu_socket` (`id`, `cpu_id`, `name`) VALUES
(1, 1, 'LGA1150'),
(2, 2, 'LGA1150'),
(3, 3, 'LGA2011-3'),
(4, 4, 'AM3+'),
(5, 5, 'AM3+'),
(6, 6, 'LGA1150'),
(7, 7, 'LGA1150'),
(8, 8, 'LGA1150'),
(9, 9, 'AM3+'),
(10, 10, 'LGA1150'),
(11, 11, 'LGA2011-3'),
(12, 12, 'LGA1150'),
(13, 13, 'AM3+'),
(14, 14, 'FM2+'),
(15, 15, 'LGA1151'),
(16, 16, 'LGA1151'),
(17, 17, 'LGA1151'),
(18, 18, 'LGA1151'),
(19, 19, 'LGA1151'),
(20, 20, 'LGA1151'),
(21, 21, 'AM3+'),
(22, 22, 'LGA1151'),
(23, 23, 'AM3+'),
(24, 24, 'FM2'),
(25, 25, 'AM3+'),
(26, 26, 'LGA2011-3'),
(27, 27, 'FM2+'),
(28, 28, 'FM2+'),
(29, 29, 'FM2+'),
(30, 30, 'LGA1150'),
(31, 31, 'FM2'),
(32, 32, 'FM2+'),
(33, 33, 'FM2+'),
(34, 34, 'LGA1150'),
(35, 35, 'LGA1150'),
(36, 36, 'LGA1151'),
(37, 37, 'LGA1150'),
(38, 38, 'AM3+'),
(39, 39, 'LGA1151'),
(40, 40, 'LGA1150'),
(41, 41, 'LGA1150'),
(42, 42, 'AM1'),
(43, 43, 'LGA1151'),
(44, 44, 'FM2+'),
(45, 45, 'FM2+'),
(46, 46, 'LGA1150'),
(47, 47, 'AM3+'),
(48, 48, 'LGA1151'),
(49, 49, 'FM2+'),
(50, 50, 'FM2+'),
(51, 51, 'LGA1150'),
(52, 52, 'LGA1150'),
(53, 53, 'LGA1150'),
(54, 54, 'LGA1150'),
(55, 55, 'AM3+'),
(56, 56, 'LGA1150'),
(57, 57, 'LGA1150'),
(58, 58, 'LGA1150'),
(59, 59, 'FM2+'),
(60, 60, 'FM2'),
(61, 61, 'LGA1150'),
(62, 62, 'LGA1150'),
(63, 63, 'LGA1150'),
(64, 64, 'LGA1150'),
(65, 65, 'FM2'),
(66, 66, 'LGA1150'),
(67, 67, 'LGA1155'),
(68, 68, 'LGA1155'),
(69, 69, 'LGA1155'),
(70, 70, 'AM1'),
(71, 71, 'AM1'),
(72, 72, 'LGA1150'),
(73, 73, 'LGA1150'),
(74, 74, 'LGA1150'),
(75, 75, 'LGA1150'),
(76, 76, 'LGA1150'),
(77, 77, 'LGA1151'),
(78, 78, 'LGA1150'),
(79, 79, 'FM2+'),
(80, 80, 'LGA1151'),
(81, 81, 'LGA1150'),
(82, 82, 'LGA1150'),
(83, 83, 'LGA1151'),
(84, 84, 'LGA1150'),
(85, 85, 'FM2'),
(86, 86, 'LGA1150'),
(87, 87, 'FM2+'),
(88, 88, 'LGA1150'),
(89, 89, 'LGA1150'),
(90, 90, 'LGA1150'),
(91, 91, 'LGA1150'),
(92, 92, 'FM2+'),
(93, 93, 'FM2'),
(94, 94, 'LGA1150'),
(95, 95, 'LGA1150'),
(96, 96, 'LGA1155'),
(97, 97, 'LGA1151'),
(98, 98, 'FM2+'),
(99, 99, 'LGA2011'),
(100, 100, 'LGA1151'),
(101, 101, 'LGA1150'),
(102, 102, 'FM2+'),
(103, 103, 'AM1'),
(104, 104, 'FM2'),
(105, 105, 'LGA775'),
(106, 106, 'LGA1155'),
(107, 107, 'LGA775'),
(108, 108, 'AM3'),
(109, 109, 'LGA775'),
(110, 110, 'LGA1155'),
(111, 111, 'LGA775'),
(112, 112, 'LGA775'),
(113, 113, 'LGA1155'),
(114, 114, 'LGA775'),
(115, 115, 'FM2'),
(116, 116, 'FM2'),
(117, 117, 'FM2'),
(118, 118, 'LGA775'),
(119, 119, 'AM3+'),
(120, 120, 'AM3+'),
(121, 121, 'LGA1150'),
(122, 122, 'AM1'),
(123, 123, 'FM2'),
(124, 124, 'AM3+'),
(125, 125, 'LGA1155'),
(126, 10, 'AM3+'),
(127, 10, 'BGA1023');

-- --------------------------------------------------------

--
-- Table structure for table `gpu`
--

CREATE TABLE `gpu` (
  `id` int(10) UNSIGNED NOT NULL,
  `manufacturer_id` int(5) NOT NULL,
  `part_number` varchar(100) COLLATE utf8_unicode_ci NOT NULL,
  `lenght` int(5) NOT NULL,
  `expansion_slot` int(5) NOT NULL,
  `slug` varchar(255) COLLATE utf8_unicode_ci NOT NULL,
  `chipset` varchar(50) COLLATE utf8_unicode_ci NOT NULL,
  `memory_capacity` int(5) NOT NULL,
  `data_rate` varchar(50) COLLATE utf8_unicode_ci NOT NULL,
  `frequency` double(5,2) DEFAULT NULL,
  `interface` varchar(50) COLLATE utf8_unicode_ci NOT NULL,
  `6pin` int(5) NOT NULL,
  `8pin` int(5) NOT NULL,
  `boost_clock` int(5) NOT NULL,
  `hdmi` int(5) NOT NULL,
  `displayport` int(5) NOT NULL,
  `dvi_port` int(5) NOT NULL,
  `sli_cross` tinyint(1) DEFAULT NULL,
  `card_count` int(5) DEFAULT NULL
) ENGINE=InnoDB DEFAULT CHARSET=utf8 COLLATE=utf8_unicode_ci;

--
-- Dumping data for table `gpu`
--

INSERT INTO `gpu` (`id`, `manufacturer_id`, `part_number`, `lenght`, `expansion_slot`, `slug`, `chipset`, `memory_capacity`, `data_rate`, `frequency`, `interface`, `6pin`, `8pin`, `boost_clock`, `hdmi`, `displayport`, `dvi_port`, `sli_cross`, `card_count`) VALUES
(1, 80, '06G-P4-4995-KR', 267, 2, 'evga-06g-p4-4995-kr', 'GeForce GTX 980 Ti', 6000, 'GDDR5', 999.99, 'PCI Express x16', 1, 1, 1190, 1, 3, 1, 0, 2),
(2, 80, '04G-P4-3969-KR', 257, 2, 'evga-04g-p4-3969-kr', 'GeForce GTX 960', 4000, 'GDDR5', 999.99, 'PCI Express x16', 0, 1, 1367, 1, 3, 1, 0, 2),
(3, 87, 'AXR9 380X 4GBD5-PPDHV2E', 0, 2, 'gpucolor-axr9-380x-4gbd5-ppdhv2e', 'Radeon R9 380X', 4000, 'GDDR5', 999.99, 'PCI Express x16', 2, 0, 0, 1, 1, 2, 1, 4),
(4, 87, 'AXR9 380 4GBD5-PPDHE', 207, 2, 'gpucolor-axr9-380-4gbd5-ppdhe', 'Radeon R9 380', 4000, 'GDDR5', 980.00, 'PCI Express x16', 2, 0, 0, 1, 1, 2, 1, 2),
(5, 87, 'AXR9 390X 8GBD5-ADHE', 0, 2, 'gpucolor-axr9-390x-8gbd5-adhe', 'Radeon R9 390X', 8000, 'GDDR5', 999.99, 'PCI Express x16', 1, 1, 0, 1, 1, 2, 1, 4),
(6, 81, 'R7-370P-4255', 234, 2, 'xfx-r7-370p-4255', 'Radeon R7 370', 4000, 'GDDR5', 995.00, 'PCI Express x16', 1, 0, 0, 1, 1, 2, 1, 4),
(7, 80, '04G-P4-2974-KR', 241, 2, 'evga-04g-p4-2974-kr', 'GeForce GTX 970', 4000, 'GDDR5', 999.99, 'PCI Express x16', 2, 0, 1317, 1, 1, 2, 0, 3),
(8, 82, 'GTX 970 GAMING 4G', 277, 2, 'msi-gtx-970-gaming-4g', 'GeForce GTX 970', 4000, 'GDDR5', 999.99, 'PCI Express x16', 1, 1, 1279, 1, 1, 2, 0, 2),
(9, 83, 'GV-N98TG1 GAMING-6GD', 295, 2, 'gigabyte-gv-n98tg1-gaming-6gd', 'GeForce GTX 980 Ti', 6000, 'GDDR5', 999.99, 'PCI Express x16', 0, 2, 1291, 1, 3, 2, 0, 4),
(10, 83, 'GV-N970G1 GAMING-4GD', 312, 2, 'gigabyte-gv-n970g1-gaming-4gd', 'GeForce GTX 970', 4000, 'GDDR5', 999.99, 'PCI Express x16', 1, 1, 1329, 1, 3, 2, 0, 4),
(11, 83, 'GV-N970WF3OC-4GD', 310, 2, 'gigabyte-gv-n970wf3oc-4gd', 'GeForce GTX 970', 4000, 'GDDR5', 999.99, 'PCI Express x16', 1, 1, 1278, 1, 3, 2, 0, 4),
(12, 82, 'GTX 980 GAMING 4G', 279, 2, 'msi-gtx-980-gaming-4g', 'GeForce GTX 980', 4000, 'GDDR5', 999.99, 'PCI Express x16', 0, 2, 1317, 1, 3, 1, 0, 2),
(13, 82, 'GTX 970 4GD5T OC', 279, 2, 'msi-gtx-970-4gd5t-oc', 'GeForce GTX 970', 4000, 'GDDR5', 999.99, 'PCI Express x16', 2, 0, 1241, 1, 1, 2, 0, 2),
(14, 80, '06G-P4-4997-KR', 279, 2, 'evga-06g-p4-4997-kr', 'GeForce GTX 980 Ti', 6000, 'GDDR5', 999.99, 'PCI Express x16', 0, 2, 1190, 1, 3, 1, 0, 4),
(15, 80, '04G-P4-2983-KR', 267, 2, 'evga-04g-p4-2983-kr', 'GeForce GTX 980', 4000, 'GDDR5', 999.99, 'PCI Express x16', 2, 0, 1367, 1, 3, 1, 0, 4),
(16, 81, 'R7-360P-2SF5', 234, 2, 'xfx-r7-360p-2sf5', 'Radeon R7 360', 2000, 'GDDR5', 999.99, 'PCI Express x16', 1, 0, 0, 1, 1, 2, 1, 4),
(17, 80, '04G-P4-3975-KR', 257, 2, 'evga-04g-p4-3975-kr', 'GeForce GTX 970', 4000, 'GDDR5', 999.99, 'PCI Express x16', 1, 1, 1342, 1, 3, 1, 0, 3),
(18, 80, '06G-P4-4996-KR', 267, 2, 'evga-06g-p4-4996-kr', 'GeForce GTX 980 Ti', 6000, 'GDDR5', 999.99, 'PCI Express x16', 0, 2, 1291, 1, 3, 1, 0, 4),
(19, 80, '04G-P4-2976-KR', 241, 2, 'evga-04g-p4-2976-kr', 'GeForce GTX 970', 4000, 'GDDR5', 999.99, 'PCI Express x16', 2, 0, 1178, 1, 1, 1, 0, 4),
(20, 80, '02G-P4-1958-KR', 173, 2, 'evga-02g-p4-1958-kr', 'GeForce GTX 950', 2000, 'GDDR5', 999.99, 'PCI Express x16', 1, 0, 1317, 1, 1, 1, 0, 4),
(21, 80, '04G-P4-3965-KR', 257, 2, 'evga-04g-p4-3965-kr', 'GeForce GTX 960', 4000, 'GDDR5', 999.99, 'PCI Express x16', 0, 0, 1178, 1, 3, 1, 0, 4),
(22, 81, 'R9-390P-8256', 295, 2, 'xfx-r9-390p-8256', 'Radeon R9 390', 8000, 'GDDR5', 999.99, 'PCI Express x16', 1, 1, 0, 1, 1, 2, 1, 2),
(23, 80, '02G-P4-2966-KR', 257, 2, 'evga-02g-p4-2966-kr', 'GeForce GTX 960', 2000, 'GDDR5', 999.99, 'PCI Express x16', 0, 1, 1342, 1, 3, 1, 0, 2),
(24, 60, 'STRIX-GTX970-DC2OC-4GD5', 279, 2, 'asus-strix-gtx970-dc2oc-4gd5', 'GeForce GTX 970', 4000, 'GDDR5', 999.99, 'PCI Express x16', 0, 1, 1253, 1, 1, 1, 0, 4),
(25, 87, 'AXR9 270 2GBD5-DHV2/OC', 0, 2, 'gpucolor-axr9-270-2gbd5-dhv2oc', 'Radeon R9 270', 2000, 'GDDR5', 930.00, 'PCI Express x16', 1, 0, 955, 1, 1, 1, 1, 4),
(26, 81, 'R9-390X-8256', 295, 2, 'xfx-r9-390x-8256', 'Radeon R9 390X', 8000, 'GDDR5', 999.99, 'PCI Express x16', 1, 1, 0, 1, 1, 2, 1, 2),
(27, 80, '02G-P4-2963-KR', 257, 2, 'evga-02g-p4-2963-kr', 'GeForce GTX 960', 2000, 'GDDR5', 999.99, 'PCI Express x16', 0, 0, 1178, 1, 3, 1, 0, 4),
(28, 82, 'R9 380 GAMING 4G', 268, 2, 'msi-r9-380-gaming-4g', 'Radeon R9 380', 4000, 'GDDR5', 999.99, 'PCI Express x16', 2, 0, 0, 1, 1, 1, 1, 3),
(29, 81, 'ON-XFX1-DLX2', 168, 1, 'xfx-on-xfx1-dlx2', 'Radeon HD 5450 A12', 2000, 'DDR3', 650.00, 'PCI Express x16', 0, 0, 0, 1, 0, 1, NULL, NULL),
(30, 45, 'VCGGTX750T2XPB', 183, 2, 'pny-vcggtx750t2xpb', 'GeForce GTX 750 Ti', 2000, 'GDDR5', 999.99, 'PCI Express x16', 0, 0, 1085, 1, 0, 2, NULL, NULL),
(31, 80, '04G-P4-3978-KR', 257, 2, 'evga-04g-p4-3978-kr', 'GeForce GTX 970', 4000, 'GDDR5', 999.99, 'PCI Express x16', 1, 1, 1367, 1, 3, 1, 0, 3),
(32, 80, '04G-P4-1962-KR', 173, 2, 'evga-04g-p4-1962-kr', 'GeForce GTX 960', 4000, 'GDDR5', 999.99, 'PCI Express x16', 1, 0, 1279, 1, 1, 2, 0, 2),
(33, 82, 'GTX 960 2GD5T OC', 273, 2, 'msi-gtx-960-2gd5t-oc', 'GeForce GTX 960', 2000, 'GDDR5', 999.99, 'PCI Express x16', 1, 0, 1241, 1, 3, 1, 0, 2),
(34, 80, '04G-P4-3988-KR', 279, 2, 'evga-04g-p4-3988-kr', 'GeForce GTX 980', 4000, 'GDDR5', 999.99, 'PCI Express x16', 0, 2, 1393, 1, 1, 2, 0, 4),
(35, 45, 'VCGGTX750T2XPB-OC', 183, 2, 'pny-vcggtx750t2xpb-oc', 'GeForce GTX 750 Ti', 2000, 'GDDR5', 999.99, 'PCI Express x16', 0, 0, 1281, 1, 0, 2, NULL, NULL),
(36, 82, 'GTX 980TI GAMING 6G', 269, 2, 'msi-gtx-980ti-gaming-6g', 'GeForce GTX 980 Ti', 6000, 'GDDR5', 999.99, 'PCI Express x16', 0, 2, 1279, 1, 3, 1, 0, 2),
(37, 60, 'STRIX-GTX950-DC2OC-2GD5-GAMING', 220, 2, 'asus-strix-gtx950-dc2oc-2gd5-gaming', 'GeForce GTX 950', 2000, 'GDDR5', 999.99, 'PCI Express x16', 1, 0, 1355, 1, 1, 1, 0, 4),
(38, 45, 'VCGGTX9604XPB', 241, 2, 'pny-vcggtx9604xpb', 'GeForce GTX 960', 4000, 'GDDR5', 999.99, 'PCI Express x16', 1, 0, 1203, 1, 3, 1, 0, 4),
(39, 87, 'AX5450 1GBK3-SHEV4', 168, 1, 'gpucolor-ax5450-1gbk3-shev4', 'Radeon HD 5450', 1000, 'DDR3', 650.00, 'PCI Express x16', 0, 0, 0, 1, 0, 1, 1, 4),
(40, 80, '02G-P4-1956-KR', 173, 2, 'evga-02g-p4-1956-kr', 'GeForce GTX 950', 2000, 'GDDR5', 999.99, 'PCI Express x16', 1, 0, 1317, 1, 1, 1, 0, 4),
(41, 81, 'R9-380P-2255', 234, 2, 'xfx-r9-380p-2255', 'Radeon R9 380', 2000, 'GDDR5', 990.00, 'PCI Express x16', 2, 0, 0, 1, 1, 2, 1, 2),
(42, 87, 'AX6950 1GBD5-2DHE', 275, 2, 'gpucolor-ax6950-1gbd5-2dhe', 'Radeon HD 6950', 1000, 'GDDR5', 800.00, 'PCI Express x16', 2, 0, 0, 1, 2, 1, 1, 3),
(43, 80, '02G-P4-2962-KR', 173, 2, 'evga-02g-p4-2962-kr', 'GeForce GTX 960', 2000, 'GDDR5', 999.99, 'PCI Express x16', 1, 0, 1279, 1, 1, 2, 0, 2),
(44, 81, 'R9-380X-4255', 234, 2, 'xfx-r9-380x-4255', 'Radeon R9 380X', 4000, 'GDDR5', 990.00, 'PCI Express x16', 2, 0, 0, 1, 1, 2, 1, 3),
(45, 45, 'VCG84DMS1D3SXPB-CG', 192, 1, 'pny-vcg84dms1d3sxpb-cg', 'GeForce 8400 GS', 1000, 'DDR3', 520.00, 'PCI Express x16', 0, 0, 0, 0, 0, 0, NULL, NULL),
(46, 80, '04G-P4-2978-KR', 241, 2, 'evga-04g-p4-2978-kr', 'GeForce GTX 970', 4000, 'GDDR5', 999.99, 'PCI Express x16', 2, 0, 1367, 1, 1, 2, 0, 3),
(47, 80, '06G-P4-3994-KR', 267, 2, 'evga-06g-p4-3994-kr', 'GeForce GTX 980 Ti', 6000, 'GDDR5', 999.99, 'PCI Express x16', 0, 0, 1076, 1, 3, 1, 0, 4),
(48, 80, '02G-P4-2957-KR', 257, 2, 'evga-02g-p4-2957-kr', 'GeForce GTX 950', 2000, 'GDDR5', 999.99, 'PCI Express x16', 0, 1, 1393, 1, 3, 1, 0, 2),
(49, 83, 'GV-N970TTOC-4GD', 266, 2, 'gigabyte-gv-n970ttoc-4gd', 'GeForce GTX 970', 4000, 'GDDR5', 999.99, 'PCI Express x16', 0, 1, 1241, 1, 3, 1, 0, 4),
(50, 80, '06G-P4-4998-KR', 279, 2, 'evga-06g-p4-4998-kr', 'GeForce GTX 980 Ti', 6000, 'GDDR5', 999.99, 'PCI Express x16', 0, 0, 1291, 1, 3, 1, 0, 4),
(51, 81, 'R7-370P-2255', 234, 2, 'xfx-r7-370p-2255', 'Radeon R7 370', 2000, 'GDDR5', 995.00, 'PCI Express x16', 2, 0, 0, 1, 1, 2, 1, 3),
(52, 80, '02G-P4-2958-KR', 257, 2, 'evga-02g-p4-2958-kr', 'GeForce GTX 950', 2000, 'GDDR5', 999.99, 'PCI Express x16', 0, 1, 1405, 1, 3, 1, 0, 2),
(53, 80, '02G-P4-2951-KR', 173, 2, 'evga-02g-p4-2951-kr', 'GeForce GTX 950', 2000, 'GDDR5', 999.99, 'PCI Express x16', 1, 0, 1342, 1, 3, 1, 0, 2),
(54, 45, 'VCGGTX9602XPB-XE-OC', 241, 2, 'pny-vcggtx9602xpb-xe-oc', 'GeForce GTX 960', 2000, 'GDDR5', 999.99, 'PCI Express x16', 1, 0, 1367, 1, 3, 1, 0, 4),
(55, 82, 'R7 370 2GD5T OC', 255, 2, 'msi-r7-370-2gd5t-oc', 'Radeon R7 370', 2000, 'GDDR5', 970.00, 'PCI Express x16', 1, 0, 1020, 1, 1, 1, 1, 3),
(56, 80, '01G-P3-1303-KR', 158, 1, 'evga-01g-p3-1303-kr', 'GeForce 8400 GS', 1000, 'DDR3', 520.00, 'PCI Express x16', 0, 0, 0, 1, 0, 1, NULL, NULL),
(57, 80, '06G-P4-4993-KR', 267, 2, 'evga-06g-p4-4993-kr', 'GeForce GTX 980 Ti', 6000, 'GDDR5', 999.99, 'PCI Express x16', 1, 1, 1190, 1, 3, 1, 0, 4),
(58, 80, '04G-P4-3967-KR', 257, 2, 'evga-04g-p4-3967-kr', 'GeForce GTX 960', 4000, 'GDDR5', 999.99, 'PCI Express x16', 0, 1, 1342, 1, 3, 1, 0, 2),
(59, 83, 'GV-N980WF3OC-4GD', 312, 2, 'gigabyte-gv-n980wf3oc-4gd', 'GeForce GTX 980', 4000, 'GDDR5', 999.99, 'PCI Express x16', 0, 2, 1304, 1, 3, 2, 0, 4),
(60, 82, 'GTX 950 GAMING 2G', 270, 2, 'msi-gtx-950-gaming-2g', 'GeForce GTX 950', 2000, 'GDDR5', 999.99, 'PCI Express x16', 1, 0, 1317, 1, 3, 1, 0, 2),
(61, 82, 'R7 250 2GD3 OC', 185, 2, 'msi-r7-250-2gd3-oc', 'Radeon R7 250', 2000, 'DDR3', 999.99, 'PCI Express x16', 0, 0, 1100, 1, 0, 1, 1, 3),
(62, 82, 'N610GT-MD2GD3/LP', 144, 1, 'msi-n610gt-md2gd3lp', 'GeForce GT 610', 2000, 'DDR3', 810.00, 'PCI Express x16', 0, 0, 0, 1, 0, 1, NULL, NULL),
(63, 81, 'R5-230A-CLH2', 174, 1, 'xfx-r5-230a-clh2', 'Radeon R5 230', 2000, 'DDR3', 625.00, 'PCI Express x16', 0, 0, 0, 1, 0, 1, NULL, NULL),
(64, 52, 'ZT-90308-10M', 206, 2, 'zotac-zt-90308-10m', 'GeForce GTX 960', 4000, 'GDDR5', 999.99, 'PCI Express x16', 0, 1, 1240, 1, 3, 1, 0, 2),
(65, 83, 'GV-N960OC-4GD', 177, 2, 'gigabyte-gv-n960oc-4gd', 'GeForce GTX 960', 4000, 'GDDR5', 999.99, 'PCI Express x16', 1, 0, 1279, 1, 1, 2, 0, 4),
(66, 80, '01G-P3-1313-KR', 158, 1, 'evga-01g-p3-1313-kr', 'GeForce 210', 1000, 'DDR3', 520.00, 'PCI Express x16', 0, 0, 0, 1, 0, 1, NULL, NULL),
(67, 81, 'R9-380P-4255', 234, 2, 'xfx-r9-380p-4255', 'Radeon R9 380', 4000, 'GDDR5', 990.00, 'PCI Express x16', 2, 0, 0, 1, 1, 2, 1, 4),
(68, 60, 'R7360-OC-2GD5-V2', 220, 2, 'asus-r7360-oc-2gd5-v2', 'Radeon R7 360', 2000, 'GDDR5', 999.99, 'PCI Express x16', 1, 0, 0, 1, 1, 1, 1, 2),
(69, 60, 'TURBO-GTX970-OC-4GD5', 264, 2, 'asus-turbo-gtx970-oc-4gd5', 'GeForce GTX 970', 4000, 'GDDR5', 999.99, 'PCI Express x16', 0, 1, 1228, 1, 1, 1, 0, 4),
(70, 52, 'ZT-70605-10M', 145, 2, 'zotac-zt-70605-10m', 'GeForce GTX 750 Ti', 2000, 'GDDR5', 999.99, 'PCI Express x16', 0, 0, 1111, 1, 1, 1, NULL, NULL),
(71, 60, 'STRIX-GTX980TI-DC3OC-6GD5-GAMING', 305, 2, 'asus-strix-gtx980ti-dc3oc-6gd5-gaming', 'GeForce GTX 980 Ti', 6000, 'GDDR5', NULL, 'PCI Express x16', 0, 2, 0, 1, 3, 1, 0, 4),
(72, 80, '02G-P4-1950-KR', 173, 2, 'evga-02g-p4-1950-kr', 'GeForce GTX 950', 2000, 'GDDR5', 999.99, 'PCI Express x16', 0, 0, 1190, 1, 3, 1, 0, 4),
(73, 80, '02G-P4-1954-KR', 173, 2, 'evga-02g-p4-1954-kr', 'GeForce GTX 950', 2000, 'GDDR5', 999.99, 'PCI Express x16', 1, 0, 1190, 1, 1, 2, 0, 4),
(74, 87, 'AXR9 390 8GBD5-PPDHE', 0, 3, 'gpucolor-axr9-390-8gbd5-ppdhe', 'Radeon R9 390', 8000, 'GDDR5', 999.99, 'PCI Express x16', 1, 1, 0, 1, 1, 2, 1, 4),
(75, 60, 'STRIX-GTX980-DC2OC-4GD5', 289, 2, 'asus-strix-gtx980-dc2oc-4gd5', 'GeForce GTX 980', 4000, 'GDDR5', 999.99, 'PCI Express x16', 1, 1, 1279, 1, 3, 1, 0, 4),
(76, 60, 'STRIX-GTX980TI-DC3-6GD5-GAMING', 305, 2, 'asus-strix-gtx980ti-dc3-6gd5-gaming', 'GeForce GTX 980 Ti', 6000, 'GDDR5', 999.99, 'PCI Express x16', 0, 2, 1075, 1, 3, 1, 0, 4),
(77, 60, 'STRIX-R7370-DC2OC-2GD5-GAMING', 228, 2, 'asus-strix-r7370-dc2oc-2gd5-gaming', 'Radeon R7 370', 2000, 'GDDR5', 999.99, 'PCI Express x16', 0, 0, 0, 1, 1, 2, 1, 2),
(78, 80, '01G-P3-1312-LR', 158, 1, 'evga-01g-p3-1312-lr', 'GeForce 210', 1000, 'DDR3', 520.00, 'PCI Express x16', 0, 0, 0, 1, 0, 1, NULL, NULL),
(79, 80, '01G-P3-2616-KR', 145, 1, 'evga-01g-p3-2616-kr', 'GeForce GT 610', 1000, 'DDR3', 810.00, 'PCI Express x16', 0, 0, 0, 1, 0, 2, NULL, NULL),
(80, 14, '900686', 0, 1, 'visiontek-900686', 'Radeon HD 7750', 2000, 'DDR3', 800.00, 'PCI Express x16', 0, 0, 0, 2, 1, 0, 1, 3),
(81, 14, '900687', 170, 1, 'visiontek-900687', 'Radeon HD 7750', 2000, 'DDR3', 800.00, 'PCI Express x16', 0, 0, 0, 0, 0, 4, 1, 2),
(82, 87, 'AXR7 360 2GBD5-DHE', 225, 2, 'gpucolor-axr7-360-2gbd5-dhe', 'Radeon R7 360', 2000, 'GDDR5', 999.99, 'PCI Express x16', 1, 0, 0, 1, 1, 1, 1, 4),
(83, 87, 'AXR7 360 2GBD5-DHE/OC', 0, 2, 'gpucolor-axr7-360-2gbd5-dheoc', 'Radeon R7 360', 2000, 'GDDR5', 999.99, 'PCI Express x16', 1, 0, 0, 1, 1, 1, 1, 4),
(84, 81, 'HD-645X-ZQHP', 181, 1, 'xfx-hd-645x-zqhp', 'Radeon HD 6450', 1000, 'DDR3', 625.00, 'PCI Express x16', 0, 0, 0, 1, 0, 1, 1, 4),
(85, 81, 'R7-240A-CLF2', 190, 1, 'xfx-r7-240a-clf2', 'Radeon R7 240', 2000, 'DDR3', 730.00, 'PCI Express x16', 0, 0, 780, 1, 0, 1, NULL, NULL),
(86, 80, '01G-P3-1302-LR', 158, 1, 'evga-01g-p3-1302-lr', 'GeForce 8400 GS', 1000, 'DDR3', 520.00, 'PCI Express x16', 0, 0, 0, 1, 0, 1, NULL, NULL),
(87, 52, 'ZT-90601-10L', 173, 2, 'zotac-zt-90601-10l', 'GeForce GTX 950', 2000, 'GDDR5', 999.99, 'PCI Express x16', 1, 0, 1266, 1, 1, 2, 0, 2),
(88, 80, '02G-P4-2956-KR', 257, 2, 'evga-02g-p4-2956-kr', 'GeForce GTX 950', 2000, 'GDDR5', 999.99, 'PCI Express x16', 1, 0, 1355, 1, 3, 1, 0, 2),
(89, 60, 'TURBO-GTX960-OC-4GD5', 262, 2, 'asus-turbo-gtx960-oc-4gd5', 'GeForce GTX 960', 4000, 'GDDR5', 999.99, 'PCI Express x16', 1, 0, 1253, 1, 3, 1, 0, 4),
(90, 82, 'GTX 960 GAMING 2G', 267, 2, 'msi-gtx-960-gaming-2g', 'GeForce GTX 960', 2000, 'GDDR5', 999.99, 'PCI Express x16', 0, 1, 1304, 1, 3, 1, 0, 2),
(91, 80, '04G-P4-2977-KR', 241, 2, 'evga-04g-p4-2977-kr', 'GeForce GTX 970', 4000, 'GDDR5', 999.99, 'PCI Express x16', 2, 0, 1317, 1, 1, 1, 0, 4),
(92, 60, 'STRIX-R9380-DC2OC-4GD5-GAMING', 271, 2, 'asus-strix-r9380-dc2oc-4gd5-gaming', 'Radeon R9 380', 4000, 'GDDR5', 990.00, 'PCI Express x16', 0, 0, 0, 1, 1, 2, 1, 2),
(93, 52, 'ZT-90107-10P', 299, 2, 'zotac-zt-90107-10p', 'GeForce GTX 970', 4000, 'GDDR5', 999.99, 'PCI Express x16', 2, 0, 1380, 1, 3, 1, 0, 2),
(94, 80, '06G-P4-4991-KR', 267, 2, 'evga-06g-p4-4991-kr', 'GeForce GTX 980 Ti', 6000, 'GDDR5', 999.99, 'PCI Express x16', 1, 1, 1076, 1, 3, 1, 0, 4),
(95, 52, 'ZT-90603-10M', 208, 2, 'zotac-zt-90603-10m', 'GeForce GTX 950 AMP!', 2000, 'GDDR5', 999.99, 'PCI Express x16', 1, 0, 1405, 1, 1, 2, 0, 2),
(96, 52, 'ZT-90505-10P', 328, 3, 'zotac-zt-90505-10p', 'GeForce GTX 980 Ti', 6000, 'GDDR5', 999.99, 'PCI Express x16', 0, 2, 1355, 1, 3, 1, 0, 2),
(97, 80, '06G-P4-3998-KR', 267, 2, 'evga-06g-p4-3998-kr', 'GeForce GTX 980 Ti', 6000, 'GDDR5', 999.99, 'PCI Express x16', 1, 1, 1076, 2, 2, 1, 0, 2),
(98, 14, '900371', 0, 1, 'visiontek-900371', 'Radeon HD 6450', 1000, 'DDR3', 625.00, 'PCI Express x16', 0, 0, 0, 1, 0, 1, 1, 2),
(99, 85, 'VC-GTX960OC-2GB', 0, 2, 'inno3d-vc-gtx960oc-2gb', 'GeForce GTX 960', 2000, 'GDDR5', 999.99, 'PCI Express x16', 1, 0, 1241, 1, 3, 1, 0, 2),
(100, 60, 'GTX970-DCMOC-4GD5', 170, 2, 'asus-gtx970-dcmoc-4gd5', 'GeForce GTX 970', 4000, 'GDDR5', 999.99, 'PCI Express x16', 0, 1, 1228, 1, 1, 1, 0, 4),
(101, 45, 'VCGGTX9704R2XPB', 244, 2, 'pny-vcggtx9704r2xpb', 'GeForce GTX 970', 4000, 'GDDR5', 999.99, 'PCI Express x16', 2, 0, 1178, 1, 2, 1, 0, 4),
(102, 80, '04G-P4-2972-KR', 241, 2, 'evga-04g-p4-2972-kr', 'GeForce GTX 970', 4000, 'GDDR5', 999.99, 'PCI Express x16', 2, 0, 1178, 1, 1, 1, 0, 4),
(103, 81, 'R7-250A-ZLF4', 175, 1, 'xfx-r7-250a-zlf4', 'Radeon R7 250', 1000, 'GDDR5', 999.99, 'PCI Express x16', 0, 0, 1050, 1, 0, 1, 1, 3),
(104, 87, 'AXR7 370 2GBD5-PPDHE', 0, 2, 'gpucolor-axr7-370-2gbd5-ppdhe', 'Radeon R7 370', 2000, 'GDDR5', 985.00, 'PCI Express x16', 1, 0, 0, 1, 1, 2, 1, 2),
(105, 81, 'R7-370P-2SF5', 221, 2, 'xfx-r7-370p-2sf5', 'Radeon R7 370', 2000, 'GDDR5', 995.00, 'PCI Express x16', 2, 0, 0, 1, 1, 2, 1, 4),
(106, 80, '02G-P3-2619-KR', 145, 1, 'evga-02g-p3-2619-kr', 'GeForce GT 610', 2000, 'DDR3', 810.00, 'PCI Express x16', 0, 0, 0, 1, 0, 1, NULL, NULL),
(107, 45, 'VCGGTX9804XPB-CG', 267, 2, 'pny-vcggtx9804xpb-cg', 'GeForce GTX 980', 4000, 'GDDR5', 999.99, 'PCI Express x16', 2, 0, 1216, 1, 3, 1, 0, 4),
(108, 82, 'N8400GS-MD1GD3H/LP', 155, 1, 'msi-n8400gs-md1gd3hlp', 'GeForce 8400 GS', 1000, 'DDR3', 520.00, 'PCI Express x16', 0, 0, 0, 1, 0, 1, NULL, NULL),
(109, 82, 'R5 230 2GD3H LP', 165, 1, 'msi-r5-230-2gd3h-lp', 'Radeon R5 230', 2000, 'DDR3', 625.00, 'PCI Express x16', 0, 0, 0, 1, 0, 1, 1, 3),
(110, 60, 'TURBO-GTX960-OC-2GD5', 264, 2, 'asus-turbo-gtx960-oc-2gd5', 'GeForce GTX 960', 2000, 'GDDR5', 999.99, 'PCI Express x16', 1, 0, 1253, 1, 3, 1, 0, 4),
(111, 85, 'VC-GTX950OC-2GB', 0, 2, 'inno3d-vc-gtx950oc-2gb', 'GeForce GTX 950', 2000, 'GDDR5', 999.99, 'PCI Express x16', 1, 0, 1228, 1, 1, 1, 0, 2),
(112, 52, 'ZT-60602-10L', 145, 1, 'zotac-zt-60602-10l', 'GeForce GT 610', 1000, 'DDR3', 810.00, 'PCI Express x16', 0, 0, 0, 1, 0, 1, NULL, NULL),
(113, 52, 'ZT-90602-10M', 206, 2, 'zotac-zt-90602-10m', 'GeForce GTX 950 OC', 2000, 'GDDR5', 999.99, 'PCI Express x16', 1, 0, 1279, 1, 1, 2, 0, 2),
(114, 80, '01G-P3-2615-KR', 145, 1, 'evga-01g-p3-2615-kr', 'GeForce GT 610', 1000, 'DDR3', 810.00, 'PCI Express x16', 0, 0, 0, 1, 0, 1, NULL, NULL),
(115, 80, '04G-P4-2981-KR', 267, 2, 'evga-04g-p4-2981-kr', 'GeForce GTX 980', 4000, 'GDDR5', 999.99, 'PCI Express x16', 2, 0, 1216, 1, 3, 1, 0, 4),
(116, 82, 'R6450-2GD3H/LP', 165, 1, 'msi-r6450-2gd3hlp', 'Radeon HD 6450', 2000, 'DDR3', 625.00, 'PCI Express x16', 0, 0, 0, 1, 0, 1, NULL, NULL),
(117, 82, 'GTX 950 2GD5T OCV2', 220, 2, 'msi-gtx-950-2gd5t-ocv2', 'GeForce GTX 950', 2000, 'GDDR5', 999.99, 'PCI Express x16', 1, 0, 1253, 1, 1, 1, 0, 2),
(118, 81, 'R9-290X-EDBD', 283, 2, 'xfx-r9-290x-edbd', 'Radeon R9 290X', 4000, 'GDDR5', 999.99, 'PCI Express x16', 1, 1, 0, 1, 1, 2, 1, 4),
(119, 86, '100388NTOC-2L', 0, 2, 'sapphire-100388ntoc-2l', 'Radeon R7 360', 2000, 'GDDR5', 999.99, 'PCI Express x16', 0, 0, 0, 1, 1, 1, 1, 4),
(120, 52, 'ZT-90503-10P', 315, 2, 'zotac-zt-90503-10p', 'GeForce GTX 980 Ti', 6000, 'GDDR5', 999.99, 'PCI Express x16', 1, 1, 1140, 1, 3, 1, 0, 4),
(121, 86, '100386NT2GOCL', 170, 2, 'sapphire-100386nt2gocl', 'Radeon R7 370', 2000, 'GDDR5', 985.00, 'PCI Express x16', 1, 0, 0, 1, 1, 1, 1, 4),
(122, 52, 'ZT-90106-10P', 280, 2, 'zotac-zt-90106-10p', 'GeForce GTX 970', 4000, 'GDDR5', 999.99, 'PCI Express x16', 2, 0, 1304, 1, 3, 1, 0, 4),
(123, 82, 'N760-2GD5/OC', 242, 2, 'msi-n760-2gd5oc', 'GeForce GTX 760', 2000, 'GDDR5', 999.99, 'PCI Express x16', 0, 0, 1072, 1, 1, 1, 0, 3),
(124, 60, 'TURBO-GTX980-4G', 268, 2, 'asus-turbo-gtx980-4g', 'GeForce GTX 980', 4000, 'GDDR5', 999.99, 'PCI Express x16', 0, 0, 1216, 1, 3, 1, 0, 4),
(125, 87, 'AXR7 370 4GBD5-DHE/OC', 0, 2, 'gpucolor-axr7-370-4gbd5-dheoc', 'Radeon R7 370', 4000, 'GDDR5', 985.00, 'PCI Express x16', 1, 0, 0, 1, 1, 2, 1, 3),
(126, 81, 'R9-390P-8BD6', 295, 2, 'xfx-r9-390p-8bd6', 'Radeon R9 390', 8000, 'GDDR5', 999.99, 'PCI Express x16', 1, 1, 0, 1, 1, 2, 1, 3),
(127, 80, '04G-P4-1972-KR', 241, 2, 'evga-04g-p4-1972-kr', 'GeForce GTX 970', 4000, 'GDDR5', 999.99, 'PCI Express x16', 2, 0, 1279, 1, 1, 1, 0, 4),
(128, 81, 'R7-360P-2255', 234, 2, 'xfx-r7-360p-2255', 'Radeon R7 360', 2000, 'GDDR5', 999.99, 'PCI Express x16', 1, 0, 0, 1, 1, 2, 1, 3),
(129, 52, 'ZT-90301-10M', 206, 2, 'zotac-zt-90301-10m', 'GeForce GTX 960', 2000, 'GDDR5', 999.99, 'PCI Express x16', 1, 0, 1240, 1, 3, 1, 0, 2),
(130, 86, '100372-2GL', 190, 1, 'sapphire-100372-2gl', 'Radeon R5 230', 2000, 'DDR3', 625.00, 'PCI Express x16', 0, 0, 0, 1, 0, 1, 1, 4),
(131, 45, 'VCGGTX7501XPB', 183, 2, 'pny-vcggtx7501xpb', 'GeForce GTX 750', 1000, 'GDDR5', 999.99, 'PCI Express x16', 0, 0, 1085, 1, 0, 2, NULL, NULL),
(132, 83, 'GV-N960OC-2GD', 181, 2, 'gigabyte-gv-n960oc-2gd', 'GeForce GTX 960', 2000, 'GDDR5', 999.99, 'PCI Express x16', 1, 0, 1279, 1, 1, 2, 0, 4),
(133, 80, '02G-P4-1952-KR', 173, 2, 'evga-02g-p4-1952-kr', 'GeForce GTX 950', 2000, 'GDDR5', 999.99, 'PCI Express x16', 6, 0, 1190, 1, 1, 1, 0, 4),
(134, 86, '100369-2GL', 145, 1, 'sapphire-100369-2gl', 'Radeon R7 240', 2000, 'DDR3', 730.00, 'PCI Express x16', 0, 0, 0, 1, 0, 1, 1, 3),
(135, 82, 'GTX 980Ti GAMING 6G GOLDEN EDITION', 277, 2, 'msi-gtx-980ti-gaming-6g-golden-edition', 'GeForce GTX 980 Ti', 6000, 'GDDR5', 999.99, 'PCI Express x16', 0, 2, 1291, 1, 3, 1, 0, 2),
(136, 82, 'GTX 980Ti 6GD5T OC', 277, 2, 'msi-gtx-980ti-6gd5t-oc', 'GeForce GTX 980 Ti', 6000, 'GDDR5', 999.99, 'PCI Express x16', 0, 2, 1190, 1, 3, 1, 0, 2),
(137, 82, 'GTX 950 2GD5 OCV1', 170, 2, 'msi-gtx-950-2gd5-ocv1', 'GeForce GTX 950', 2000, 'GDDR5', 999.99, 'PCI Express x16', 0, 1, 1253, 1, 3, 1, 0, 2),
(138, 86, '100386VXL', 264, 2, 'sapphire-100386vxl', 'Radeon R7 370', 4000, 'GDDR5', 999.99, 'PCI Express x16', 2, 0, 0, 1, 1, 1, 1, 2),
(139, 87, 'AXR9 390 II 16GBD5', 0, 3, 'gpucolor-axr9-390-ii-16gbd5', 'Radeon R9 390', 16000, 'GDDR5', 999.99, 'PCI Express x16', 0, 4, 0, 1, 1, 2, 1, 2),
(140, 83, 'GV-N980OC-4GD', 298, 2, 'gigabyte-gv-n980oc-4gd', 'GeForce GTX 980', 4000, 'GDDR5', 999.99, 'PCI Express x16', 0, 2, 1304, 1, 3, 2, 0, 4),
(141, 81, 'R7-250A-ELF4', 175, 1, 'xfx-r7-250a-elf4', 'Radeon R7 250', 4000, 'DDR3', 999.99, 'PCI Express x16', 0, 0, 1050, 1, 0, 1, 1, 3),
(142, 82, 'GTX 950 2GD5 OC', 170, 2, 'msi-gtx-950-2gd5-oc', 'GeForce GTX 950', 2000, 'GDDR5', 999.99, 'PCI Express x16', 1, 0, 1253, 1, 1, 2, 0, 2),
(143, 60, 'R9280-DC2T-3GD5', 284, 2, 'asus-r9280-dc2t-3gd5', 'Radeon R9 280', 3000, 'GDDR5', 874.00, 'PCI Express x16', 0, 0, 980, 1, 1, 1, 1, 2),
(144, 83, 'GV-R927XOC-2GD', 0, 2, 'gigabyte-gv-r927xoc-2gd', 'Radeon R9 270X', 2000, 'GDDR5', 999.99, 'PCI Express x16', 2, 0, 1100, 1, 1, 1, 1, 3),
(145, 80, '02G-P4-2761-KR', 241, 2, 'evga-02g-p4-2761-kr', 'GeForce GTX 760', 2000, 'GDDR5', 980.00, 'PCI Express x16', 0, 0, 1033, 1, 1, 1, 0, 4),
(146, 80, '02G-P4-3765-KR', 241, 2, 'evga-02g-p4-3765-kr', 'GeForce GTX 760', 2000, 'GDDR5', 999.99, 'PCI Express x16', 0, 0, 1137, 1, 1, 1, 0, 4),
(147, 80, '02G-P4-2765-KR', 241, 2, 'evga-02g-p4-2765-kr', 'GeForce GTX 760', 2000, 'GDDR5', 999.99, 'PCI Express x16', 0, 0, 1137, 1, 1, 1, 0, 4);

-- --------------------------------------------------------

--
-- Table structure for table `manufacturer`
--

CREATE TABLE `manufacturer` (
  `id` int(10) UNSIGNED NOT NULL,
  `name` varchar(50) COLLATE utf8_unicode_ci NOT NULL
) ENGINE=InnoDB DEFAULT CHARSET=utf8 COLLATE=utf8_unicode_ci;

--
-- Dumping data for table `manufacturer`
--

INSERT INTO `manufacturer` (`id`, `name`) VALUES
(1, 'Intel'),
(2, 'AMD'),
(3, 'Corsair'),
(4, 'G.Skill'),
(5, 'Crucial'),
(6, 'HyperX'),
(7, 'Team'),
(8, 'Kingston'),
(9, 'Patriot'),
(10, 'Mushkin'),
(11, 'Comsory'),
(12, 'Addon'),
(13, 'Avexir'),
(14, 'Visiontek'),
(15, 'Cooler master'),
(16, 'Enermax'),
(17, 'Arctic'),
(18, 'Zalman'),
(19, 'Noctua'),
(20, 'Thermaltake'),
(21, 'Masscool'),
(22, 'Phanteks'),
(23, 'Dynatron'),
(24, 'Rosewill'),
(25, 'Cryorig'),
(26, 'Deep Cool'),
(27, 'ID-Cooling'),
(28, 'Raijintek'),
(29, 'StarTech'),
(30, 'Scythe'),
(31, 'Evercool'),
(32, 'Titan'),
(33, 'Gelid'),
(34, 'Logisys'),
(35, 'Samsung'),
(36, 'SanDisk'),
(37, 'Silicon Power'),
(38, 'Adata'),
(39, 'OCZ'),
(40, 'Seagate'),
(41, 'Transcend'),
(42, 'WD'),
(43, 'Plextor'),
(44, 'Western Digital'),
(45, 'PNY'),
(46, 'HP'),
(47, 'Axiom'),
(48, 'Toshiba'),
(49, 'Super Talent'),
(50, 'Netac'),
(51, 'HGST'),
(52, 'zotac'),
(53, 'Lenovo'),
(54, 'Micron'),
(55, 'Maxtor'),
(56, 'Edge'),
(57, 'Verbatim'),
(58, 'MyDigitalSSD'),
(59, 'Creative'),
(60, 'Asus'),
(61, 'Siig'),
(62, 'Tonstep'),
(63, 'Creative Labs'),
(64, 'Ht Omega'),
(65, 'Diamond'),
(66, 'PowerColor'),
(67, 'Vantec'),
(68, 'TP-Link'),
(69, 'Edimax'),
(70, 'Netgear'),
(71, 'TRENDnet'),
(72, 'Linksys'),
(73, 'IOGEAR'),
(74, 'Amped Wireless'),
(75, 'Cisco'),
(76, 'CoolMax'),
(77, 'Apevia'),
(78, 'Lepa'),
(79, 'Nzxt'),
(80, 'Evga'),
(81, 'XFX'),
(82, 'MSI'),
(83, 'Gigabyte'),
(85, 'INNO3D'),
(86, 'Sapphire'),
(87, 'gpuColor'),
(88, 'ASRock'),
(89, 'Coolead'),
(90, 'LG');

-- --------------------------------------------------------

--
-- Table structure for table `memory`
--

CREATE TABLE `memory` (
  `id` int(10) UNSIGNED NOT NULL,
  `manufacturer_id` int(5) NOT NULL,
  `part_number` varchar(100) COLLATE utf8_unicode_ci NOT NULL,
  `capacity` int(5) NOT NULL,
  `type` varchar(50) COLLATE utf8_unicode_ci NOT NULL,
  `speed` int(5) NOT NULL,
  `latency` int(5) NOT NULL,
  `timing` varchar(50) COLLATE utf8_unicode_ci DEFAULT NULL,
  `voltage` double(5,2) NOT NULL,
  `ecc` tinyint(1) NOT NULL,
  `buffered` tinyint(1) NOT NULL,
  `spreader` tinyint(1) NOT NULL DEFAULT '0',
  `slots` int(5) NOT NULL,
  `data_rate` varchar(50) COLLATE utf8_unicode_ci NOT NULL,
  `slug` varchar(255) COLLATE utf8_unicode_ci NOT NULL,
  `capacity_per_slot` int(5) NOT NULL
) ENGINE=InnoDB DEFAULT CHARSET=utf8 COLLATE=utf8_unicode_ci;

--
-- Dumping data for table `memory`
--

INSERT INTO `memory` (`id`, `manufacturer_id`, `part_number`, `capacity`, `type`, `speed`, `latency`, `timing`, `voltage`, `ecc`, `buffered`, `spreader`, `slots`, `data_rate`, `slug`, `capacity_per_slot`) VALUES
(1, 3, 'CMZ8GX3M2A1600C9', 8000, '240-pin', 1600, 9, '9-9-9-24', 1.50, 0, 0, 1, 2, 'DDR3', 'corsair-cmz8gx3m2a1600c9', 4000),
(2, 4, 'F4-3200C16D-16GVK', 16000, '288-pin', 3200, 16, '16-16-16-36', 1.35, 0, 0, 1, 2, 'DDR4', 'gskill-f4-3200c16d-16gvk', 8000),
(3, 5, 'BLS2KIT8G3D1609DS1S00', 16000, '240-pin', 1600, 9, NULL, 1.50, 0, 0, 0, 2, 'DDR3', 'crucial-bls2kit8g3d1609ds1s00', 8000),
(4, 6, 'HX426C15FBK2/16', 16000, '288-pin', 2666, 15, NULL, 1.20, 0, 0, 1, 2, 'DDR4', 'hyperx-hx426c15fbk216', 8000),
(5, 4, 'F4-3000C15Q-16GVR', 16000, '288-pin', 3000, 15, '15-15-15-35', 1.35, 0, 0, 1, 4, 'DDR4', 'gskill-f4-3000c15q-16gvr', 4000),
(6, 6, 'HX318C10F/8', 8000, '240-pin', 1866, 10, '10-11-10', 1.50, 0, 0, 1, 1, 'DDR3', 'hyperx-hx318c10f8', 8000),
(7, 4, 'F3-12800CL9D-8GBRL', 8000, '240-pin', 1600, 9, '9-9-9-24-2N', 1.50, 0, 0, 1, 2, 'DDR3', 'gskill-f3-12800cl9d-8gbrl', 4000),
(8, 4, 'F3-1600C9D-16GXM', 16000, '240-pin', 1600, 9, '9-9-9-24', 1.50, 0, 0, 1, 2, 'DDR3', 'gskill-f3-1600c9d-16gxm', 8000),
(9, 3, 'CMK32GX4M2A2666C16', 32000, '288-pin', 2666, 16, '16-18-18-35', 1.20, 0, 0, 1, 2, 'DDR4', 'corsair-cmk32gx4m2a2666c16', 16000),
(10, 4, 'F3-2400C11D-16GAB', 16000, '240-pin', 2400, 11, '11-13-13-31', 1.65, 0, 0, 1, 2, 'DDR3', 'gskill-f3-2400c11d-16gab', 8000),
(11, 7, 'TDTRD416G2400HC15ADC01', 16000, '288-pin', 2400, 15, '15-15-15-35', 1.20, 0, 0, 1, 2, 'DDR4', 'team-tdtrd416g2400hc15adc01', 8000),
(12, 4, 'F4-3000C15Q-16GRBB', 16000, '288-pin', 3000, 15, '15-16-16-35', 1.35, 0, 0, 1, 4, 'DDR4', 'gskill-f4-3000c15q-16grbb', 4000),
(13, 6, 'HX424C12PB2K4/16', 16000, '288-pin', 2400, 12, '12-13-13', 1.35, 0, 0, 0, 4, 'DDR4', 'hyperx-hx424c12pb2k416', 4000),
(14, 6, 'HX324C11SRK2/16', 16000, '240-pin', 2400, 11, '11-13-14', 1.65, 0, 0, 0, 2, 'DDR3', 'hyperx-hx324c11srk216', 8000),
(15, 5, 'BLS4K4G4D240FSA', 16000, '288-pin', 2400, 16, NULL, 1.20, 0, 0, 0, 4, 'DDR4', 'crucial-bls4k4g4d240fsa', 4000),
(16, 4, 'F3-2133C10D-16GAB', 16000, '240-pin', 2133, 10, '10-12-12-31', 1.60, 0, 0, 0, 2, 'DDR3', 'gskill-f3-2133c10d-16gab', 8000),
(17, 4, 'F4-3200C16D-16GTZB', 16000, '288-pin', 3200, 16, '16-18-18-38', 1.35, 0, 0, 1, 2, 'DDR4', 'gskill-f4-3200c16d-16gtzb', 8000),
(18, 4, 'F3-14900CL9D-8GBSR', 8000, '240-pin', 1866, 9, '9-10-9-28', 1.50, 0, 0, 0, 2, 'DDR3', 'gskill-f3-14900cl9d-8gbsr', 4000),
(19, 4, 'F3-2133C10D-16GXM', 16000, '240-pin', 2133, 10, '10-12-12-31', 1.60, 0, 0, 0, 2, 'DDR3', 'gskill-f3-2133c10d-16gxm', 8000),
(20, 3, 'CMK16GX4M2A2666C16R', 16000, '288-pin', 2666, 16, '16-18-18-35', 1.20, 0, 0, 1, 2, 'DDR4', 'corsair-cmk16gx4m2a2666c16r', 8000),
(21, 6, 'HX430C15PB2K4/16', 16000, '288-pin', 3000, 15, '15-16-16', 1.35, 0, 0, 0, 4, 'DDR4', 'hyperx-hx430c15pb2k416', 4000),
(22, 4, 'F3-1600C9D-8GAO', 8000, '240-pin', 1600, 9, '9-9-9-24', 1.50, 0, 0, 1, 2, 'DDR3', 'gskill-f3-1600c9d-8gao', 4000),
(23, 4, 'F4-3000C15Q-16GRR', 16000, '288-pin', 3000, 15, '15-15-15-35', 1.35, 0, 0, 1, 4, 'DDR4', 'gskill-f4-3000c15q-16grr', 4000),
(24, 4, 'F3-12800CL9D-8GBXL', 8000, '240-pin', 1600, 9, '9-9-9-24', 1.50, 0, 0, 1, 2, 'DDR3', 'gskill-f3-12800cl9d-8gbxl', 4000),
(25, 4, 'F4-2400C15D-16GVR', 16000, '288-pin', 2400, 15, '15-15-15-35', 1.20, 0, 0, 1, 2, 'DDR4', 'gskill-f4-2400c15d-16gvr', 8000),
(26, 4, 'F4-2133C15D-16GVR', 16000, '288-pin', 2133, 15, '15-15-15-35', 1.20, 0, 0, 1, 2, 'DDR4', 'gskill-f4-2133c15d-16gvr', 8000),
(27, 6, 'HX316C10FB/8', 8000, '240-pin', 1600, 10, '10-10-10', 1.50, 0, 0, 1, 1, 'DDR3', 'hyperx-hx316c10fb8', 8000),
(28, 3, 'CMK16GX4M2A2133C13', 16000, '288-pin', 2133, 13, '13-15-15-28', 1.20, 0, 0, 1, 2, 'DDR4', 'corsair-cmk16gx4m2a2133c13', 8000),
(29, 3, 'CMK16GX4M2A2666C16', 16000, '288-pin', 2666, 16, '16-18-18-35', 1.20, 0, 0, 1, 2, 'DDR4', 'corsair-cmk16gx4m2a2666c16', 8000),
(30, 4, 'F3-10600CL9D-8GBNT', 8000, '240-pin', 1333, 9, '9-9-9-24', 1.50, 0, 0, 0, 2, 'DDR3', 'gskill-f3-10600cl9d-8gbnt', 4000),
(31, 4, 'F3-12800CL10D-16GBXL', 16000, '240-pin', 1600, 10, '10-10-10-30', 1.50, 0, 0, 1, 2, 'DDR3', 'gskill-f3-12800cl10d-16gbxl', 8000),
(32, 5, 'CT102464BA160B', 8000, '240-pin', 1600, 11, NULL, 1.50, 0, 0, 0, 1, 'DDR3', 'crucial-ct102464ba160b', 8000),
(33, 4, 'F3-1600C9Q-32GXM', 32000, '240-pin', 1600, 9, '9-9-9', 1.50, 0, 0, 1, 4, 'DDR3', 'gskill-f3-1600c9q-32gxm', 8000),
(34, 4, 'F3-1600C9D-16GAR', 16000, '240-pin', 1600, 9, '9-9-9-24', 1.50, 0, 0, 1, 2, 'DDR3', 'gskill-f3-1600c9d-16gar', 8000),
(35, 5, 'CT51264BA160B', 4000, '240-pin', 1600, 11, NULL, 1.50, 0, 0, 0, 1, 'DDR3', 'crucial-ct51264ba160b', 4000),
(36, 4, 'F3-2133C11D-16GXL', 16000, '240-pin', 2133, 11, '11-13-13-31', 1.50, 0, 0, 0, 2, 'DDR3', 'gskill-f3-2133c11d-16gxl', 8000),
(37, 4, 'F3-1866C9D-16GXM', 16000, '240-pin', 1866, 9, '9-10-9-28', 1.50, 0, 0, 0, 2, 'DDR3', 'gskill-f3-1866c9d-16gxm', 8000),
(38, 6, 'HX421C14FBK2/8', 8000, '288-pin', 2133, 14, '14-14-14', 1.20, 0, 0, 1, 2, 'DDR4', 'hyperx-hx421c14fbk28', 4000),
(39, 3, 'CMK16GX4M2A2400C16', 16000, '288-pin', 2400, 16, '16-16-16-39', 1.20, 0, 0, 1, 2, 'DDR4', 'corsair-cmk16gx4m2a2400c16', 8000),
(40, 4, 'F4-3200C16D-16GVKB', 16000, '288-pin', 3200, 16, '16-18-18-38', 1.35, 0, 0, 1, 2, 'DDR4', 'gskill-f4-3200c16d-16gvkb', 8000),
(41, 4, 'F3-2400C11D-8GAB', 8000, '240-pin', 2400, 11, '11-13-13-31', 1.65, 0, 0, 1, 2, 'DDR3', 'gskill-f3-2400c11d-8gab', 4000),
(42, 8, 'KVR13N9S6/2', 2000, '240-pin', 1333, 9, NULL, 1.50, 0, 0, 0, 1, 'DDR3', 'kingston-kvr13n9s62', 2000),
(43, 4, 'F4-2400C15D-32GVR', 32000, '288-pin', 2400, 15, '15-15-15-35', 1.20, 0, 0, 1, 2, 'DDR4', 'gskill-f4-2400c15d-32gvr', 16000),
(44, 4, 'F4-3200C16D-32GVK', 32000, '288-pin', 3200, 16, '16-18-18-38', 1.35, 0, 0, 1, 2, 'DDR4', 'gskill-f4-3200c16d-32gvk', 16000),
(45, 5, 'CT2KIT51264BA160BJ', 8000, '240-pin', 1600, 11, NULL, 1.50, 0, 0, 0, 2, 'DDR3', 'crucial-ct2kit51264ba160bj', 4000),
(46, 5, 'BLS2KIT4G3D1609DS1S00', 8000, '240-pin', 1600, 9, '9-9-9-24', 1.50, 0, 0, 0, 2, 'DDR3', 'crucial-bls2kit4g3d1609ds1s00', 4000),
(47, 4, 'F4-3400C16D-16GTZ', 16000, '288-pin', 3400, 16, '16-18-18-38', 1.35, 0, 0, 1, 2, 'DDR4', 'gskill-f4-3400c16d-16gtz', 8000),
(48, 5, 'BLS8G3D1609DS1S00', 8000, '240-pin', 1600, 9, '9-9-9-24', 1.50, 0, 0, 0, 1, 'DDR3', 'crucial-bls8g3d1609ds1s00', 8000),
(49, 4, 'F3-12800CL9D-4GBRL', 4000, '240-pin', 1600, 9, '9-9-9-24-2N', 1.50, 0, 0, 1, 2, 'DDR3', 'gskill-f3-12800cl9d-4gbrl', 2000),
(50, 4, 'F3-10666CL9D-8GBRL', 8000, '240-pin', 1333, 9, '9-9-9-24-2N', 1.50, 0, 0, 1, 2, 'DDR3', 'gskill-f3-10666cl9d-8gbrl', 4000),
(51, 4, 'F4-2400C15D-8GVR', 8000, '288-pin', 2400, 15, '15-15-15-35', 1.20, 0, 0, 1, 2, 'DDR4', 'gskill-f4-2400c15d-8gvr', 4000),
(52, 4, 'F4-3200C16D-16GTZ', 16000, '288-pin', 3200, 16, '16-16-16-36', 1.35, 0, 0, 1, 2, 'DDR4', 'gskill-f4-3200c16d-16gtz', 8000),
(53, 4, 'F4-2133C15S-8GNT', 8000, '288-pin', 2133, 15, '15-15-15-35', 1.20, 0, 0, 0, 1, 'DDR4', 'gskill-f4-2133c15s-8gnt', 8000),
(54, 4, 'F3-14900CL10D-16GBXL', 16000, '240-pin', 1866, 10, '10-11-10-30', 1.50, 0, 0, 1, 2, 'DDR3', 'gskill-f3-14900cl10d-16gbxl', 8000),
(55, 3, 'CMK8GX4M1A2400C16', 8000, '288-pin', 2400, 16, '16-16-16-39', 1.20, 0, 0, 1, 1, 'DDR4', 'corsair-cmk8gx4m1a2400c16', 8000),
(56, 4, 'F3-12800CL9Q-16GBXL', 16000, '240-pin', 1600, 9, '9-9-9-24', 1.50, 0, 0, 0, 4, 'DDR3', 'gskill-f3-12800cl9q-16gbxl', 4000),
(57, 5, 'CT51264BD160B', 4000, '240-pin', 1600, 11, NULL, 1.35, 0, 0, 0, 1, 'DDR3', 'crucial-ct51264bd160b', 4000),
(58, 3, 'CMK32GX4M2B3200C16', 32000, '288-pin', 3200, 16, '16-18-18-36', 1.35, 0, 0, 1, 2, 'DDR4', 'corsair-cmk32gx4m2b3200c16', 16000),
(59, 4, 'F4-3000C15D-32GTZ', 32000, '288-pin', 3000, 15, '15-15-15-35', 1.35, 0, 0, 1, 2, 'DDR4', 'gskill-f4-3000c15d-32gtz', 16000),
(60, 4, 'F4-2133C15D-16GRR', 16000, '288-pin', 2133, 15, '15-15-15-35', 1.20, 0, 0, 1, 2, 'DDR4', 'gskill-f4-2133c15d-16grr', 8000),
(61, 4, 'F4-2400C15Q-32GRK', 32000, '288-pin', 2400, 15, '15-15-15-35', 1.20, 0, 0, 1, 4, 'DDR4', 'gskill-f4-2400c15q-32grk', 8000),
(62, 4, 'F4-3400C16Q-32GTZ', 32000, '288-pin', 3400, 16, '16-18-18-38', 1.35, 0, 0, 1, 4, 'DDR4', 'gskill-f4-3400c16q-32gtz', 8000),
(63, 4, 'F4-2133C15D-16GIS', 16000, '288-pin', 2133, 15, '15-15-15-35', 1.20, 0, 0, 0, 2, 'DDR4', 'gskill-f4-2133c15d-16gis', 8000),
(64, 6, 'HX318C10FK2/16', 16000, '240-pin', 1866, 10, '10-11-10', 1.50, 0, 0, 1, 2, 'DDR3', 'hyperx-hx318c10fk216', 8000),
(65, 6, 'HX316C10FBK2/8', 8000, '240-pin', 1600, 10, '10-10-10', 1.50, 0, 0, 1, 2, 'DDR3', 'hyperx-hx316c10fbk28', 4000),
(66, 4, 'F4-2400C15D-16GVB', 16000, '288-pin', 2400, 15, '15-15-15-35', 1.20, 0, 0, 1, 2, 'DDR4', 'gskill-f4-2400c15d-16gvb', 8000),
(67, 3, 'CML8GX3M2A1600C9', 8000, '240-pin', 1600, 9, '9-9-9-24', 1.50, 0, 0, 1, 2, 'DDR3', 'corsair-cml8gx3m2a1600c9', 4000),
(68, 4, 'F3-2400C10D-16GTX', 16000, '240-pin', 2400, 10, '10-12-12-31', 1.65, 0, 0, 0, 2, 'DDR3', 'gskill-f3-2400c10d-16gtx', 8000),
(69, 4, 'F4-2666C15D-16GVR', 16000, '288-pin', 2666, 15, '15-15-15-35', 1.20, 0, 0, 1, 2, 'DDR4', 'gskill-f4-2666c15d-16gvr', 8000),
(70, 4, 'F4-2400C15Q-32GRR', 32000, '288-pin', 2400, 15, '15-15-15-35', 1.20, 0, 0, 0, 4, 'DDR4', 'gskill-f4-2400c15q-32grr', 8000),
(71, 4, 'F3-8500CL7D-8GBRL', 8000, '240-pin', 1066, 7, '7-7-7-18', 1.50, 0, 0, 1, 2, 'DDR3', 'gskill-f3-8500cl7d-8gbrl', 4000),
(72, 4, 'F3-10666CL9D-16GBXL', 16000, '240-pin', 1333, 9, '9-9-9-24', 1.50, 0, 0, 1, 2, 'DDR3', 'gskill-f3-10666cl9d-16gbxl', 8000),
(73, 8, 'KVR16N11S8/4', 4000, '240-pin', 1600, 11, NULL, 1.50, 0, 0, 0, 1, 'DDR3', 'kingston-kvr16n11s84', 4000),
(74, 4, 'F3-1866C9D-16GSR', 16000, '240-pin', 1866, 9, '9-10-9-28', 1.50, 0, 0, 0, 2, 'DDR3', 'gskill-f3-1866c9d-16gsr', 8000),
(75, 4, 'F3-1866C10D-16GAB', 16000, '240-pin', 1866, 10, '10-11-10-30', 1.50, 0, 0, 1, 2, 'DDR3', 'gskill-f3-1866c10d-16gab', 8000),
(76, 5, 'BLT4G3D1608ET3LX0', 4000, '240-pin', 1600, 8, '8-8-8-24', 1.35, 0, 0, 1, 1, 'DDR3', 'crucial-blt4g3d1608et3lx0', 4000),
(77, 9, 'PVE416G266C5KRD', 16000, '288-pin', 2666, 15, '15-15-15-35', 1.20, 0, 0, 1, 2, 'DDR4', 'patriot-pve416g266c5krd', 8000),
(78, 10, '992029', 2000, '240-pin', 1600, 11, '11-11-11-28', 1.35, 0, 0, 0, 1, 'DDR3', 'mushkin-992029', 2000),
(79, 4, 'F3-2133C9D-16GTX', 16000, '240-pin', 2133, 9, '9-11-11-31', 1.60, 0, 0, 1, 2, 'DDR3', 'gskill-f3-2133c9d-16gtx', 8000),
(80, 11, 'T4070713', 8000, '240-pin', 1333, 9, NULL, 1.50, 0, 0, 0, 2, 'DDR3', 'comsory-t4070713', 4000),
(81, 4, 'F3-12800CL10Q-32GBXL', 32000, '240-pin', 1600, 10, '10-10-10-30', 1.50, 0, 0, 1, 4, 'DDR3', 'gskill-f3-12800cl10q-32gbxl', 8000),
(82, 5, 'CT25664BA160BJ', 2000, '240-pin', 1600, 11, NULL, 1.50, 0, 0, 0, 1, 'DDR3', 'crucial-ct25664ba160bj', 2000),
(83, 13, 'AVD3UH28001204G-2BZ1', 8000, '240-pin', 2800, 12, '12-14-14-35', 1.65, 0, 0, 1, 2, 'DDR3', 'avexir-avd3uh28001204g-2bz1', 4000),
(84, 6, 'HX430C15SB2/4', 4000, '288-pin', 3000, 15, NULL, 1.35, 0, 0, 1, 1, 'DDR4', 'hyperx-hx430c15sb24', 4000),
(85, 5, 'BLE2K8G3D21BCE1', 16000, '240-pin', 2133, 11, '11-11-11-27', 1.65, 0, 0, 1, 2, 'DDR3', 'crucial-ble2k8g3d21bce1', 8000),
(86, 5, 'BLS8G4D240FSB', 8000, '288-pin', 2400, 16, '16-16-16', 1.20, 0, 0, 0, 1, 'DDR4', 'crucial-bls8g4d240fsb', 8000),
(87, 4, 'F3-10666CL9Q-16GBRL', 16000, '240-pin', 1333, 9, '9-9-9-24-2N', 1.50, 0, 0, 1, 4, 'DDR3', 'gskill-f3-10666cl9q-16gbrl', 4000),
(88, 4, 'F3-1333C9D-16GAO', 16000, '240-pin', 1333, 9, '9-9-9', 1.50, 0, 0, 1, 2, 'DDR3', 'gskill-f3-1333c9d-16gao', 8000),
(89, 4, 'F4-2800C15Q-64GVR', 64000, '288-pin', 2800, 15, '15-15-15-35', 1.35, 0, 0, 1, 4, 'DDR4', 'gskill-f4-2800c15q-64gvr', 16000),
(90, 4, 'F3-17000CL9Q-8GBZH', 8000, '240-pin', 2133, 9, '9-11-10-28', 1.65, 0, 0, 1, 4, 'DDR3', 'gskill-f3-17000cl9q-8gbzh', 2000),
(91, 4, 'F4-2800C15S-8GVRB', 8000, '288-pin', 2800, 15, '15-16-16-35', 1.25, 0, 0, 1, 1, 'DDR4', 'gskill-f4-2800c15s-8gvrb', 8000),
(92, 4, 'F4-3200C15D-16GVR', 16000, '288-pin', 3200, 15, '15-15-15-35', 1.35, 0, 0, 0, 2, 'DDR4', 'gskill-f4-3200c15d-16gvr', 8000),
(93, 7, 'TED34096M1333HC9', 4000, '240-pin', 1333, 9, '9-9-9-24', 1.50, 0, 0, 0, 1, 'DDR3', 'team-ted34096m1333hc9', 4000),
(94, 7, 'TLRED416G3000HC15ADC01', 16000, '288-pin', 3000, 15, '15-15-15-35', 1.35, 0, 0, 0, 2, 'DDR4', 'team-tlred416g3000hc15adc01', 8000),
(95, 6, 'HX428C14SB2/4', 4000, '288-pin', 2800, 14, NULL, 1.35, 0, 0, 1, 1, 'DDR4', 'hyperx-hx428c14sb24', 4000),
(96, 6, 'HX318C9SR/8', 8000, '240-pin', 1866, 9, '9-10-11', 1.50, 0, 0, 0, 1, 'DDR3', 'hyperx-hx318c9sr8', 8000),
(97, 9, 'PVE416G266C5KBL', 16000, '288-pin', 2666, 15, '15-15-15-35', 1.20, 0, 0, 1, 2, 'DDR4', 'patriot-pve416g266c5kbl', 8000),
(98, 4, 'F4-3200C14Q-32GTZ', 32000, '288-pin', 3200, 14, '14-14-14-34', 1.35, 0, 0, 1, 4, 'DDR4', 'gskill-f4-3200c14q-32gtz', 8000),
(99, 4, 'F4-2133C15Q-64GIS', 64000, '288-pin', 2133, 15, '15-15-15-35', 1.20, 0, 0, 0, 4, 'DDR4', 'gskill-f4-2133c15q-64gis', 16000),
(100, 4, 'F3-12800CL9Q-8GBRL', 8000, '240-pin', 1600, 9, '9-9-9-24-2N', 1.50, 0, 0, 1, 4, 'DDR3', 'gskill-f3-12800cl9q-8gbrl', 2000),
(101, 4, 'F4-3333C16Q-64GVK', 64000, '288-pin', 3333, 16, '16-16-16-36', 1.35, 0, 0, 1, 4, 'DDR4', 'gskill-f4-3333c16q-64gvk', 16000),
(102, 3, 'CMK8GX4M2A2400C14R', 8000, '288-pin', 2400, 14, '14-16-16-31', 1.20, 0, 0, 1, 2, 'DDR4', 'corsair-cmk8gx4m2a2400c14r', 4000),
(103, 3, 'CMK32GX4M2B3000C15R', 32000, '288-pin', 3000, 15, '15-17-17-35', 1.35, 0, 0, 1, 2, 'DDR4', 'corsair-cmk32gx4m2b3000c15r', 16000),
(104, 13, 'AVD3U16001008G-2RD', 16000, '240-pin', 1600, 10, '10-10-10-24', 1.50, 0, 0, 0, 2, 'DDR3', 'avexir-avd3u16001008g-2rd', 8000),
(105, 13, 'AVD4UZ124001608G-2COB', 16000, '288-pin', 2400, 16, '16-16-16-36', 1.20, 0, 0, 1, 2, 'DDR4', 'avexir-avd4uz124001608g-2cob', 8000),
(106, 6, 'HX424C14SBK2/32', 32000, '288-pin', 2400, 14, '14-14-14', 1.20, 0, 0, 1, 2, 'DDR4', 'hyperx-hx424c14sbk232', 16000),
(107, 5, 'BLE2KIT8G3D1869DE1TX0', 16000, '240-pin', 1866, 9, '9-9-9-27', 1.50, 0, 0, 0, 2, 'DDR3', 'crucial-ble2kit8g3d1869de1tx0', 8000),
(108, 5, 'BLS4G4D240FSE', 4000, '288-pin', 2400, 16, '16-16-16', 1.20, 0, 0, 0, 1, 'DDR4', 'crucial-bls4g4d240fse', 4000),
(109, 10, '996988S', 8000, '240-pin', 1600, 9, '9-9-9-24', 1.35, 0, 0, 1, 2, 'DDR3', 'mushkin-996988s', 4000),
(110, 4, 'F3-3000C12D-8GTXDG', 8000, '240-pin', 3000, 12, '12-14-14-35', 1.65, 0, 0, 1, 2, 'DDR3', 'gskill-f3-3000c12d-8gtxdg', 4000),
(111, 4, 'F4-3200C16D-8GRB', 8000, '288-pin', 3200, 16, '16-18-18-38', 1.35, 0, 0, 1, 2, 'DDR4', 'gskill-f4-3200c16d-8grb', 4000),
(112, 4, 'F4-3000C14Q-32GTZ', 32000, '288-pin', 3000, 14, '14-14-14-34', 1.35, 0, 0, 1, 4, 'DDR4', 'gskill-f4-3000c14q-32gtz', 8000),
(113, 9, 'PSD432G2133KH', 32000, '288-pin', 2133, 15, NULL, 1.20, 0, 0, 1, 2, 'DDR4', 'patriot-psd432g2133kh', 16000),
(114, 4, 'F3-1600C9D-16GSR', 16000, '240-pin', 1600, 9, '9-9-9-24', 1.50, 0, 0, 1, 2, 'DDR3', 'gskill-f3-1600c9d-16gsr', 8000),
(115, 4, 'F4-3200C14Q2-64GVK', 64000, '288-pin', 3200, 14, '14-14-14-34', 1.35, 0, 0, 1, 8, 'DDR4', 'gskill-f4-3200c14q2-64gvk', 8000),
(116, 3, 'CMK8GX4M1A2666C16', 8000, '288-pin', 2666, 16, '16-18-18-35', 1.20, 0, 0, 1, 1, 'DDR4', 'corsair-cmk8gx4m1a2666c16', 8000),
(117, 12, '0A65729-AAK', 4000, '240-pin', 1600, 11, NULL, 1.50, 0, 0, 0, 1, 'DDR3', 'addon-0a65729-aak', 4000),
(118, 12, 'AA160D3N/24GK3', 24000, '240-pin', 1600, 11, NULL, 1.50, 0, 0, 0, 3, 'DDR3', 'addon-aa160d3n24gk3', 8000),
(119, 5, 'BLT8G3D1608ET3LX0', 8000, '240-pin', 1600, 8, '8-8-8-24', 1.35, 0, 0, 1, 1, 'DDR3', 'crucial-blt8g3d1608et3lx0', 8000),
(120, 4, 'F3-10666CL9Q-8GBXL', 8000, '240-pin', 1333, 9, '9-9-9-24', 1.50, 0, 0, 1, 4, 'DDR3', 'gskill-f3-10666cl9q-8gbxl', 2000),
(121, 9, 'PVE416G280C6KRD', 16000, '288-pin', 2800, 16, '16-18-18-36', 1.20, 0, 0, 1, 2, 'DDR4', 'patriot-pve416g280c6krd', 8000),
(122, 4, 'F3-2133C10Q-16GXM', 16000, '240-pin', 2133, 10, '10-12-12-31', 1.60, 0, 0, 0, 4, 'DDR3', 'gskill-f3-2133c10q-16gxm', 4000),
(123, 4, 'F4-2400C15D-16GNT', 16000, '288-pin', 2400, 15, '15-15-15-35', 1.20, 0, 0, 0, 2, 'DDR4', 'gskill-f4-2400c15d-16gnt', 8000),
(124, 4, 'F4-2400C15D-16GIS', 16000, '288-pin', 2400, 15, '15-15-15-35', 1.20, 0, 0, 0, 2, 'DDR4', 'gskill-f4-2400c15d-16gis', 8000),
(125, 4, 'F3-14900CL9S-4GBXL', 4000, '240-pin', 1866, 9, '9-10-9-28', 1.50, 0, 0, 0, 1, 'DDR3', 'gskill-f3-14900cl9s-4gbxl', 4000),
(126, 4, 'F4-3000C15D-8GTZB', 8000, '288-pin', 3000, 15, '15-16-16-35', 1.35, 0, 0, 1, 2, 'DDR4', 'gskill-f4-3000c15d-8gtzb', 4000),
(127, 3, 'CMK8GX4M2B3200C16R', 8000, '288-pin', 3200, 16, '16-18-18-36', 1.35, 0, 0, 1, 2, 'DDR4', 'corsair-cmk8gx4m2b3200c16r', 4000),
(128, 12, 'AA1066D3N7/2G', 2000, '240-pin', 1066, 7, NULL, 1.50, 0, 0, 0, 1, 'DDR3', 'addon-aa1066d3n72g', 2000),
(129, 11, 'T4070807', 8000, '240-pin', 1333, 9, NULL, 1.50, 0, 0, 0, 2, 'DDR3', 'comsory-t4070807', 4000),
(130, 10, '998995S', 12000, '240-pin', 1600, 9, '9-9-9-24', 1.50, 0, 0, 1, 3, 'DDR3', 'mushkin-998995s', 4000),
(131, 4, 'F3-10666CL7D-8GBRH', 8000, '240-pin', 1333, 7, '7-7-7-21', 1.50, 0, 0, 1, 2, 'DDR3', 'gskill-f3-10666cl7d-8gbrh', 4000),
(132, 4, 'F3-17000CL11Q-32GBZLD', 32000, '240-pin', 2133, 11, '11-11-11-31', 1.50, 0, 0, 1, 4, 'DDR3', 'gskill-f3-17000cl11q-32gbzld', 8000),
(133, 4, 'F4-2666C16Q2-64GRB', 64000, '288-pin', 2666, 16, '16-16-16-36', 1.20, 0, 0, 0, 8, 'DDR4', 'gskill-f4-2666c16q2-64grb', 8000),
(134, 3, 'CML8GX3M1C1600C9R', 8000, '240-pin', 1600, 9, '9-9-9-24', 1.35, 0, 0, 1, 1, 'DDR3', 'corsair-cml8gx3m1c1600c9r', 8000),
(135, 3, 'CMD8GX3M2B2666C11', 8000, '240-pin', 2666, 11, '11-13-13-35', 1.65, 0, 0, 1, 2, 'DDR3', 'corsair-cmd8gx3m2b2666c11', 4000),
(136, 8, 'KVR21N15S8K2/8', 8000, '288-pin', 2133, 15, '15-15-15', 1.20, 0, 0, 0, 2, 'DDR4', 'kingston-kvr21n15s8k28', 4000),
(137, 9, 'PVE416G300C6KBL', 16000, '288-pin', 3000, 16, '16-16-16-36', 1.35, 0, 0, 1, 2, 'DDR4', 'patriot-pve416g300c6kbl', 8000),
(138, 4, 'F3-2400C11D-16GSR', 16000, '240-pin', 2400, 11, '11-13-13-31', 1.65, 0, 0, 0, 2, 'DDR3', 'gskill-f3-2400c11d-16gsr', 8000),
(139, 4, 'F3-1600C9S-4GAB', 4000, '240-pin', 1600, 9, '9-9-9-24', 1.50, 0, 0, 1, 1, 'DDR3', 'gskill-f3-1600c9s-4gab', 4000),
(140, 4, 'F4-3200C15D-16GTZ', 16000, '288-pin', 3200, 15, '15-15-15-35', 1.35, 0, 0, 1, 2, 'DDR4', 'gskill-f4-3200c15d-16gtz', 8000),
(141, 6, 'KHX16C9T3K4/16X', 16000, '240-pin', 1600, 9, NULL, 1.65, 0, 0, 1, 4, 'DDR3', 'hyperx-khx16c9t3k416x', 4000),
(142, 5, 'CT4K16G4DFD8213', 64000, '288-pin', 2133, 15, NULL, 1.20, 0, 0, 0, 4, 'DDR4', 'crucial-ct4k16g4dfd8213', 16000),
(143, 4, 'F4-3000C15D-8GVR', 8000, '288-pin', 3000, 15, '15-15-15-35', 1.35, 0, 0, 1, 2, 'DDR4', 'gskill-f4-3000c15d-8gvr', 4000),
(144, 3, 'CMK128GX4M8B3000C16', 128000, '288-pin', 3000, 16, '16-18-18-36', 1.35, 0, 0, 1, 8, 'DDR4', 'corsair-cmk128gx4m8b3000c16', 16000),
(145, 9, 'PSD34G13332', 4000, '240-pin', 1333, 9, NULL, 1.50, 0, 0, 0, 1, 'DDR3', 'patriot-psd34g13332', 4000),
(146, 4, 'F3-2400C11Q-16GSR', 16000, '240-pin', 2400, 11, '11-13-13-31', 1.65, 0, 0, 0, 4, 'DDR3', 'gskill-f3-2400c11q-16gsr', 4000),
(147, 4, 'F4-2800C15Q-32GRBB', 32000, '288-pin', 2800, 15, '15-16-16-35', 1.20, 0, 0, 0, 4, 'DDR4', 'gskill-f4-2800c15q-32grbb', 8000),
(148, 3, 'CMK8GX4M2A2133C13R', 8000, '288-pin', 2133, 13, '13-15-15-28', 1.20, 0, 0, 1, 2, 'DDR4', 'corsair-cmk8gx4m2a2133c13r', 4000),
(149, 6, 'HX424C15FBK4/32', 32000, '288-pin', 2400, 15, '15-15-15', 1.20, 0, 0, 1, 4, 'DDR4', 'hyperx-hx424c15fbk432', 8000),
(150, 5, 'CT25664BA160B', 2000, '240-pin', 1600, 11, NULL, 1.50, 0, 0, 0, 1, 'DDR3', 'crucial-ct25664ba160b', 2000),
(151, 5, 'BLS2K8G4D240FSB', 16000, '288-pin', 2400, 16, '16-16-16', 1.20, 0, 0, 0, 2, 'DDR4', 'crucial-bls2k8g4d240fsb', 8000),
(152, 9, 'PVE432G240C5KRD', 32000, '288-pin', 2400, 15, '15-15-15-35', 1.20, 0, 0, 1, 2, 'DDR4', 'patriot-pve432g240c5krd', 16000),
(153, 4, 'F3-1600C10D-16GAO', 16000, '240-pin', 1600, 10, '10-10-10', 1.50, 0, 0, 1, 2, 'DDR3', 'gskill-f3-1600c10d-16gao', 8000),
(154, 4, 'F4-3000C15S-16GVR', 16000, '288-pin', 3000, 15, '15-15-15-35', 1.35, 0, 0, 1, 1, 'DDR4', 'gskill-f4-3000c15s-16gvr', 16000),
(155, 4, 'F4-2800C16Q-16GRK', 16000, '288-pin', 2800, 16, '16-16-16-36', 1.20, 0, 0, 0, 4, 'DDR4', 'gskill-f4-2800c16q-16grk', 4000),
(156, 8, 'KVR16N11S6/2', 2000, '240-pin', 1600, 11, NULL, 1.50, 0, 0, 0, 1, 'DDR3', 'kingston-kvr16n11s62', 2000),
(157, 6, 'HX426C13SB2K4/32', 32000, '288-pin', 2666, 13, NULL, 1.35, 0, 0, 1, 4, 'DDR4', 'hyperx-hx426c13sb2k432', 8000),
(158, 5, 'BLT4G3D1608DT1TX0', 4000, '240-pin', 1600, 8, '8-8-8-24', 1.50, 0, 0, 0, 1, 'DDR3', 'crucial-blt4g3d1608dt1tx0', 4000),
(159, 10, '994069S', 32000, '240-pin', 1600, 9, '9-9-9-24', 1.50, 0, 0, 1, 4, 'DDR3', 'mushkin-994069s', 8000),
(160, 4, 'F4-3300C16Q-16GRRD', 16000, '288-pin', 3300, 16, '16-18-18-38', 1.35, 0, 0, 0, 4, 'DDR4', 'gskill-f4-3300c16q-16grrd', 4000),
(161, 6, 'HX426C15SBK2/32', 32000, '288-pin', 2666, 15, '15-15-15', 1.20, 0, 0, 1, 2, 'DDR4', 'hyperx-hx426c15sbk232', 16000),
(162, 9, 'PVE48G300C6KBL', 8000, '288-pin', 3000, 16, '16-16-16-36', 1.35, 0, 0, 1, 2, 'DDR4', 'patriot-pve48g300c6kbl', 4000),
(163, 4, 'F3-1600C9S-8GXM', 8000, '240-pin', 1600, 9, '9-9-9-24', 1.50, 0, 0, 0, 1, 'DDR3', 'gskill-f3-1600c9s-8gxm', 8000),
(164, 4, 'F3-2133C10Q2-64GZM', 64000, '240-pin', 2133, 10, '10-12-12-31', 1.60, 0, 0, 0, 8, 'DDR3', 'gskill-f3-2133c10q2-64gzm', 8000),
(165, 4, 'F4-2400C15Q-16GRK', 16000, '288-pin', 2400, 15, '15-15-15-35', 1.20, 0, 0, 0, 4, 'DDR4', 'gskill-f4-2400c15q-16grk', 4000),
(166, 4, 'F4-3000C15D-8GRK', 8000, '288-pin', 3000, 15, '15-15-15-35', 1.35, 0, 0, 1, 2, 'DDR4', 'gskill-f4-3000c15d-8grk', 4000),
(167, 3, 'CMK8GX4M2A2133C13', 8000, '288-pin', 2133, 13, '13-15-15-28', 1.20, 0, 0, 1, 2, 'DDR4', 'corsair-cmk8gx4m2a2133c13', 4000),
(168, 4, 'F4-3200C16Q-32GVK', 32000, '288-pin', 3200, 16, '16-16-16-36', 1.35, 0, 0, 1, 4, 'DDR4', 'gskill-f4-3200c16q-32gvk', 8000),
(169, 3, 'CMK8GX4M2B3000C15', 8000, '288-pin', 3000, 15, '15-17-17-35', 1.35, 0, 0, 1, 2, 'DDR4', 'corsair-cmk8gx4m2b3000c15', 4000),
(170, 6, 'HX321C11T2K2/16', 16000, '240-pin', 2133, 11, '11-12-12', 1.50, 0, 0, 0, 2, 'DDR3', 'hyperx-hx321c11t2k216', 8000),
(171, 6, 'HX321C11SR/4', 4000, '240-pin', 2133, 11, '11-12-12', 1.60, 0, 0, 0, 1, 'DDR3', 'hyperx-hx321c11sr4', 4000),
(172, 5, 'BLS4K16G4D240FSE', 64000, '288-pin', 2400, 16, '16-16-16', 1.20, 0, 0, 1, 4, 'DDR4', 'crucial-bls4k16g4d240fse', 16000),
(173, 4, 'F3-2133C10Q-16GAB', 16000, '240-pin', 2133, 10, '10-12-12-31', 1.60, 0, 0, 0, 4, 'DDR3', 'gskill-f3-2133c10q-16gab', 4000),
(174, 4, 'F3-1333C9S-4GIS', 4000, '240-pin', 1333, 9, '9-9-9-24', 1.50, 0, 0, 0, 1, 'DDR3', 'gskill-f3-1333c9s-4gis', 4000),
(175, 4, 'F3-3100C12Q-16GTXDG', 16000, '240-pin', 3100, 12, '12-14-14-36', 1.65, 0, 0, 1, 4, 'DDR3', 'gskill-f3-3100c12q-16gtxdg', 4000),
(176, 4, 'F4-3000C15Q-32GRK', 32000, '288-pin', 3000, 15, '15-15-15-35', 1.35, 0, 0, 0, 4, 'DDR4', 'gskill-f4-3000c15q-32grk', 8000),
(177, 4, 'F4-2800C15D-16GTZB', 16000, '288-pin', 2800, 15, '15-16-16-35', 1.25, 0, 0, 1, 2, 'DDR4', 'gskill-f4-2800c15d-16gtzb', 8000),
(178, 4, 'F4-3200C15Q-32GTZ', 32000, '288-pin', 3200, 15, '15-15-15-35', 1.35, 0, 0, 1, 4, 'DDR4', 'gskill-f4-3200c15q-32gtz', 8000),
(179, 10, '993995S', 16000, '240-pin', 1600, 9, '9-9-9-24', 1.50, 0, 0, 1, 4, 'DDR3', 'mushkin-993995s', 4000),
(180, 4, 'F3-10666CL7Q-16GBXH', 16000, '240-pin', 1333, 7, '7-7-7-21', 1.50, 0, 0, 0, 4, 'DDR3', 'gskill-f3-10666cl7q-16gbxh', 4000),
(181, 4, 'F3-17000CL11Q2-64GBZLD', 64000, '240-pin', 2133, 11, '11-11-11-31', 1.50, 0, 0, 1, 8, 'DDR3', 'gskill-f3-17000cl11q2-64gbzld', 8000),
(182, 4, 'F4-2800C16D-16GVG', 16000, '288-pin', 2800, 16, '16-16-16-36', 1.20, 0, 0, 1, 2, 'DDR4', 'gskill-f4-2800c16d-16gvg', 8000),
(183, 8, 'KVR21N15D8/16', 16000, '288-pin', 2133, 15, '15-15-15', 1.20, 0, 0, 0, 1, 'DDR4', 'kingston-kvr21n15d816', 16000),
(184, 6, 'HX426C13PB2K4/16', 16000, '288-pin', 2666, 13, '13-14-14', 1.35, 0, 0, 0, 4, 'DDR4', 'hyperx-hx426c13pb2k416', 4000),
(185, 4, 'F3-2400C11Q-16GXM', 16000, '240-pin', 2400, 11, '11-13-13-31', 1.65, 0, 0, 0, 4, 'DDR3', 'gskill-f3-2400c11q-16gxm', 4000),
(186, 4, 'F4-2666C15Q-32GVR', 32000, '288-pin', 2666, 15, '15-15-15-35', 1.20, 0, 0, 1, 4, 'DDR4', 'gskill-f4-2666c15q-32gvr', 8000),
(187, 4, 'F4-3000C15D-16GVRB', 16000, '288-pin', 3000, 15, '15-16-16-35', 1.35, 0, 0, 1, 2, 'DDR4', 'gskill-f4-3000c15d-16gvrb', 8000),
(188, 3, 'CML8GX3M1A1600C9', 8000, '240-pin', 1600, 9, '9-9-9-24', 1.50, 0, 0, 1, 1, 'DDR3', 'corsair-cml8gx3m1a1600c9', 8000),
(189, 3, 'CMK32GX4M4A2400C16R', 32000, '288-pin', 2400, 16, '16-16-16-39', 1.20, 0, 0, 1, 4, 'DDR4', 'corsair-cmk32gx4m4a2400c16r', 8000),
(190, 6, 'HX426C13SB2/8', 8000, '288-pin', 2666, 13, NULL, 1.35, 0, 0, 1, 1, 'DDR4', 'hyperx-hx426c13sb28', 8000),
(191, 5, 'BLE3KIT4G3D1608DE1TX0', 12000, '240-pin', 1600, 8, '8-8-8-24', 1.50, 0, 0, 0, 3, 'DDR3', 'crucial-ble3kit4g3d1608de1tx0', 4000),
(192, 5, 'BLS2KIT2G3D1609DS1S00', 4000, '240-pin', 1600, 9, '9-9-9-24', 1.50, 0, 0, 0, 2, 'DDR3', 'crucial-bls2kit2g3d1609ds1s00', 2000),
(193, 4, 'F3-10666CL7D-4GBRH', 4000, '240-pin', 1333, 7, '7-7-7-21', 1.50, 0, 0, 1, 2, 'DDR3', 'gskill-f3-10666cl7d-4gbrh', 2000),
(194, 4, 'F3-12800CL9T2-24GBRL', 24000, '240-pin', 1600, 9, '9-9-9-24', 1.50, 0, 0, 1, 6, 'DDR3', 'gskill-f3-12800cl9t2-24gbrl', 4000),
(195, 4, 'F4-3400C16Q-32GVK', 32000, '288-pin', 3400, 16, '16-18-18-38', 1.35, 0, 0, 1, 4, 'DDR4', 'gskill-f4-3400c16q-32gvk', 8000),
(196, 3, 'CMD16GX4M4A2800C16', 16000, '288-pin', 2800, 16, '16-18-18-36', 1.20, 0, 0, 1, 4, 'DDR4', 'corsair-cmd16gx4m4a2800c16', 4000),
(197, 14, '900424', 8000, '240-pin', 1333, 9, NULL, 1.50, 0, 0, 0, 2, 'DDR3', 'visiontek-900424', 4000),
(198, 11, 'T4070709', 4000, '240-pin', 1333, 9, NULL, 1.50, 0, 0, 0, 2, 'DDR3', 'comsory-t4070709', 2000),
(199, 11, 'T4070803', 12000, '240-pin', 1333, 9, NULL, 1.50, 0, 0, 0, 3, 'DDR3', 'comsory-t4070803', 4000),
(200, 13, 'AVD3U16001104G-2CW', 8000, '240-pin', 1600, 11, '11-11-11-28', 1.50, 0, 0, 1, 2, 'DDR3', 'avexir-avd3u16001104g-2cw', 4000),
(201, 14, '900626', 8000, '240-pin', 1600, 9, NULL, 1.50, 0, 0, 0, 2, 'DDR3', 'visiontek-900626', 4000),
(202, 11, 'T4070715', 16000, '240-pin', 1333, 9, NULL, 1.50, 0, 0, 0, 2, 'DDR3', 'comsory-t4070715', 8000),
(203, 3, 'CMZ8GX3M2A1600C9R', 8000, '240-pin', 1600, 9, '9-9-9-24', 1.50, 0, 0, 0, 2, 'DDR3', 'corsair-cmz8gx3m2a1600c9r', 4000),
(204, 11, 'T4070708', 16000, '240-pin', 1333, 9, NULL, 1.50, 0, 0, 0, 4, 'DDR3', 'comsory-t4070708', 4000),
(205, 3, 'CML16GX3M2A1600C9', 16000, '240-pin', 1600, 9, '9-9-9-24', 1.50, 0, 0, 1, 2, 'DDR3', 'corsair-cml16gx3m2a1600c9', 8000),
(206, 11, 'T4070710', 24000, '240-pin', 1333, 9, NULL, 1.50, 0, 0, 0, 3, 'DDR3', 'comsory-t4070710', 8000),
(207, 11, 'T4070806', 16000, '240-pin', 1333, 9, NULL, 1.50, 0, 0, 0, 2, 'DDR3', 'comsory-t4070806', 8000),
(208, 11, 'T4070801', 4000, '240-pin', 1333, 9, NULL, 1.50, 0, 0, 0, 1, 'DDR3', 'comsory-t4070801', 4000),
(209, 5, 'BLS2KIT2G3D1609DS1S00', 4000, '240-pin', 1600, 9, '9-9-9-24', 1.50, 0, 0, 0, 2, 'DDR3', 'crucial-bls2kit2g3d1609ds1s00', 2000),
(210, 11, 'T4070804', 4000, '240-pin', 1333, 9, NULL, 1.50, 0, 0, 0, 1, 'DDR3', 'comsory-t4070804', 4000),
(211, 11, 'T4030147', 8000, '240-pin', 1333, 9, NULL, 1.50, 0, 0, 0, 1, 'DDR3', 'comsory-t4030147', 8000),
(212, 3, 'CMZ8GX3M2A1600C9', 8000, '240-pin', 1600, 9, '9-9-9-24', 1.50, 0, 0, 0, 2, 'DDR3', 'corsair-cmz8gx3m2a1600c9', 4000),
(213, 11, 'T4070808', 4000, '240-pin', 1333, 9, NULL, 1.50, 0, 0, 0, 1, 'DDR3', 'comsory-t4070808', 4000),
(214, 3, 'CMZ8GX3M2B1600C9G', 8000, '240-pin', 1600, 9, '9-9-9-24', 1.50, 0, 0, 0, 2, 'DDR3', 'corsair-cmz8gx3m2b1600c9g', 4000),
(215, 11, 'T4070711', 4000, '240-pin', 1333, 9, NULL, 1.50, 0, 0, 0, 2, 'DDR3', 'comsory-t4070711', 2000),
(216, 4, 'F3-1600C9D-8GAB', 8000, '240-pin', 1600, 9, '9-9-9-24', 1.50, 0, 0, 1, 2, 'DDR3', 'gskill-f3-1600c9d-8gab', 4000),
(217, 4, 'F3-2400C11Q-16GAB', 16000, '240-pin', 2400, 11, '11-13-13-31', 1.65, 0, 0, 0, 4, 'DDR3', 'gskill-f3-2400c11q-16gab', 4000),
(218, 4, 'F4-2400C14Q2-128GRK', 128000, '288-pin', 2400, 14, '14-14-14-34', 1.20, 0, 0, 1, 8, 'DDR4', 'gskill-f4-2400c14q2-128grk', 16000),
(219, 4, 'F3-1600C9S-8GXLL', 8000, '240-pin', 1600, 9, '9-9-9-28', 1.35, 0, 0, 1, 1, 'DDR3', 'gskill-f3-1600c9s-8gxll', 8000),
(220, 5, 'BLE4G3D1608DE1TX0', 4000, '240-pin', 1600, 8, '8-8-8-24', 1.50, 0, 0, 0, 1, 'DDR3', 'crucial-ble4g3d1608de1tx0', 4000),
(221, 9, 'PSD416G21332', 16000, '288-pin', 2133, 15, NULL, 1.20, 0, 0, 0, 1, 'DDR4', 'patriot-psd416g21332', 16000),
(222, 10, '997199T', 16000, '288-pin', 2400, 15, '15-15-15-35', 1.20, 0, 0, 1, 2, 'DDR4', 'mushkin-997199t', 8000),
(223, 5, 'CT2K8G4DFS8213', 16000, '288-pin', 2133, 15, NULL, 1.20, 0, 0, 0, 2, 'DDR4', 'crucial-ct2k8g4dfs8213', 8000),
(224, 4, 'F3-19200CL10Q-32GBZHD', 32000, '240-pin', 2400, 10, '10-12-12-31', 1.65, 0, 0, 1, 4, 'DDR3', 'gskill-f3-19200cl10q-32gbzhd', 8000),
(225, 4, 'F3-12800CL9S-4GBSR', 4000, '240-pin', 1600, 9, '9-9-9-24', 1.50, 0, 0, 1, 1, 'DDR3', 'gskill-f3-12800cl9s-4gbsr', 4000),
(226, 4, 'F3-1600C10D-16GSR', 16000, '240-pin', 1600, 10, '10-10-10-30', 1.50, 0, 0, 0, 2, 'DDR3', 'gskill-f3-1600c10d-16gsr', 8000),
(227, 4, 'F4-3200C16Q-64GVK', 64000, '288-pin', 3200, 16, '16-18-18-38', 1.35, 0, 0, 1, 4, 'DDR4', 'gskill-f4-3200c16q-64gvk', 16000),
(228, 8, 'KVR13N9S8/4', 4000, '240-pin', 1333, 9, NULL, 1.50, 0, 0, 0, 1, 'DDR3', 'kingston-kvr13n9s84', 4000),
(229, 8, 'KVR21N15D8/8', 8000, '288-pin', 2133, 15, NULL, 1.20, 0, 0, 0, 1, 'DDR4', 'kingston-kvr21n15d88', 8000),
(230, 4, 'F4-2666C15D-16GVB', 16000, '288-pin', 2666, 15, '15-15-15-35', 1.20, 0, 0, 1, 2, 'DDR4', 'gskill-f4-2666c15d-16gvb', 8000),
(231, 4, 'F4-3200C14Q-32GVK', 32000, '288-pin', 3200, 14, '14-14-14-34', 1.35, 0, 0, 0, 4, 'DDR4', 'gskill-f4-3200c14q-32gvk', 8000),
(232, 3, 'CMV4GX3M2A1333C9', 4000, '240-pin', 1333, 9, '9-9-9-24', 1.50, 0, 0, 0, 2, 'DDR3', 'corsair-cmv4gx3m2a1333c9', 2000),
(233, 6, 'HX430C15SB2K2/8', 8000, '288-pin', 3000, 15, NULL, 1.35, 0, 0, 1, 2, 'DDR4', 'hyperx-hx430c15sb2k28', 4000),
(234, 10, 'MES3U1609T8G', 8000, '240-pin', 1600, 9, '9-9-9-24', 1.50, 0, 0, 0, 1, 'DDR3', 'mushkin-mes3u1609t8g', 8000),
(235, 4, 'F4-3200C16Q-16GRKD', 16000, '288-pin', 3200, 16, '16-16-16-36', 1.35, 0, 0, 0, 4, 'DDR4', 'gskill-f4-3200c16q-16grkd', 4000),
(236, 4, 'F4-3200C16S-16GVK', 16000, '288-pin', 3200, 16, '16-18-18-38', 1.35, 0, 0, 1, 1, 'DDR4', 'gskill-f4-3200c16s-16gvk', 16000),
(237, 4, 'F4-3333C16D-32GTZ', 32000, '288-pin', 3333, 16, '16-16-16-36', 1.35, 0, 0, 1, 2, 'DDR4', 'gskill-f4-3333c16d-32gtz', 16000),
(238, 4, 'F3-1600C9D-16GAB', 16000, '240-pin', 1600, 9, '9-9-9-24 2N', 1.50, 0, 0, 0, 2, 'DDR3', 'gskill-f3-1600c9d-16gab', 8000),
(239, 4, 'F4-2666C15D-32GVR', 32000, '288-pin', 2666, 15, '15-15-15-35', 1.20, 0, 0, 1, 2, 'DDR4', 'gskill-f4-2666c15d-32gvr', 16000),
(240, 4, 'F4-3200C14D-16GVK', 16000, '288-pin', 3200, 14, '14-14-14-34', 1.35, 0, 0, 0, 2, 'DDR4', 'gskill-f4-3200c14d-16gvk', 8000),
(241, 4, 'F4-2400C15S-4GIS', 4000, '288-pin', 2400, 15, '15-15-15-35', 1.20, 0, 0, 0, 1, 'DDR4', 'gskill-f4-2400c15s-4gis', 4000),
(242, 3, 'CMD16GX4M4C3200C15', 16000, '288-pin', 3200, 15, '15-17-17-35', 1.35, 0, 0, 1, 4, 'DDR4', 'corsair-cmd16gx4m4c3200c15', 4000),
(243, 13, 'AVD3U21330904G-2BZ1SE', 8000, '240-pin', 2133, 9, '9-11-10-27', 1.65, 0, 0, 0, 2, 'DDR3', 'avexir-avd3u21330904g-2bz1se', 4000),
(244, 5, 'BLT2K8G3D1608ET3LX0', 16000, '240-pin', 1600, 8, '8-8-8-24', 1.35, 0, 0, 1, 2, 'DDR3', 'crucial-blt2k8g3d1608et3lx0', 8000),
(245, 5, 'CT2KIT25664BA160BJ', 4000, '240-pin', 1600, 11, NULL, 1.50, 0, 0, 0, 2, 'DDR3', 'crucial-ct2kit25664ba160bj', 2000),
(246, 4, 'F3-12800CL9Q-8GBXL', 8000, '240-pin', 1600, 9, '9-9-9-24', 1.50, 0, 0, 1, 4, 'DDR3', 'gskill-f3-12800cl9q-8gbxl', 2000),
(247, 4, 'F4-3000C14D-32GVK', 32000, '288-pin', 3000, 14, '14-14-14-34', 1.35, 0, 0, 0, 2, 'DDR4', 'gskill-f4-3000c14d-32gvk', 16000),
(248, 4, 'F4-3333C16Q-64GTZ', 64000, '288-pin', 3333, 16, '16-16-16-36', 1.35, 0, 0, 1, 4, 'DDR4', 'gskill-f4-3333c16q-64gtz', 16000),
(249, 4, 'F4-2400C15Q-16GIS', 16000, '288-pin', 2400, 15, '15-15-15-35', 1.20, 0, 0, 0, 4, 'DDR4', 'gskill-f4-2400c15q-16gis', 4000),
(250, 3, 'CMD64GX4M4C3200C16', 64000, '288-pin', 3200, 16, '16-18-18-36', 1.35, 0, 0, 1, 4, 'DDR4', 'corsair-cmd64gx4m4c3200c16', 16000),
(251, 7, 'TDKED316G1600HC9DC01', 16000, '240-pin', 1600, 9, '9-9-9-24', 1.50, 0, 0, 1, 2, 'DDR3', 'team-tdked316g1600hc9dc01', 8000),
(252, 6, 'HX424C15FB/8', 8000, '288-pin', 2400, 15, NULL, 1.20, 0, 0, 1, 1, 'DDR4', 'hyperx-hx424c15fb8', 8000),
(253, 6, 'HX318C9T2K2/8', 8000, '240-pin', 1866, 9, '9-10-11', 1.50, 0, 0, 0, 2, 'DDR3', 'hyperx-hx318c9t2k28', 4000),
(254, 5, 'CT2K16G4DFD8213', 32000, '288-pin', 2133, 15, NULL, 1.20, 0, 0, 0, 2, 'DDR4', 'crucial-ct2k16g4dfd8213', 16000),
(255, 10, '994110S', 32000, '240-pin', 1600, 9, '9-9-9-24', 1.35, 0, 0, 1, 4, 'DDR3', 'mushkin-994110s', 8000),
(256, 4, 'F4-2800C15Q-32GVR', 32000, '288-pin', 2800, 15, '15-15-15-35', 1.25, 0, 0, 1, 4, 'DDR4', 'gskill-f4-2800c15q-32gvr', 8000),
(257, 4, 'F4-3000C14Q-32GVR', 32000, '288-pin', 3000, 14, '14-14-14-34', 1.35, 0, 0, 0, 4, 'DDR4', 'gskill-f4-3000c14q-32gvr', 8000),
(258, 3, 'CMK64GX4M8B2800C14', 64000, '288-pin', 2800, 14, '14-16-16-36', 1.35, 0, 0, 1, 8, 'DDR4', 'corsair-cmk64gx4m8b2800c14', 8000),
(259, 12, 'AA160D3N/4G', 4000, '240-pin', 1600, 11, NULL, 1.50, 0, 0, 0, 1, 'DDR3', 'addon-aa160d3n4g', 4000),
(260, 6, 'HX321C11SRK2/16', 16000, '240-pin', 2133, 11, '11-12-12', 1.60, 0, 0, 0, 2, 'DDR3', 'hyperx-hx321c11srk216', 8000),
(261, 10, '994029', 8000, '240-pin', 1600, 11, '11-11-11-28', 1.35, 0, 0, 0, 4, 'DDR3', 'mushkin-994029', 2000),
(262, 4, 'F3-10666CL7Q-8GBXH', 8000, '240-pin', 1333, 7, '7-7-7-21', 1.50, 0, 0, 1, 4, 'DDR3', 'gskill-f3-10666cl7q-8gbxh', 2000),
(263, 4, 'F3-2133C10Q-16GSR', 16000, '240-pin', 2133, 10, '10-12-12-31', 1.60, 0, 0, 0, 4, 'DDR3', 'gskill-f3-2133c10q-16gsr', 4000),
(264, 4, 'F3-2133C10Q-16GZM', 16000, '240-pin', 2133, 10, '10-12-12-31', 1.60, 0, 0, 0, 4, 'DDR3', 'gskill-f3-2133c10q-16gzm', 4000),
(265, 4, 'F3-12800CL7D-8GBXM', 8000, '240-pin', 1600, 7, '7-8-8-24', 1.50, 0, 0, 0, 2, 'DDR3', 'gskill-f3-12800cl7d-8gbxm', 4000),
(266, 11, 'T4030123', 4000, '240-pin', 1333, 9, NULL, 1.50, 0, 0, 0, 1, 'DDR3', 'comsory-t4030123', 4000),
(267, 5, 'BLT4G3D1869DT1TX0', 4000, '240-pin', 1866, 9, '9-9-9-27', 1.50, 0, 0, 0, 1, 'DDR3', 'crucial-blt4g3d1869dt1tx0', 4000),
(268, 5, 'BLT2K4G4D26AFTA', 8000, '288-pin', 2666, 16, NULL, 1.20, 0, 0, 1, 2, 'DDR4', 'crucial-blt2k4g4d26afta', 4000),
(269, 6, 'HX426C15FBK4/16', 16000, '288-pin', 2666, 15, '15-17-17', 1.20, 0, 0, 1, 4, 'DDR4', 'hyperx-hx426c15fbk416', 4000),
(270, 4, 'F3-10600CL9S-2GBNS', 2000, '240-pin', 1333, 9, '9-9-9-24', 1.50, 0, 0, 0, 1, 'DDR3', 'gskill-f3-10600cl9s-2gbns', 2000),
(271, 4, 'F4-2133C15Q-16GRK', 16000, '288-pin', 2133, 15, '15-15-15-35', 1.20, 0, 0, 0, 4, 'DDR4', 'gskill-f4-2133c15q-16grk', 4000),
(272, 4, 'F4-2800C15Q2-128GRKD', 128000, '288-pin', 2800, 15, '15-15-15-35', 1.35, 0, 0, 0, 8, 'DDR4', 'gskill-f4-2800c15q2-128grkd', 16000),
(273, 3, 'CMK64GX4M4B3200C16', 64000, '288-pin', 3200, 16, '16-18-18-36', 1.35, 0, 0, 1, 4, 'DDR4', 'corsair-cmk64gx4m4b3200c16', 16000),
(274, 12, 'A3414609-AA', 2000, '240-pin', 1066, 7, NULL, 1.50, 0, 0, 0, 1, 'DDR3', 'addon-a3414609-aa', 2000),
(275, 6, 'HX426C15FBK2/8', 8000, '288-pin', 2666, 15, NULL, 1.20, 0, 0, 1, 2, 'DDR4', 'hyperx-hx426c15fbk28', 4000),
(276, 9, 'PVE48G266C5KRD', 8000, '288-pin', 2666, 15, '15-15-15-35', 1.20, 0, 0, 1, 2, 'DDR4', 'patriot-pve48g266c5krd', 4000),
(277, 3, 'CMK8GX4M2B3000C15R', 8000, '288-pin', 3000, 15, '15-17-17-35', 1.35, 0, 0, 1, 2, 'DDR4', 'corsair-cmk8gx4m2b3000c15r', 4000),
(278, 4, 'F3-2400C11Q-32GXM', 32000, '240-pin', 2400, 11, '11-13-13-31', 1.65, 0, 0, 0, 4, 'DDR3', 'gskill-f3-2400c11q-32gxm', 8000),
(279, 4, 'F3-1600C9S-8GSR', 8000, '240-pin', 1600, 9, '9-9-9-24', 1.50, 0, 0, 0, 1, 'DDR3', 'gskill-f3-1600c9s-8gsr', 8000),
(280, 6, 'KHX16C9B1RK2/8X', 8000, '240-pin', 1600, 9, NULL, 1.65, 0, 0, 0, 2, 'DDR3', 'hyperx-khx16c9b1rk28x', 4000),
(281, 6, 'HX421C13PBK4/16', 16000, '288-pin', 2133, 13, '13-13-13', 1.20, 0, 0, 0, 4, 'DDR4', 'hyperx-hx421c13pbk416', 4000),
(282, 8, 'KVR1333D3N9/8G', 8000, '240-pin', 1333, 9, NULL, 1.50, 0, 0, 0, 1, 'DDR3', 'kingston-kvr1333d3n98g', 8000),
(283, 5, 'CT51264BA160BJ', 4000, '240-pin', 1600, 11, NULL, 1.50, 0, 0, 0, 1, 'DDR3', 'crucial-ct51264ba160bj', 4000),
(284, 9, 'PVE48G266C5KBL', 8000, '288-pin', 2666, 15, '15-15-15-35', 1.20, 0, 0, 1, 2, 'DDR4', 'patriot-pve48g266c5kbl', 4000),
(285, 10, '992017', 8000, '240-pin', 1333, 9, '9-9-9-24', 1.50, 0, 0, 0, 1, 'DDR3', 'mushkin-992017', 8000),
(286, 4, 'F4-2400C15Q-16GNT', 16000, '288-pin', 2400, 15, '15-15-15-35', 1.20, 0, 0, 0, 4, 'DDR4', 'gskill-f4-2400c15q-16gnt', 4000),
(287, 4, 'F4-2800C17S-8GIS', 8000, '288-pin', 2800, 17, '17-17-17-37', 1.20, 0, 0, 0, 1, 'DDR4', 'gskill-f4-2800c17s-8gis', 8000),
(288, 8, 'KVR16N11/8', 8000, '240-pin', 1600, 11, NULL, 1.50, 0, 0, 0, 1, 'DDR3', 'kingston-kvr16n118', 8000),
(289, 8, 'KVR16N11S8K2/8', 8000, '240-pin', 1600, 11, '11-11-11', 1.50, 0, 0, 0, 2, 'DDR3', 'kingston-kvr16n11s8k28', 4000),
(290, 7, 'TED38192M1333HC9DC', 8000, '240-pin', 1333, 9, '9-9-9-24', 1.50, 0, 0, 0, 2, 'DDR3', 'team-ted38192m1333hc9dc', 4000),
(291, 4, 'F3-10666CL9S-4GBNT', 4000, '240-pin', 1333, 9, '9-9-9-24', 1.50, 0, 0, 0, 1, 'DDR3', 'gskill-f3-10666cl9s-4gbnt', 4000),
(292, 4, 'F3-1600C7D-16GTX', 16000, '240-pin', 1600, 7, '7-8-8-24', 1.50, 0, 0, 0, 2, 'DDR3', 'gskill-f3-1600c7d-16gtx', 8000),
(293, 14, '900379', 4000, '240-pin', 1333, 9, NULL, 1.50, 0, 0, 0, 1, 'DDR3', 'visiontek-900379', 4000),
(294, 6, 'HX424C15FBK2/8', 8000, '288-pin', 2400, 15, NULL, 1.20, 0, 0, 1, 2, 'DDR4', 'hyperx-hx424c15fbk28', 4000),
(295, 10, '997110S', 16000, '240-pin', 1600, 9, '9-9-9-24', 1.35, 0, 0, 1, 2, 'DDR3', 'mushkin-997110s', 8000),
(296, 4, 'F3-12800CL9T-12GBSR2', 12000, '240-pin', 1600, 9, '9-9-9-24', 1.25, 0, 0, 0, 3, 'DDR3', 'gskill-f3-12800cl9t-12gbsr2', 4000),
(297, 4, 'F3-1600C8Q-16GAB', 16000, '240-pin', 1600, 8, '8-8-8', 1.50, 0, 0, 1, 4, 'DDR3', 'gskill-f3-1600c8q-16gab', 4000),
(298, 4, 'F4-2800C15Q-32GTXG', 32000, '288-pin', 2800, 15, '15-16-16-35', 1.25, 0, 0, 0, 4, 'DDR4', 'gskill-f4-2800c15q-32gtxg', 8000),
(299, 4, 'F4-3000C14D-32GVR', 32000, '288-pin', 3000, 14, '14-14-14-34', 1.35, 0, 0, 1, 2, 'DDR4', 'gskill-f4-3000c14d-32gvr', 16000),
(300, 4, 'F4-3400C16Q-64GVR', 64000, '288-pin', 3400, 16, '16-16-16-36', 1.35, 0, 0, 1, 4, 'DDR4', 'gskill-f4-3400c16q-64gvr', 16000),
(301, 4, 'F3-1866C10Q-32GSR', 32000, '240-pin', 1866, 10, '10-11-10-30', 1.50, 0, 0, 0, 4, 'DDR3', 'gskill-f3-1866c10q-32gsr', 8000),
(302, 4, 'F4-3200C16D-8GVKB', 8000, '288-pin', 3200, 16, '16-18-18-35', 1.35, 0, 0, 1, 2, 'DDR4', 'gskill-f4-3200c16d-8gvkb', 4000),
(303, 3, 'CMK64GX4M4B3333C16R', 64000, '288-pin', 3333, 16, '16-18-18-36', 1.35, 0, 0, 1, 4, 'DDR4', 'corsair-cmk64gx4m4b3333c16r', 16000),
(304, 6, 'HX318C10FB/4', 4000, '240-pin', 1866, 10, '10-11-10', 1.50, 0, 0, 1, 1, 'DDR3', 'hyperx-hx318c10fb4', 4000),
(305, 6, 'HX324C11SRK4/32', 32000, '240-pin', 2400, 11, '11-13-14', 1.65, 0, 0, 0, 4, 'DDR3', 'hyperx-hx324c11srk432', 8000),
(306, 10, '993988S', 16000, '240-pin', 1600, 9, '9-9-9-24', 1.35, 0, 0, 1, 4, 'DDR3', 'mushkin-993988s', 4000),
(307, 4, 'F4-2133C15Q-32GRK', 32000, '288-pin', 2133, 15, '15-15-15-35', 1.20, 0, 0, 0, 4, 'DDR4', 'gskill-f4-2133c15q-32grk', 8000),
(308, 4, 'F4-2400C15S-8GNS', 8000, '288-pin', 2400, 15, '15-15-15-35', 1.20, 0, 0, 0, 1, 'DDR4', 'gskill-f4-2400c15s-8gns', 8000),
(309, 3, 'CMZ4GX3M1A1600C9', 4000, '240-pin', 1600, 9, '9-9-9-24', 1.50, 0, 0, 1, 1, 'DDR3', 'corsair-cmz4gx3m1a1600c9', 4000),
(310, 8, 'KVR13N9S8H/4', 4000, '240-pin', 1333, 9, NULL, 1.50, 0, 0, 0, 1, 'DDR3', 'kingston-kvr13n9s8h4', 4000),
(311, 4, 'F4-3000C15Q-64GVR', 64000, '288-pin', 3000, 15, '15-15-15-35', 1.35, 0, 0, 1, 4, 'DDR4', 'gskill-f4-3000c15q-64gvr', 16000),
(312, 3, 'CMZ8GX3M2A1600C9R', 8000, '240-pin', 1600, 9, '9-9-9-24', 1.50, 0, 0, 1, 2, 'DDR3', 'corsair-cmz8gx3m2a1600c9r', 4000),
(313, 4, 'F3-2400C10D-8GTX', 8000, '240-pin', 2400, 10, '10-12-12-31', 1.65, 0, 0, 0, 2, 'DDR3', 'gskill-f3-2400c10d-8gtx', 4000),
(314, 4, 'F4-3000C14D-16GVR', 16000, '288-pin', 3000, 14, '14-14-14-34', 1.35, 0, 0, 1, 2, 'DDR4', 'gskill-f4-3000c14d-16gvr', 8000),
(315, 4, 'F4-3400C16Q-64GVK', 64000, '288-pin', 3400, 16, '16-16-16-36', 1.35, 0, 0, 1, 4, 'DDR4', 'gskill-f4-3400c16q-64gvk', 16000),
(316, 3, 'CMY8GX3M2C1600C9R', 8000, '240-pin', 1600, 9, '9-9-9-24', 1.35, 0, 0, 1, 2, 'DDR3', 'corsair-cmy8gx3m2c1600c9r', 4000),
(317, 4, 'F3-10666CL9D-8GBXL', 8000, '240-pin', 1333, 9, '9-9-9-24', 1.50, 0, 0, 0, 2, 'DDR3', 'gskill-f3-10666cl9d-8gbxl', 4000),
(318, 4, 'F3-1600C8D-8GAB', 8000, '240-pin', 1600, 8, '8-8-8', 1.50, 0, 0, 1, 2, 'DDR3', 'gskill-f3-1600c8d-8gab', 4000),
(319, 11, 'T4070802', 4000, '240-pin', 1333, 9, NULL, 1.50, 0, 0, 0, 1, 'DDR3', 'comsory-t4070802', 4000),
(320, 3, 'CMX8GX3M2A1600C9', 8000, '240-pin', 1600, 9, '9-9-9-24', 1.65, 0, 0, 1, 2, 'DDR3', 'corsair-cmx8gx3m2a1600c9', 4000),
(321, 5, 'BLS2K4G3D1609ES2LX0', 8000, '240-pin', 1600, 9, '9-9-9-24', 1.35, 0, 0, 1, 2, 'DDR3', 'crucial-bls2k4g3d1609es2lx0', 4000),
(322, 6, 'HX424C12SB2K4/32', 32000, '288-pin', 2400, 12, NULL, 1.35, 0, 0, 1, 4, 'DDR4', 'hyperx-hx424c12sb2k432', 8000),
(323, 9, 'PVE464G280C6QKR', 64000, '288-pin', 2800, 16, '16-18-18-36', 1.20, 0, 0, 1, 4, 'DDR4', 'patriot-pve464g280c6qkr', 16000),
(324, 4, 'F3-10666CL9T2-24GBRL', 24000, '240-pin', 1333, 9, '9-9-9-24', 1.50, 0, 0, 1, 6, 'DDR3', 'gskill-f3-10666cl9t2-24gbrl', 4000),
(325, 4, 'F3-10666CL9D-4GBNS', 4000, '240-pin', 1333, 9, '9-9-9-24', 1.50, 0, 0, 0, 2, 'DDR3', 'gskill-f3-10666cl9d-4gbns', 2000),
(326, 4, 'F3-1866C9D-16GZH', 16000, '240-pin', 1866, 9, '9-9-9-24', 1.50, 0, 0, 0, 2, 'DDR3', 'gskill-f3-1866c9d-16gzh', 8000),
(327, 4, 'F3-2133C10Q-32GSR', 32000, '240-pin', 2133, 10, '10-12-12-31', 1.60, 0, 0, 0, 4, 'DDR3', 'gskill-f3-2133c10q-32gsr', 8000),
(328, 4, 'F3-10666CL9D-4GBRL', 4000, '240-pin', 1333, 9, '9-9-9-24', 1.50, 0, 0, 0, 2, 'DDR3', 'gskill-f3-10666cl9d-4gbrl', 2000),
(329, 4, 'F3-12800CL9D-8GBSR1', 8000, '240-pin', 1600, 9, '9-9-9-24', 1.35, 0, 0, 1, 2, 'DDR3', 'gskill-f3-12800cl9d-8gbsr1', 4000),
(330, 14, '900391', 4000, '240-pin', 1600, 8, NULL, 1.50, 0, 0, 1, 1, 'DDR3', 'visiontek-900391', 4000),
(331, 6, 'HX318C10FBK2/8', 8000, '240-pin', 1866, 10, '10-11-10', 1.50, 0, 0, 1, 2, 'DDR3', 'hyperx-hx318c10fbk28', 4000),
(332, 6, 'KHX1333C9D3B1/4G', 4000, '240-pin', 1333, 9, NULL, 1.50, 0, 0, 0, 1, 'DDR3', 'hyperx-khx1333c9d3b14g', 4000),
(333, 6, 'HX424C14SBK4/64', 64000, '288-pin', 2400, 14, '14-14-14', 1.20, 0, 0, 1, 4, 'DDR4', 'hyperx-hx424c14sbk464', 16000),
(334, 5, 'BLS8G4D240FSE', 8000, '288-pin', 2400, 16, '16-16-16', 1.20, 0, 0, 1, 1, 'DDR4', 'crucial-bls8g4d240fse', 8000),
(335, 9, 'PVE48G280C6KBL', 8000, '288-pin', 2800, 16, '16-18-18-36', 1.20, 0, 0, 1, 2, 'DDR4', 'patriot-pve48g280c6kbl', 4000),
(336, 4, 'F3-2133C10Q-32GZM', 32000, '240-pin', 2133, 10, '10-12-12-31', 1.60, 0, 0, 0, 4, 'DDR3', 'gskill-f3-2133c10q-32gzm', 8000),
(337, 4, 'F4-3000C14Q-64GTZ', 64000, '288-pin', 3000, 14, '14-14-14-34', 1.35, 0, 0, 1, 4, 'DDR4', 'gskill-f4-3000c14q-64gtz', 16000),
(338, 4, 'F3-12800CL8D-4GBTD', 4000, '240-pin', 1600, 8, '8-8-8-24', 1.60, 0, 0, 1, 2, 'DDR3', 'gskill-f3-12800cl8d-4gbtd', 2000),
(339, 4, 'F3-10666CL7T-12GBRH', 12000, '240-pin', 1333, 7, '7-7-7-21', 1.50, 0, 0, 0, 3, 'DDR3', 'gskill-f3-10666cl7t-12gbrh', 4000),
(340, 4, 'F3-14900CL10S-8GBXL', 8000, '240-pin', 1866, 10, '10-11-10-30', 1.50, 0, 0, 1, 1, 'DDR3', 'gskill-f3-14900cl10s-8gbxl', 8000),
(341, 3, 'CMK8GX4M1A2400C16R', 8000, '288-pin', 2400, 16, '16-16-16-39', 1.20, 0, 0, 1, 1, 'DDR4', 'corsair-cmk8gx4m1a2400c16r', 8000),
(342, 6, 'KHX16C9T3K4/32X', 32000, '240-pin', 1600, 9, NULL, 1.50, 0, 0, 1, 4, 'DDR3', 'hyperx-khx16c9t3k432x', 8000),
(343, 6, 'HX318C9SRK2/8', 8000, '240-pin', 1866, 9, '9-10-11', 1.50, 0, 0, 0, 2, 'DDR3', 'hyperx-hx318c9srk28', 4000),
(344, 5, 'CT2KIT25664BA1339', 4000, '240-pin', 1333, 9, NULL, 1.50, 0, 0, 0, 2, 'DDR3', 'crucial-ct2kit25664ba1339', 2000),
(345, 6, 'HX318C9T3K2/8', 8000, '240-pin', 1866, 9, '9-10-11', 1.50, 0, 0, 1, 2, 'DDR3', 'hyperx-hx318c9t3k28', 4000),
(346, 5, 'BLS4K4G4D240FSE', 16000, '288-pin', 2400, 16, '16-16-16', 1.20, 0, 0, 0, 4, 'DDR4', 'crucial-bls4k4g4d240fse', 4000),
(347, 9, 'PVE48G320C6KRD', 8000, '288-pin', 3200, 16, '16-16-16-36', 1.35, 0, 0, 1, 2, 'DDR4', 'patriot-pve48g320c6krd', 4000),
(348, 4, 'F4-3200C14D-16GVR', 16000, '288-pin', 3200, 14, '14-14-14-34', 1.35, 0, 0, 0, 2, 'DDR4', 'gskill-f4-3200c14d-16gvr', 8000),
(349, 4, 'F4-2400C15S-4GNT', 4000, '288-pin', 2400, 15, '15-15-15-35', 1.20, 0, 0, 0, 1, 'DDR4', 'gskill-f4-2400c15s-4gnt', 4000),
(350, 10, '997030', 8000, '240-pin', 1600, 11, '11-11-11-28', 1.35, 0, 0, 0, 2, 'DDR3', 'mushkin-997030', 4000),
(351, 4, 'F3-2666C11D-16GTXD', 16000, '240-pin', 2666, 11, '11-13-13-35', 1.65, 0, 0, 1, 2, 'DDR3', 'gskill-f3-2666c11d-16gtxd', 8000),
(352, 4, 'F4-3200C16Q-16GTZB', 16000, '288-pin', 3200, 16, '16-18-18-38', 1.35, 0, 0, 1, 4, 'DDR4', 'gskill-f4-3200c16q-16gtzb', 4000),
(353, 7, 'TDRED316G1600HC9DC01', 16000, '240-pin', 1600, 9, '9-9-9-24', 1.50, 0, 0, 1, 2, 'DDR3', 'team-tdred316g1600hc9dc01', 8000),
(354, 12, 'AA1333D3N9/4G', 2000, '240-pin', 1333, 9, NULL, 1.50, 0, 0, 0, 1, 'DDR3', 'addon-aa1333d3n94g', 2000),
(355, 11, 'T4070706', 2000, '240-pin', 1333, 9, NULL, 1.50, 0, 0, 0, 1, 'DDR3', 'comsory-t4070706', 2000),
(356, 4, 'F4-3200C15Q2-64GVR', 64000, '288-pin', 3200, 15, '15-15-15-35', 1.35, 0, 0, 1, 8, 'DDR4', 'gskill-f4-3200c15q2-64gvr', 8000),
(357, 11, 'T4070714', 8000, '240-pin', 1333, 9, NULL, 1.50, 0, 0, 0, 1, 'DDR3', 'comsory-t4070714', 8000),
(358, 3, 'CMZ8GX3M2A1600C9B', 8000, '240-pin', 1600, 9, '9-9-9-24', 1.50, 0, 0, 0, 2, 'DDR3', 'corsair-cmz8gx3m2a1600c9b', 4000),
(359, 11, 'T4070712', 8000, '240-pin', 1333, 9, NULL, 1.50, 0, 0, 0, 1, 'DDR3', 'comsory-t4070712', 8000),
(360, 5, 'BLS2KIT2G3D1609DS1S00', 4000, '240-pin', 1600, 9, '9-9-9-24', 1.50, 0, 0, 0, 2, 'DDR3', 'crucial-bls2kit2g3d1609ds1s00', 2000),
(361, 6, 'HX324C11T3K2/16', 16000, '240-pin', 2400, 11, '11-13-14', 1.65, 0, 0, 0, 2, 'DDR3', 'hyperx-hx324c11t3k216', 8000),
(362, 6, 'HX424C12SB2K4/16', 16000, '288-pin', 2400, 12, NULL, 1.35, 0, 0, 1, 4, 'DDR4', 'hyperx-hx424c12sb2k416', 4000),
(363, 9, 'PVE464G266C5QKR', 64000, '288-pin', 2666, 15, '15-15-15-35', 1.20, 0, 0, 1, 4, 'DDR4', 'patriot-pve464g266c5qkr', 16000),
(364, 4, 'F4-2666C15Q-64GVR', 64000, '288-pin', 2666, 15, '15-15-15-35', 1.20, 0, 0, 1, 4, 'DDR4', 'gskill-f4-2666c15q-64gvr', 16000),
(365, 4, 'F4-3333C16Q-64GVR', 64000, '288-pin', 3333, 16, '16-16-16-36', 1.35, 0, 0, 1, 4, 'DDR4', 'gskill-f4-3333c16q-64gvr', 16000),
(366, 4, 'F3-10666CL9T-12GBRL', 12000, '240-pin', 1333, 9, '9-9-9-24', 1.50, 0, 0, 1, 3, 'DDR3', 'gskill-f3-10666cl9t-12gbrl', 4000),
(367, 4, 'F3-10666CL7D-4GBXH', 4000, '240-pin', 1333, 7, '7-7-7-21', 1.50, 0, 0, 0, 2, 'DDR3', 'gskill-f3-10666cl7d-4gbxh', 2000),
(368, 4, 'F3-17000CL11Q2-32GBZL', 32000, '240-pin', 2133, 11, '11-11-11-30', 1.60, 0, 0, 0, 8, 'DDR3', 'gskill-f3-17000cl11q2-32gbzl', 4000),
(369, 4, 'F3-1866C8Q-32GTX', 32000, '240-pin', 1866, 8, '8-9-9-24', 1.60, 0, 0, 0, 4, 'DDR3', 'gskill-f3-1866c8q-32gtx', 8000),
(370, 4, 'F3-1600C11D-16GIS', 16000, '240-pin', 1600, 11, '11-11-11-28', 1.50, 0, 0, 0, 2, 'DDR3', 'gskill-f3-1600c11d-16gis', 8000),
(371, 4, 'F4-2133C15S-8GNS', 8000, '288-pin', 2133, 15, '15-15-15-35', 1.20, 0, 0, 0, 1, 'DDR4', 'gskill-f4-2133c15s-8gns', 8000),
(372, 12, 'A3708119-AA', 2000, '240-pin', 1333, 9, NULL, 1.50, 0, 0, 0, 1, 'DDR3', 'addon-a3708119-aa', 2000),
(373, 6, 'HX316C9SRK4/32', 32000, '240-pin', 1600, 9, '9-9-9', 1.50, 0, 0, 0, 4, 'DDR3', 'hyperx-hx316c9srk432', 8000),
(374, 4, 'F3-10666CL9Q-8GBRL', 8000, '240-pin', 1333, 9, '9-9-9-24-2N', 1.50, 0, 0, 1, 4, 'DDR3', 'gskill-f3-10666cl9q-8gbrl', 2000),
(375, 4, 'F4-3000C15Q2-32GRBB', 32000, '288-pin', 3000, 15, '15-16-16-35', 1.35, 0, 0, 0, 8, 'DDR4', 'gskill-f4-3000c15q2-32grbb', 4000),
(376, 4, 'F4-2133C15S-4GNT', 4000, '288-pin', 2133, 15, '15-15-15-35', 1.20, 0, 0, 0, 1, 'DDR4', 'gskill-f4-2133c15s-4gnt', 4000),
(377, 4, 'F4-3200C14D-16GTZ', 16000, '288-pin', 3200, 14, '14-14-14-34', 1.35, 0, 0, 1, 2, 'DDR4', 'gskill-f4-3200c14d-16gtz', 8000),
(378, 3, 'CMK32GX4M2B3200C16R', 32000, '288-pin', 3200, 16, '16-18-18-36', 1.35, 0, 0, 1, 2, 'DDR4', 'corsair-cmk32gx4m2b3200c16r', 16000),
(379, 6, 'HX426C15FB/4', 4000, '288-pin', 2666, 15, NULL, 1.20, 0, 0, 1, 1, 'DDR4', 'hyperx-hx426c15fb4', 4000),
(380, 9, 'PVE48G240C5KRD', 8000, '288-pin', 2400, 15, '15-15-15-35', 1.20, 0, 0, 1, 2, 'DDR4', 'patriot-pve48g240c5krd', 4000),
(381, 4, 'F3-10666CL9Q2-64GBZL', 64000, '240-pin', 1333, 9, '9-9-9-24', 1.50, 0, 0, 1, 8, 'DDR3', 'gskill-f3-10666cl9q2-64gbzl', 8000),
(382, 4, 'F3-10600CL9D-4GBPK', 4000, '240-pin', 1333, 9, '9-9-9-24', 1.50, 0, 0, 1, 2, 'DDR3', 'gskill-f3-10600cl9d-4gbpk', 2000),
(383, 4, 'F3-2400C11Q2-64GZM', 64000, '240-pin', 2400, 11, '11-13-13-31', 1.65, 0, 0, 0, 8, 'DDR3', 'gskill-f3-2400c11q2-64gzm', 8000),
(384, 4, 'F4-2400C15Q-32GNT', 32000, '288-pin', 2400, 15, '15-15-15-35', 1.20, 0, 0, 0, 4, 'DDR4', 'gskill-f4-2400c15q-32gnt', 8000),
(385, 4, 'F4-3200C16D-8GVK', 8000, '288-pin', 3200, 16, '16-16-16-36', 1.35, 0, 0, 1, 2, 'DDR4', 'gskill-f4-3200c16d-8gvk', 4000),
(386, 13, 'AVD3U16001104G-1CIG', 4000, '240-pin', 1600, 11, '11-11-11-28', 1.50, 0, 0, 0, 1, 'DDR3', 'avexir-avd3u16001104g-1cig', 4000),
(387, 6, 'HX316C9SR/8', 8000, '240-pin', 1600, 9, '9-9-9', 1.50, 0, 0, 1, 1, 'DDR3', 'hyperx-hx316c9sr8', 8000),
(388, 9, 'PSD432G2133K', 32000, '288-pin', 2133, 15, NULL, 1.20, 0, 0, 0, 2, 'DDR4', 'patriot-psd432g2133k', 16000),
(389, 3, 'CMK4GX4M1A2400C16R', 4000, '288-pin', 2400, 16, '16-16-16-39', 1.20, 0, 0, 1, 1, 'DDR4', 'corsair-cmk4gx4m1a2400c16r', 4000),
(390, 4, 'F4-3200C16D-8GRK', 8000, '288-pin', 3200, 16, '16-16-16-36', 1.35, 0, 0, 1, 2, 'DDR4', 'gskill-f4-3200c16d-8grk', 4000),
(391, 4, 'F3-12800CL8D-4GBECO', 4000, '240-pin', 1600, 8, '8-8-8-24-2N', 1.35, 0, 0, 1, 2, 'DDR3', 'gskill-f3-12800cl8d-4gbeco', 2000),
(392, 4, 'F3-2133C9Q-32GZH', 32000, '240-pin', 2133, 9, '9-11-11-31', 1.60, 0, 0, 1, 4, 'DDR3', 'gskill-f3-2133c9q-32gzh', 8000),
(393, 4, 'F3-10600CL9D-16GBNT', 16000, '240-pin', 1333, 9, '9-9-9', 1.50, 0, 0, 0, 2, 'DDR3', 'gskill-f3-10600cl9d-16gbnt', 8000),
(394, 4, 'F3-1866C10Q-32GZM', 32000, '240-pin', 1866, 10, '10-11-10-30', 1.50, 0, 0, 0, 4, 'DDR3', 'gskill-f3-1866c10q-32gzm', 8000);
INSERT INTO `memory` (`id`, `manufacturer_id`, `part_number`, `capacity`, `type`, `speed`, `latency`, `timing`, `voltage`, `ecc`, `buffered`, `spreader`, `slots`, `data_rate`, `slug`, `capacity_per_slot`) VALUES
(395, 4, 'F4-3200C16Q-32GTZ', 32000, '288-pin', 3200, 16, '16-16-16-36', 1.35, 0, 0, 1, 4, 'DDR4', 'gskill-f4-3200c16q-32gtz', 8000),
(396, 4, 'F4-3000C14D-32GTZ', 32000, '288-pin', 3000, 14, '14-14-14-34', 1.35, 0, 0, 1, 2, 'DDR4', 'gskill-f4-3000c14d-32gtz', 16000),
(397, 3, 'CMK32GX4M4A2400C14', 32000, '288-pin', 2400, 14, '14-16-16-31', 1.20, 0, 0, 1, 4, 'DDR4', 'corsair-cmk32gx4m4a2400c14', 8000),
(398, 9, 'PVE48G240C5KBL', 8000, '288-pin', 2400, 15, '15-15-15-35', 1.20, 0, 0, 1, 2, 'DDR4', 'patriot-pve48g240c5kbl', 4000),
(399, 4, 'F3-12800CL9D-4GBNQ', 4000, '240-pin', 1600, 9, '9-9-9-24', 1.50, 0, 0, 1, 2, 'DDR3', 'gskill-f3-12800cl9d-4gbnq', 2000),
(400, 4, 'F3-2400C11D-8GXM', 8000, '240-pin', 2400, 11, '11-13-13-31', 1.65, 0, 0, 1, 2, 'DDR3', 'gskill-f3-2400c11d-8gxm', 4000),
(401, 4, 'F4-3400C16Q-16GRBD', 16000, '288-pin', 3400, 16, '16-18-18-38', 1.35, 0, 0, 1, 4, 'DDR4', 'gskill-f4-3400c16q-16grbd', 4000),
(402, 4, 'F4-3400C16Q-64GTZ', 64000, '288-pin', 3400, 16, '16-16-16-36', 1.20, 0, 0, 0, 4, 'DDR4', 'gskill-f4-3400c16q-64gtz', 16000),
(403, 3, 'CMD64GX4M4A2400C14', 64000, '288-pin', 2400, 14, '14-16-16-36', 1.20, 0, 0, 1, 4, 'DDR4', 'corsair-cmd64gx4m4a2400c14', 16000),
(404, 6, 'HX426C13SB2K2/16', 16000, '288-pin', 2666, 13, NULL, 1.35, 0, 0, 1, 2, 'DDR4', 'hyperx-hx426c13sb2k216', 8000),
(405, 5, 'CT51264BD160BJ', 4000, '240-pin', 1600, 11, NULL, 1.50, 0, 0, 0, 1, 'DDR3', 'crucial-ct51264bd160bj', 4000),
(406, 10, '997002', 8000, '240-pin', 1600, 9, '9-9-9-24', 1.50, 0, 0, 1, 2, 'DDR3', 'mushkin-997002', 4000),
(407, 4, 'F3-1600C9Q-16GAO', 16000, '240-pin', 1600, 9, '9-9-9', 1.50, 0, 0, 1, 4, 'DDR3', 'gskill-f3-1600c9q-16gao', 4000),
(408, 4, 'F3-2400C11D-8GSR', 8000, '240-pin', 2400, 11, '11-13-13-31', 1.65, 0, 0, 0, 2, 'DDR3', 'gskill-f3-2400c11d-8gsr', 4000),
(409, 3, 'CML8GX3M2C1600C9', 8000, '240-pin', 1600, 9, '9-9-9-24', 1.35, 0, 0, 1, 2, 'DDR3', 'corsair-cml8gx3m2c1600c9', 4000),
(410, 3, 'CMK64GX4M4B2800C14', 64000, '288-pin', 2800, 14, '14-16-16-36', 1.35, 0, 0, 1, 4, 'DDR4', 'corsair-cmk64gx4m4b2800c14', 16000),
(411, 5, 'BLS4KIT8G3D1609DS1S00', 32000, '240-pin', 1600, 9, '9-9-9-24', 1.50, 0, 0, 1, 4, 'DDR3', 'crucial-bls4kit8g3d1609ds1s00', 8000),
(412, 5, 'CT102464BD160B', 8000, '240-pin', 1600, 11, NULL, 1.50, 0, 0, 0, 1, 'DDR3', 'crucial-ct102464bd160b', 8000),
(413, 4, 'F3-12800CL8D-4GBRM', 4000, '240-pin', 1600, 8, '8-8-8-24', 1.60, 0, 0, 1, 2, 'DDR3', 'gskill-f3-12800cl8d-4gbrm', 2000),
(414, 3, 'CML16GX3M2A1600C9', 16000, '240-pin', 1600, 9, '9-9-9-24', 1.50, 0, 0, 1, 2, 'DDR3', 'corsair-cml16gx3m2a1600c9', 8000),
(415, 4, 'F4-2800C16D-8GRR', 8000, '288-pin', 2800, 16, '16-16-16-36', 1.20, 0, 0, 1, 2, 'DDR4', 'gskill-f4-2800c16d-8grr', 4000),
(416, 12, 'A3414608-AA', 4000, '240-pin', 1333, 9, NULL, 1.50, 0, 0, 0, 1, 'DDR3', 'addon-a3414608-aa', 4000),
(417, 4, 'F3-17000CL11Q-16GBSR', 16000, '240-pin', 2133, 11, '11-11-11-30', 1.60, 0, 0, 1, 4, 'DDR3', 'gskill-f3-17000cl11q-16gbsr', 4000),
(418, 4, 'F3-2133C11D-16GAR', 16000, '240-pin', 2133, 11, '11-13-13-31', 1.50, 0, 0, 0, 2, 'DDR3', 'gskill-f3-2133c11d-16gar', 8000),
(419, 4, 'F4-3200C16Q-16GVKB', 16000, '288-pin', 3200, 16, '16-18-18-35', 1.35, 0, 0, 1, 4, 'DDR4', 'gskill-f4-3200c16q-16gvkb', 4000),
(420, 4, 'F4-3000C15D-16GRK', 16000, '288-pin', 3000, 15, '15-15-15-35', 1.35, 0, 0, 1, 2, 'DDR4', 'gskill-f4-3000c15d-16grk', 8000),
(421, 4, 'F3-2133C11Q-16GAO', 16000, '240-pin', 2133, 11, '11-11-11', 1.60, 0, 0, 1, 4, 'DDR3', 'gskill-f3-2133c11q-16gao', 4000),
(422, 4, 'F3-1600C11S-8GNT', 8000, '240-pin', 1600, 11, '11-11-11-28', 1.50, 0, 0, 0, 1, 'DDR3', 'gskill-f3-1600c11s-8gnt', 8000),
(423, 4, 'F4-3200C14Q2-64GTZ', 64000, '288-pin', 3200, 14, '14-14-14-34', 1.35, 0, 0, 1, 8, 'DDR4', 'gskill-f4-3200c14q2-64gtz', 8000),
(424, 6, 'HX326C11T2K2/8', 8000, '240-pin', 2666, 11, '11-14-15', 1.65, 0, 0, 1, 2, 'DDR3', 'hyperx-hx326c11t2k28', 4000),
(425, 6, 'HX430C15SB2K4/32', 32000, '288-pin', 3000, 15, NULL, 1.35, 0, 0, 1, 4, 'DDR4', 'hyperx-hx430c15sb2k432', 8000),
(426, 4, 'F3-1600C11S-4GNS', 4000, '240-pin', 1600, 11, '11-11-11-28', 1.50, 0, 0, 0, 1, 'DDR3', 'gskill-f3-1600c11s-4gns', 4000),
(427, 4, 'F4-2400C15S-16GIS', 16000, '288-pin', 2400, 15, '15-15-15-35', 1.20, 0, 0, 0, 1, 'DDR4', 'gskill-f4-2400c15s-16gis', 16000),
(428, 6, 'HX324C11SR/8', 8000, '240-pin', 2400, 11, '11-13-14', 1.65, 0, 0, 0, 1, 'DDR3', 'hyperx-hx324c11sr8', 8000),
(429, 5, 'BLT4KIT4G3D1608DT1TX0', 16000, '240-pin', 1600, 8, '8-8-8-24', 1.50, 0, 0, 1, 4, 'DDR3', 'crucial-blt4kit4g3d1608dt1tx0', 4000),
(430, 3, 'CMK16GX4M2A2400C14', 16000, '288-pin', 2400, 14, '14-16-16-31', 1.20, 0, 0, 1, 2, 'DDR4', 'corsair-cmk16gx4m2a2400c14', 8000),
(431, 6, 'HX328C12T2K2/8', 8000, '240-pin', 2800, 12, '12-15-15', 1.65, 0, 0, 1, 2, 'DDR3', 'hyperx-hx328c12t2k28', 4000),
(432, 5, 'BLT2KIT4G3D1869DT1TX0', 8000, '240-pin', 1866, 9, '9-9-9-27', 1.50, 0, 0, 0, 2, 'DDR3', 'crucial-blt2kit4g3d1869dt1tx0', 4000),
(433, 9, 'PSD416G21332H', 16000, '288-pin', 2133, 15, NULL, 1.20, 0, 0, 1, 1, 'DDR4', 'patriot-psd416g21332h', 16000),
(434, 10, 'MES3U1609M8GX2', 16000, '240-pin', 1600, 9, '9-9-9-24', 1.35, 0, 0, 0, 2, 'DDR3', 'mushkin-mes3u1609m8gx2', 8000),
(435, 4, 'F3-10666CL7D-8GBXH', 8000, '240-pin', 1333, 7, '7-7-7-21', 1.50, 0, 0, 0, 2, 'DDR3', 'gskill-f3-10666cl7d-8gbxh', 4000),
(436, 4, 'F3-19200CL10Q2-64GBZHD', 64000, '240-pin', 2400, 10, '10-12-12-31', 1.65, 0, 0, 1, 8, 'DDR3', 'gskill-f3-19200cl10q2-64gbzhd', 8000),
(437, 4, 'F4-2400C15Q-32GVR', 32000, '288-pin', 2400, 15, '15-15-15-35', 1.20, 0, 0, 1, 4, 'DDR4', 'gskill-f4-2400c15q-32gvr', 8000),
(438, 3, 'CMZ16GX3M2A1600C10B', 16000, '240-pin', 1600, 10, '10-10-10-27', 1.50, 0, 0, 1, 2, 'DDR3', 'corsair-cmz16gx3m2a1600c10b', 8000),
(439, 8, 'KVR21N15S8/4', 4000, '288-pin', 2133, 15, NULL, 1.20, 0, 0, 0, 1, 'DDR4', 'kingston-kvr21n15s84', 4000),
(440, 6, 'KHX16C9T3K2/16X', 16000, '240-pin', 1600, 9, NULL, 1.50, 0, 0, 1, 2, 'DDR3', 'hyperx-khx16c9t3k216x', 8000),
(441, 6, 'HX426C15SBK8/128', 128000, '288-pin', 2666, 15, '15-16-16', 1.20, 0, 0, 1, 8, 'DDR4', 'hyperx-hx426c15sbk8128', 16000),
(442, 5, 'CT25664BA1339', 2000, '240-pin', 1333, 9, NULL, 1.50, 0, 0, 0, 1, 'DDR3', 'crucial-ct25664ba1339', 2000),
(443, 3, 'CMY16GX3M2C1600C9R', 16000, '240-pin', 1600, 9, '9-9-9-24', 1.35, 0, 0, 1, 2, 'DDR3', 'corsair-cmy16gx3m2c1600c9r', 8000),
(444, 6, 'HX426C15SBK4/64', 64000, '288-pin', 2666, 15, '15-15-15', 1.20, 0, 0, 1, 4, 'DDR4', 'hyperx-hx426c15sbk464', 16000),
(445, 5, 'BLS2K4G4D240FSE', 8000, '288-pin', 2400, 16, '16-16-16', 1.20, 0, 0, 0, 2, 'DDR4', 'crucial-bls2k4g4d240fse', 4000),
(446, 4, 'F3-12800CL9D-4GBXL', 4000, '240-pin', 1600, 9, '9-9-9-24', 1.50, 0, 0, 0, 2, 'DDR3', 'gskill-f3-12800cl9d-4gbxl', 2000),
(447, 4, 'F3-2400C10Q-16GTX', 16000, '240-pin', 2400, 10, '10-12-12-31', 1.65, 0, 0, 0, 4, 'DDR3', 'gskill-f3-2400c10q-16gtx', 4000),
(448, 4, 'F3-2133C9Q-16GXL', 16000, '240-pin', 2133, 9, '9-11-11-31', 1.60, 0, 0, 1, 4, 'DDR3', 'gskill-f3-2133c9q-16gxl', 4000),
(449, 4, 'F4-3200C16Q-32GVRB', 32000, '288-pin', 3200, 16, '16-18-18-38', 1.35, 0, 0, 1, 4, 'DDR4', 'gskill-f4-3200c16q-32gvrb', 8000),
(450, 3, 'CMY16GX3M2C1600C9', 16000, '240-pin', 1600, 9, '9-9-9-24', 1.35, 0, 0, 1, 2, 'DDR3', 'corsair-cmy16gx3m2c1600c9', 8000),
(451, 6, 'HX426C13SB2/4', 4000, '288-pin', 2666, 13, NULL, 1.35, 0, 0, 1, 1, 'DDR4', 'hyperx-hx426c13sb24', 4000),
(452, 4, 'F3-10600CL9S-4GBNT', 4000, '240-pin', 1333, 9, '9-9-9-24', 1.50, 0, 0, 0, 1, 'DDR3', 'gskill-f3-10600cl9s-4gbnt', 4000),
(453, 4, 'F3-17000CL9Q2-32GBZH', 32000, '240-pin', 2133, 9, '9-11-10-28', 1.65, 0, 0, 0, 8, 'DDR3', 'gskill-f3-17000cl9q2-32gbzh', 4000),
(454, 4, 'F4-2800C15D-16GVRB', 16000, '288-pin', 2800, 15, '15-16-16-35', 1.25, 0, 0, 1, 2, 'DDR4', 'gskill-f4-2800c15d-16gvrb', 8000),
(455, 4, 'F4-3400C16D-16GVK', 16000, '288-pin', 3400, 16, '16-18-18-38', 1.35, 0, 0, 1, 2, 'DDR4', 'gskill-f4-3400c16d-16gvk', 8000),
(456, 4, 'F4-3200C16D-32GTZA', 32000, '288-pin', 3200, 16, '16-16-16-36', 1.35, 0, 0, 1, 2, 'DDR4', 'gskill-f4-3200c16d-32gtza', 16000),
(457, 4, 'F4-3000C15D-32GVR', 32000, '288-pin', 3000, 15, '15-15-15-35', 1.35, 0, 0, 1, 2, 'DDR4', 'gskill-f4-3000c15d-32gvr', 16000),
(458, 4, 'F3-2133C9Q2-64GZH', 64000, '240-pin', 2133, 9, '9-11-11-31', 1.60, 0, 0, 0, 8, 'DDR3', 'gskill-f3-2133c9q2-64gzh', 8000),
(459, 4, 'F4-2133C15Q-16GVR', 16000, '288-pin', 2133, 15, '15-15-15-35', 1.20, 0, 0, 1, 4, 'DDR4', 'gskill-f4-2133c15q-16gvr', 4000),
(460, 5, 'BLT2KIT4G3D1608DT2TXOB', 8000, '240-pin', 1600, 8, '8-8-8-24', 1.50, 0, 0, 1, 2, 'DDR3', 'crucial-blt2kit4g3d1608dt2txob', 4000),
(461, 5, 'BLS4K4G4D240FSB', 16000, '288-pin', 2400, 16, '16-16-16', 1.20, 0, 0, 0, 4, 'DDR4', 'crucial-bls4k4g4d240fsb', 4000),
(462, 9, 'PVE432G266C5KRD', 32000, '288-pin', 2666, 15, '15-15-15-35', 1.20, 0, 0, 1, 2, 'DDR4', 'patriot-pve432g266c5krd', 16000),
(463, 4, 'F3-1600C10Q-32GAO', 32000, '240-pin', 1600, 10, '10-10-10', 1.50, 0, 0, 1, 4, 'DDR3', 'gskill-f3-1600c10q-32gao', 8000),
(464, 4, 'F3-2133C10D-16GSR', 16000, '240-pin', 2133, 10, '10-12-12-31', 1.60, 0, 0, 1, 2, 'DDR3', 'gskill-f3-2133c10d-16gsr', 8000),
(465, 4, 'F3-1600C11D-8GIS', 8000, '240-pin', 1600, 11, '11-11-11-28', 1.50, 0, 0, 0, 2, 'DDR3', 'gskill-f3-1600c11d-8gis', 4000),
(466, 4, 'F4-2400C15D-8GRR', 8000, '288-pin', 2400, 15, '15-15-15-35', 1.20, 0, 0, 0, 2, 'DDR4', 'gskill-f4-2400c15d-8grr', 4000),
(467, 4, 'F4-2800C16D-16GVR', 16000, '288-pin', 2800, 16, '16-16-16-36', 1.20, 0, 0, 1, 2, 'DDR4', 'gskill-f4-2800c16d-16gvr', 8000),
(468, 5, 'BLT2KIT4G3D1608DT2TXRG', 8000, '240-pin', 1600, 8, '8-8-8-24', 1.50, 0, 0, 0, 2, 'DDR3', 'crucial-blt2kit4g3d1608dt2txrg', 4000),
(469, 5, 'BLT8G3D1608DT1TX0', 8000, '240-pin', 1600, 8, '8-8-8-24', 1.50, 0, 0, 0, 1, 'DDR3', 'crucial-blt8g3d1608dt1tx0', 8000),
(470, 5, 'BLS4G3D1609ES2LX0', 4000, '240-pin', 1600, 9, '9-9-9-24', 1.35, 0, 0, 1, 1, 'DDR3', 'crucial-bls4g3d1609es2lx0', 4000),
(471, 5, 'CT2KIT102464BA160B', 16000, '240-pin', 1600, 11, NULL, 1.50, 0, 0, 0, 2, 'DDR3', 'crucial-ct2kit102464ba160b', 8000),
(472, 5, 'BLS2K8G4D240FSA', 16000, '288-pin', 2400, 16, '16-16-16', 1.20, 0, 0, 1, 2, 'DDR4', 'crucial-bls2k8g4d240fsa', 8000),
(473, 9, 'PVE48G280C6KRD', 8000, '288-pin', 2800, 16, '16-18-18-36', 1.20, 0, 0, 1, 2, 'DDR4', 'patriot-pve48g280c6krd', 4000),
(474, 4, 'F4-2400C14Q-64GVK', 64000, '288-pin', 2400, 14, '14-14-14-34', 1.20, 0, 0, 1, 4, 'DDR4', 'gskill-f4-2400c14q-64gvk', 16000),
(475, 4, 'F4-2400C15S-8GVR', 8000, '288-pin', 2400, 15, '15-15-15-35', 1.20, 0, 0, 1, 1, 'DDR4', 'gskill-f4-2400c15s-8gvr', 8000),
(476, 4, 'F4-3200C14Q-32GVR', 32000, '288-pin', 3200, 14, '14-14-14-34', 1.35, 0, 0, 0, 4, 'DDR4', 'gskill-f4-3200c14q-32gvr', 8000),
(477, 6, 'HX324C11SR/4', 4000, '240-pin', 2400, 11, '11-13-14', 1.65, 0, 0, 0, 1, 'DDR3', 'hyperx-hx324c11sr4', 4000),
(478, 5, 'BLT4K8G3D1608ET3LX0', 32000, '240-pin', 1600, 8, '8-8-8-24', 1.35, 0, 0, 1, 4, 'DDR3', 'crucial-blt4k8g3d1608et3lx0', 8000),
(479, 10, '994030', 16000, '240-pin', 1600, 11, '11-11-11-28', 1.35, 0, 0, 0, 4, 'DDR3', 'mushkin-994030', 4000),
(480, 4, 'F3-14900CL9Q-16GBXL', 16000, '240-pin', 1866, 9, '9-10-9-28', 1.50, 0, 0, 0, 4, 'DDR3', 'gskill-f3-14900cl9q-16gbxl', 4000),
(481, 4, 'F3-14900CL8Q-16GBZM', 16000, '240-pin', 1866, 8, '8-9-9-24', 1.50, 0, 0, 0, 4, 'DDR3', 'gskill-f3-14900cl8q-16gbzm', 4000),
(482, 4, 'F3-2666C11Q-32GTXD', 32000, '240-pin', 2666, 11, '11-13-13-35', 1.65, 0, 0, 1, 4, 'DDR3', 'gskill-f3-2666c11q-32gtxd', 8000),
(483, 4, 'F4-2133C15Q-32GVR', 32000, '288-pin', 2133, 15, '15-15-15-35', 1.20, 0, 0, 1, 4, 'DDR4', 'gskill-f4-2133c15q-32gvr', 8000),
(484, 4, 'F4-2400C15Q-32GIS\r\nF4-2400C15Q-32GIS', 32000, '288-pin', 2400, 15, '15-15-15-35', 1.20, 0, 0, 0, 4, 'DDR4', 'gskill-f4-2400c15q-32gis\r\nf4-2400c15q-32gis', 8000),
(485, 13, 'AVD3U16001104G-1CIR', 4000, '240-pin', 1600, 11, '11-11-11-28', 1.50, 0, 0, 0, 1, 'DDR3', 'avexir-avd3u16001104g-1cir', 4000),
(486, 9, 'PVE416G300C6KRD', 16000, '288-pin', 3000, 16, '16-16-16-36', 1.35, 0, 0, 1, 2, 'DDR4', 'patriot-pve416g300c6krd', 8000),
(487, 4, 'F4-3000C14D-16GVK', 16000, '288-pin', 3000, 14, '14-14-14-34', 1.35, 0, 0, 0, 2, 'DDR4', 'gskill-f4-3000c14d-16gvk', 8000),
(488, 4, 'F4-3333C16Q-32GTZ', 32000, '288-pin', 3333, 16, '16-16-16-36', 1.35, 0, 0, 1, 4, 'DDR4', 'gskill-f4-3333c16q-32gtz', 8000),
(489, 5, 'BLS4G3D1609DS1S00', 4000, '240-pin', 1600, 9, '9-9-9-24', 1.50, 0, 0, 1, 1, 'DDR3', 'crucial-bls4g3d1609ds1s00', 4000),
(490, 5, 'CT8G4DFS8213', 8000, '288-pin', 2133, 15, NULL, 1.20, 0, 0, 0, 1, 'DDR4', 'crucial-ct8g4dfs8213', 8000),
(491, 5, 'CT2KIT51264BA160B', 8000, '240-pin', 1600, 11, NULL, 1.50, 0, 0, 0, 2, 'DDR3', 'crucial-ct2kit51264ba160b', 4000),
(492, 4, 'F3-12800CL9Q-16GBZL', 16000, '240-pin', 1600, 9, '9-9-9-24', 1.50, 0, 0, 0, 4, 'DDR3', 'gskill-f3-12800cl9q-16gbzl', 4000),
(493, 4, 'F4-2400C15Q-16GVR', 16000, '288-pin', 2400, 15, '15-15-15-35', 1.20, 0, 0, 1, 4, 'DDR4', 'gskill-f4-2400c15q-16gvr', 4000),
(494, 4, 'F4-3000C15D-16GTZ', 16000, '288-pin', 3000, 15, '15-15-15-35', 1.35, 0, 0, 1, 2, 'DDR4', 'gskill-f4-3000c15d-16gtz', 8000),
(495, 4, 'F4-2800C16Q-32GVR', 32000, '288-pin', 2800, 16, '16-16-16-36', 1.20, 0, 0, 1, 4, 'DDR4', 'gskill-f4-2800c16q-32gvr', 8000),
(496, 4, 'F4-2400C15S-8GIS', 8000, '288-pin', 2400, 15, '15-15-15-35', 1.20, 0, 0, 0, 1, 'DDR4', 'gskill-f4-2400c15s-8gis', 8000),
(497, 9, 'PVE416G240C5KRD', 16000, '288-pin', 2400, 15, '15-15-15-35', 1.20, 0, 0, 1, 2, 'DDR4', 'patriot-pve416g240c5krd', 8000),
(498, 4, 'F3-2133C10D-8GSR', 8000, '240-pin', 2133, 10, '10-12-12-31', 1.60, 0, 0, 0, 2, 'DDR3', 'gskill-f3-2133c10d-8gsr', 4000),
(499, 4, 'F3-3100C12D-8GTXDG', 8000, '240-pin', 3100, 12, '12-14-14-36', 1.65, 0, 0, 1, 2, 'DDR3', 'gskill-f3-3100c12d-8gtxdg', 4000),
(500, 9, 'PVE48G300C6KRD', 8000, '288-pin', 3000, 16, '16-16-16-36', 1.35, 0, 0, 1, 2, 'DDR4', 'patriot-pve48g300c6krd', 4000),
(501, 4, 'F4-2666C16Q-32GRB', 32000, '288-pin', 2666, 16, '16-16-16-36', 1.20, 0, 0, 0, 4, 'DDR4', 'gskill-f4-2666c16q-32grb', 8000),
(502, 4, 'F4-3200C14Q-64GVR', 64000, '288-pin', 3200, 14, '14-14-14-34', 1.35, 0, 0, 0, 4, 'DDR4', 'gskill-f4-3200c14q-64gvr', 16000),
(503, 3, 'CMK32GX4M2A2400C16', 32000, '288-pin', 2400, 16, '16-16-16-39', 1.20, 0, 0, 1, 2, 'DDR4', 'corsair-cmk32gx4m2a2400c16', 16000),
(504, 6, 'HX321C11T3K2/16', 16000, '240-pin', 2133, 11, '11-12-12', 1.60, 0, 0, 0, 2, 'DDR3', 'hyperx-hx321c11t3k216', 8000),
(505, 5, 'BLT2KIT8G3D1869DT1TX0', 16000, '240-pin', 1866, 9, '9-9-9-27', 1.50, 0, 0, 1, 2, 'DDR3', 'crucial-blt2kit8g3d1869dt1tx0', 8000),
(506, 5, 'BLS2K4G4D240FSB', 8000, '288-pin', 2400, 16, '16-16-16', 1.20, 0, 0, 0, 2, 'DDR4', 'crucial-bls2k4g4d240fsb', 4000),
(507, 4, 'F3-12800CL9S-4GBRL', 4000, '240-pin', 1600, 9, '9-9-9-24-2N', 1.50, 0, 0, 1, 1, 'DDR3', 'gskill-f3-12800cl9s-4gbrl', 4000),
(508, 4, 'F3-1333C9Q-32GAO', 32000, '240-pin', 1333, 9, '9-9-9', 1.50, 0, 0, 1, 4, 'DDR3', 'gskill-f3-1333c9q-32gao', 8000),
(509, 4, 'F4-2800C15S-16GVR', 16000, '288-pin', 2800, 15, '15-15-15-35', 1.35, 0, 0, 1, 1, 'DDR4', 'gskill-f4-2800c15s-16gvr', 16000),
(510, 6, 'HX324C11T3K4/32', 32000, '240-pin', 2400, 11, '11-13-14', 1.65, 0, 0, 0, 4, 'DDR3', 'hyperx-hx324c11t3k432', 8000),
(511, 5, 'BLS2K4G4D240FSC', 8000, '288-pin', 2400, 16, '16-16-16', 1.20, 0, 0, 0, 2, 'DDR4', 'crucial-bls2k4g4d240fsc', 4000),
(512, 4, 'F4-2400C15D-8GIS', 8000, '288-pin', 2400, 15, '15-15-15-35', 1.20, 0, 0, 0, 2, 'DDR4', 'gskill-f4-2400c15d-8gis', 4000),
(513, 10, '997069S', 16000, '240-pin', 1600, 9, '9-9-9-24', 1.50, 0, 0, 1, 2, 'DDR3', 'mushkin-997069s', 8000),
(514, 10, '999017', 24000, '240-pin', 1333, 9, '9-9-9-24', 1.50, 0, 0, 0, 3, 'DDR3', 'mushkin-999017', 8000),
(515, 4, 'F3-12800CL9T-12GBSR', 12000, '240-pin', 1600, 9, '9-9-9-24', 1.50, 0, 0, 0, 3, 'DDR3', 'gskill-f3-12800cl9t-12gbsr', 4000),
(516, 4, 'F3-12800CL10Q2-64GBZL', 64000, '240-pin', 1600, 10, '10-10-10-30', 1.50, 0, 0, 0, 8, 'DDR3', 'gskill-f3-12800cl10q2-64gbzl', 8000),
(517, 3, 'CMY8GX3M2C1600C9', 8000, '240-pin', 1600, 9, '9-9-9-24', 1.35, 0, 0, 1, 2, 'DDR3', 'corsair-cmy8gx3m2c1600c9', 4000),
(518, 8, 'KVR1333D3N9H/8G', 8000, '240-pin', 1333, 9, NULL, 1.50, 0, 0, 0, 1, 'DDR3', 'kingston-kvr1333d3n9h8g', 8000),
(519, 3, 'CMV2GX3M1B1333C9', 2000, '240-pin', 1333, 9, '9-9-9-24', 1.50, 0, 0, 0, 1, 'DDR3', 'corsair-cmv2gx3m1b1333c9', 2000),
(520, 5, 'BLS4K8G4D240FSC', 32000, '288-pin', 2400, 16, '16-16-16', 1.20, 0, 0, 0, 4, 'DDR4', 'crucial-bls4k8g4d240fsc', 8000),
(521, 4, 'F4-3200C16Q-16GVRB', 16000, '288-pin', 3200, 16, '16-18-18-38', 1.35, 0, 0, 1, 4, 'DDR4', 'gskill-f4-3200c16q-16gvrb', 4000),
(522, 4, 'F3-1600C9D-16GXLL', 16000, '240-pin', 1600, 9, '9-9-9-28', 1.35, 0, 0, 1, 2, 'DDR3', 'gskill-f3-1600c9d-16gxll', 8000),
(523, 4, 'F4-3200C15Q-64GVK', 64000, '288-pin', 3200, 15, '15-15-15-35', 1.35, 0, 0, 0, 4, 'DDR4', 'gskill-f4-3200c15q-64gvk', 16000),
(524, 4, 'F4-2133C15Q-32GRR', 32000, '288-pin', 2133, 15, '15-15-15-35', 1.20, 0, 0, 0, 4, 'DDR4', 'gskill-f4-2133c15q-32grr', 8000),
(525, 4, 'F4-2666C15D-8GVR', 8000, '288-pin', 2666, 15, '15-15-15-35', 1.20, 0, 0, 1, 2, 'DDR4', 'gskill-f4-2666c15d-8gvr', 4000),
(526, 4, 'F4-2800C15Q-32GVRB', 32000, '288-pin', 2800, 15, '15-16-16-35', 1.25, 0, 0, 1, 4, 'DDR4', 'gskill-f4-2800c15q-32gvrb', 8000),
(527, 4, 'F4-3200C16D-32GVKA', 32000, '288-pin', 3200, 16, '16-16-16-36', 1.35, 0, 0, 1, 2, 'DDR4', 'gskill-f4-3200c16d-32gvka', 16000),
(528, 4, 'F4-3200C15D-16GVK', 16000, '288-pin', 3200, 15, '15-15-15-35', 1.35, 0, 0, 0, 2, 'DDR4', 'gskill-f4-3200c15d-16gvk', 8000),
(529, 4, 'F4-2800C17D-16GIS', 16000, '288-pin', 2800, 17, '17-17-17-37', 1.20, 0, 0, 0, 2, 'DDR4', 'gskill-f4-2800c17d-16gis', 8000),
(530, 3, 'CMK64GX4M8A2666C16', 64000, '288-pin', 2666, 16, '16-18-18-35', 1.20, 0, 0, 1, 8, 'DDR4', 'corsair-cmk64gx4m8a2666c16', 8000),
(531, 6, 'HX426C15FB/8', 8000, '288-pin', 2666, 15, '15-17-17', 1.20, 0, 0, 1, 1, 'DDR4', 'hyperx-hx426c15fb8', 8000),
(532, 3, 'CMD32GX4M2B2800C14', 32000, '288-pin', 2800, 14, '14-16-16-36', 1.35, 0, 0, 1, 2, 'DDR4', 'corsair-cmd32gx4m2b2800c14', 16000),
(533, 4, 'F3-1600C11D-16GNT', 16000, '240-pin', 1600, 11, '11-11-11-28', 1.50, 0, 0, 0, 2, 'DDR3', 'gskill-f3-1600c11d-16gnt', 8000),
(534, 4, 'F4-2666C15Q-32GRR', 32000, '288-pin', 2666, 15, '15-15-15-35', 1.20, 0, 0, 0, 4, 'DDR4', 'gskill-f4-2666c15q-32grr', 8000),
(535, 4, 'F4-3000C14Q2-128GVRD', 128000, '288-pin', 3000, 14, '14-14-14-34', 1.35, 0, 0, 1, 8, 'DDR4', 'gskill-f4-3000c14q2-128gvrd', 16000),
(536, 4, 'F3-12800CL9Q-8GBZL', 8000, '240-pin', 1600, 9, '9-9-9-24', 1.50, 0, 0, 1, 4, 'DDR3', 'gskill-f3-12800cl9q-8gbzl', 2000),
(537, 4, 'F4-2400C14D-32GVK', 32000, '288-pin', 2400, 14, '14-14-14-34', 1.20, 0, 0, 1, 2, 'DDR4', 'gskill-f4-2400c14d-32gvk', 16000),
(538, 4, 'F4-3200C14D-32GVR', 32000, '288-pin', 3200, 14, '14-14-14-34', 1.35, 0, 0, 0, 2, 'DDR4', 'gskill-f4-3200c14d-32gvr', 16000),
(539, 6, 'HX430C15SB2/8', 8000, '288-pin', 3000, 15, NULL, 1.35, 0, 0, 1, 1, 'DDR4', 'hyperx-hx430c15sb28', 8000),
(540, 5, 'BLT4G4D26AFTA', 4000, '288-pin', 2666, 16, NULL, 1.20, 0, 0, 1, 1, 'DDR4', 'crucial-blt4g4d26afta', 4000),
(541, 9, 'PVE416G320C6KRD', 16000, '288-pin', 3200, 16, '16-16-16-36', 1.35, 0, 0, 1, 2, 'DDR4', 'patriot-pve416g320c6krd', 8000),
(542, 4, 'F3-14900CL9D-4GBXM', 4000, '240-pin', 1866, 9, '9-10-9-28', 1.50, 0, 0, 0, 2, 'DDR3', 'gskill-f3-14900cl9d-4gbxm', 2000),
(543, 4, 'F3-17000CL9D-8GBSR', 8000, '240-pin', 2133, 9, '9-11-10-28', 1.65, 0, 0, 1, 2, 'DDR3', 'gskill-f3-17000cl9d-8gbsr', 4000),
(544, 4, 'F4-3200C16Q2-64GVR', 64000, '288-pin', 3200, 16, '16-16-16-36', 1.35, 0, 0, 1, 8, 'DDR4', 'gskill-f4-3200c16q2-64gvr', 8000),
(545, 3, 'CMD64GX4M8B2800C14', 64000, '288-pin', 2800, 14, '14-16-16-31', 1.35, 0, 0, 1, 8, 'DDR4', 'corsair-cmd64gx4m8b2800c14', 8000),
(546, 3, 'CMK64GX4M4A2666C16', 64000, '288-pin', 2666, 16, '16-18-18-35', 1.20, 0, 0, 1, 4, 'DDR4', 'corsair-cmk64gx4m4a2666c16', 16000),
(547, 5, 'BLE2K4G3D21BCE1J', 8000, '240-pin', 2133, 11, '11-11-11-27', 1.65, 0, 0, 1, 2, 'DDR3', 'crucial-ble2k4g3d21bce1j', 4000),
(548, 6, 'HX321C11T3K2/8', 8000, '240-pin', 2133, 11, '11-12-12', 1.60, 0, 0, 0, 2, 'DDR3', 'hyperx-hx321c11t3k28', 4000),
(549, 6, 'HX430C15SB2K2/16', 16000, '288-pin', 3000, 15, NULL, 1.35, 0, 0, 1, 2, 'DDR4', 'hyperx-hx430c15sb2k216', 8000),
(550, 5, 'BLT8G4D26AFTA', 8000, '288-pin', 2666, 16, NULL, 1.20, 0, 0, 1, 1, 'DDR4', 'crucial-blt8g4d26afta', 8000),
(551, 4, 'F4-3200C15Q-32GVR', 32000, '288-pin', 3200, 15, '15-15-15-35', 1.35, 0, 0, 0, 4, 'DDR4', 'gskill-f4-3200c15q-32gvr', 8000),
(552, 4, 'F3-1600C11S-4GIS', 4000, '240-pin', 1600, 11, '11-11-11-28', 1.50, 0, 0, 0, 1, 'DDR3', 'gskill-f3-1600c11s-4gis', 4000),
(553, 4, 'F4-2400C15D-16GRR', 16000, '288-pin', 2400, 15, '15-15-15-35', 1.20, 0, 0, 1, 2, 'DDR4', 'gskill-f4-2400c15d-16grr', 8000),
(554, 3, 'CMK64GX4M4A2400C14', 64000, '288-pin', 2400, 14, '14-16-16-31', 1.20, 0, 0, 1, 4, 'DDR4', 'corsair-cmk64gx4m4a2400c14', 16000),
(555, 13, 'AVD3U16001108G-1CIG', 8000, '240-pin', 1600, 11, '11-11-11-28', 1.50, 0, 0, 0, 1, 'DDR3', 'avexir-avd3u16001108g-1cig', 8000),
(556, 6, 'HX316C9SRK2/8', 8000, '240-pin', 1600, 9, '9-9-9', 1.50, 0, 0, 1, 2, 'DDR3', 'hyperx-hx316c9srk28', 4000),
(557, 4, 'F4-2400C15Q-16GRB', 16000, '288-pin', 2400, 15, '15-15-15-35', 1.20, 0, 0, 0, 4, 'DDR4', 'gskill-f4-2400c15q-16grb', 4000),
(558, 3, 'CMK8GX4M1A2666C16R', 8000, '288-pin', 2666, 16, '16-18-18-35', 1.20, 0, 0, 1, 1, 'DDR4', 'corsair-cmk8gx4m1a2666c16r', 8000),
(559, 4, 'F4-2666C15Q-16GVR', 16000, '288-pin', 2666, 15, '15-15-15-35', 1.20, 0, 0, 1, 4, 'DDR4', 'gskill-f4-2666c15q-16gvr', 4000),
(560, 4, 'F4-3000C15D-8GVRB', 8000, '288-pin', 3000, 15, '15-16-16-35', 1.35, 0, 0, 1, 2, 'DDR4', 'gskill-f4-3000c15d-8gvrb', 4000),
(561, 4, 'F4-3200C15D-32GVK', 32000, '288-pin', 3200, 15, '15-15-15-35', 1.35, 0, 0, 0, 2, 'DDR4', 'gskill-f4-3200c15d-32gvk', 16000),
(562, 6, 'HX428C14SB2K2/16', 16000, '288-pin', 2800, 14, NULL, 1.35, 0, 0, 1, 2, 'DDR4', 'hyperx-hx428c14sb2k216', 8000),
(563, 10, '999018', 24000, '240-pin', 1333, 9, '9-9-9-24', 1.50, 0, 0, 0, 3, 'DDR3', 'mushkin-999018', 8000),
(564, 4, 'F4-2133C15Q-16GRB', 16000, '288-pin', 2133, 15, '15-15-15-35', 1.20, 0, 0, 0, 4, 'DDR4', 'gskill-f4-2133c15q-16grb', 4000),
(565, 3, 'CMD128GX4M8B2800C14', 128000, '288-pin', 2800, 14, '14-16-16-31', 1.35, 0, 0, 1, 8, 'DDR4', 'corsair-cmd128gx4m8b2800c14', 16000),
(566, 5, 'BLT2KIT8G3D1608DT1TX0', 16000, '240-pin', 1600, 8, '8-8-8-24', 1.50, 0, 0, 0, 2, 'DDR3', 'crucial-blt2kit8g3d1608dt1tx0', 8000),
(567, 4, 'F3-10666CL9Q-16GBXL', 16000, '240-pin', 1333, 9, '9-9-9-24', 1.50, 0, 0, 0, 4, 'DDR3', 'gskill-f3-10666cl9q-16gbxl', 4000),
(568, 4, 'F3-8500CL7Q-16GBRL', 16000, '240-pin', 1066, 7, '7-7-7-18', 1.50, 0, 0, 1, 4, 'DDR3', 'gskill-f3-8500cl7q-16gbrl', 4000),
(569, 4, 'F4-3000C15Q-16GRK', 16000, '288-pin', 3000, 15, '15-15-15-35', 1.35, 0, 0, 1, 4, 'DDR4', 'gskill-f4-3000c15q-16grk', 4000),
(570, 4, 'F4-3000C14Q2-128GVKD', 128000, '288-pin', 3000, 14, '14-14-14-34', 1.35, 0, 0, 1, 8, 'DDR4', 'gskill-f4-3000c14q2-128gvkd', 16000),
(571, 13, 'AVD3U16001104G-1CW', 4000, '240-pin', 1600, 11, '11-11-11-28', 1.50, 0, 0, 0, 1, 'DDR3', 'avexir-avd3u16001104g-1cw', 4000),
(572, 6, 'HX321C11SR/8', 8000, '240-pin', 2133, 11, '11-12-12', 1.60, 0, 0, 1, 1, 'DDR3', 'hyperx-hx321c11sr8', 8000),
(573, 5, 'CT16G4DFD8213', 16000, '288-pin', 2133, 15, NULL, 1.20, 0, 0, 0, 1, 'DDR4', 'crucial-ct16g4dfd8213', 16000),
(574, 10, '997029', 4000, '240-pin', 1600, 11, '11-11-11-28', 1.35, 0, 0, 0, 2, 'DDR3', 'mushkin-997029', 2000),
(575, 4, 'F4-3200C16Q-16GRK', 16000, '288-pin', 3200, 16, '16-16-16-36', 1.35, 0, 0, 0, 4, 'DDR4', 'gskill-f4-3200c16q-16grk', 4000),
(576, 4, 'F4-3200C15Q-64GTZ', 64000, '288-pin', 3200, 15, '15-15-15-35', 1.35, 0, 0, 1, 4, 'DDR4', 'gskill-f4-3200c15q-64gtz', 16000),
(577, 4, 'F4-3333C16D-16GTZ', 16000, '288-pin', 3333, 16, '16-16-16-36', 1.35, 0, 0, 1, 2, 'DDR4', 'gskill-f4-3333c16d-16gtz', 8000),
(578, 5, 'BLS2K4G3D169DS3', 8000, '240-pin', 1600, 9, '9-9-9-24', 1.50, 0, 0, 1, 2, 'DDR3', 'crucial-bls2k4g3d169ds3', 4000),
(579, 5, 'BLE8G3D21BCE1', 8000, '240-pin', 2133, 11, '11-11-11-27', 1.65, 0, 0, 1, 1, 'DDR3', 'crucial-ble8g3d21bce1', 8000),
(580, 4, 'F4-2800C15D-32GVR', 32000, '288-pin', 2800, 15, '15-15-15-35', 1.35, 0, 0, 1, 2, 'DDR4', 'gskill-f4-2800c15d-32gvr', 16000),
(581, 6, 'HX428C14PB2K4/16', 16000, '288-pin', 2800, 14, '14-15-15', 1.35, 0, 0, 0, 4, 'DDR4', 'hyperx-hx428c14pb2k416', 4000),
(582, 5, 'BLS16G4D240FSE', 16000, '288-pin', 2400, 16, '16-16-16', 1.20, 0, 0, 0, 1, 'DDR4', 'crucial-bls16g4d240fse', 16000),
(583, 10, '994017', 32000, '240-pin', 1333, 9, '9-9-9-24', 1.50, 0, 0, 0, 4, 'DDR3', 'mushkin-994017', 8000),
(584, 4, 'F3-10666CL9T2-12GBNQ', 12000, '240-pin', 1333, 9, '9-9-9-24-2N', 1.50, 0, 0, 0, 6, 'DDR3', 'gskill-f3-10666cl9t2-12gbnq', 2000),
(585, 4, 'F3-1866C10D-16GSR', 16000, '240-pin', 1866, 10, '10-11-10-30', 1.50, 0, 0, 1, 2, 'DDR3', 'gskill-f3-1866c10d-16gsr', 8000),
(586, 4, 'F4-2800C15D-8GVR', 8000, '288-pin', 2800, 15, '15-15-15-35', 1.25, 0, 0, 1, 2, 'DDR4', 'gskill-f4-2800c15d-8gvr', 4000),
(587, 4, 'F4-3000C15Q-32GVRB', 32000, '288-pin', 3000, 15, '15-16-16-35', 1.35, 0, 0, 1, 4, 'DDR4', 'gskill-f4-3000c15q-32gvrb', 8000),
(588, 3, 'CMK64GX4M4B3333C16', 64000, '288-pin', 3333, 16, '16-18-18-36', 1.35, 0, 0, 1, 4, 'DDR4', 'corsair-cmk64gx4m4b3333c16', 16000),
(589, 11, 'T4070716', 8000, '240-pin', 1333, 9, NULL, 1.50, 0, 0, 0, 1, 'DDR3', 'comsory-t4070716', 8000),
(590, 6, 'HX428C14SB2K2/8', 8000, '288-pin', 2800, 14, NULL, 1.35, 0, 0, 1, 2, 'DDR4', 'hyperx-hx428c14sb2k28', 4000),
(591, 10, '994018', 32000, '240-pin', 1333, 9, '9-9-9-24', 1.50, 0, 0, 0, 4, 'DDR3', 'mushkin-994018', 8000),
(592, 10, '992110E', 8000, '240-pin', 1600, 9, '9-9-9-24', 1.35, 0, 0, 1, 1, 'DDR3', 'mushkin-992110e', 8000),
(593, 4, 'F3-12800CL9S-4GBXL', 4000, '240-pin', 1600, 9, '9-9-9-24', 1.50, 0, 0, 1, 1, 'DDR3', 'gskill-f3-12800cl9s-4gbxl', 4000),
(594, 4, 'F4-3200C16Q-32GVKB', 32000, '288-pin', 3200, 16, '16-18-18-38-2N', 1.35, 0, 0, 1, 4, 'DDR4', 'gskill-f4-3200c16q-32gvkb', 8000),
(595, 4, 'F4-2133C15S-16GIS', 16000, '288-pin', 2133, 15, '15-15-15-35', 1.20, 0, 0, 0, 1, 'DDR4', 'gskill-f4-2133c15s-16gis', 16000),
(596, 4, 'F3-2400C11Q-32GAB', 32000, '240-pin', 2400, 11, '11-13-13-31', 1.65, 0, 0, 1, 4, 'DDR3', 'gskill-f3-2400c11q-32gab', 8000),
(597, 4, 'F4-3000C14Q2-64GTZ', 64000, '288-pin', 3000, 14, '14-14-14-34', 1.35, 0, 0, 1, 8, 'DDR4', 'gskill-f4-3000c14q2-64gtz', 8000),
(598, 6, 'HX421C14FBK4/16', 16000, '288-pin', 2133, 14, '14-14-14', 1.20, 0, 0, 1, 4, 'DDR4', 'hyperx-hx421c14fbk416', 4000),
(599, 5, 'BLT4G3D1869DT2TXOB', 4000, '240-pin', 1866, 9, NULL, 1.50, 0, 0, 0, 1, 'DDR3', 'crucial-blt4g3d1869dt2txob', 4000),
(600, 4, 'F3-10666CL9S-4GBRL', 4000, '240-pin', 1333, 9, '9-9-9-24-2N', 1.50, 0, 0, 1, 1, 'DDR3', 'gskill-f3-10666cl9s-4gbrl', 4000),
(601, 4, 'F3-2133C9D-8GAB', 8000, '240-pin', 2133, 9, '9-11-10', 1.65, 0, 0, 1, 2, 'DDR3', 'gskill-f3-2133c9d-8gab', 4000),
(602, 4, 'F3-2400C11Q-32GSR', 32000, '240-pin', 2400, 11, '11-13-13-31', 1.65, 0, 0, 0, 4, 'DDR3', 'gskill-f3-2400c11q-32gsr', 8000),
(603, 6, 'HX318C9SRK2/16', 16000, '240-pin', 1866, 9, '9-10-11', 1.50, 0, 0, 0, 2, 'DDR3', 'hyperx-hx318c9srk216', 8000),
(604, 4, 'F3-10600CL8D-4GBHK', 4000, '240-pin', 1333, 8, '8-8-8-21', 1.50, 0, 0, 1, 2, 'DDR3', 'gskill-f3-10600cl8d-4gbhk', 2000),
(605, 4, 'F3-2133C10D-8GAB', 8000, '240-pin', 2133, 10, '10-12-12-31', 1.60, 0, 0, 0, 2, 'DDR3', 'gskill-f3-2133c10d-8gab', 4000),
(606, 4, 'F4-3000C14Q-64GVR', 64000, '288-pin', 3000, 14, '14-14-14-34', 1.35, 0, 0, 0, 4, 'DDR4', 'gskill-f4-3000c14q-64gvr', 16000),
(607, 12, 'AA160D3N/8G', 8000, '240-pin', 1600, 11, NULL, 1.50, 0, 0, 0, 1, 'DDR3', 'addon-aa160d3n8g', 8000),
(608, 4, 'F3-12800CL8D-8GBXM', 8000, '240-pin', 1600, 8, '8-8-8-24', 1.50, 0, 0, 0, 2, 'DDR3', 'gskill-f3-12800cl8d-8gbxm', 4000),
(609, 5, 'CT25664BA160BJ', 2000, '240-pin', 1600, 11, NULL, 1.50, 0, 0, 0, 1, 'DDR3', 'crucial-ct25664ba160bj', 2000),
(610, 9, 'PVE416G280C6KBL', 16000, '288-pin', 2800, 16, '16-18-18-36', 1.20, 0, 0, 1, 2, 'DDR4', 'patriot-pve416g280c6kbl', 8000),
(611, 4, 'F3-12800CL9Q-8GBECO', 8000, '240-pin', 1600, 9, '9-9-9-24-2N', 1.35, 0, 0, 1, 4, 'DDR3', 'gskill-f3-12800cl9q-8gbeco', 2000),
(612, 4, 'F3-10666CL9Q-32GBXL', 32000, '240-pin', 1333, 9, '9-9-9-24', 1.50, 0, 0, 1, 4, 'DDR3', 'gskill-f3-10666cl9q-32gbxl', 8000),
(613, 4, 'F4-3200C14Q-64GTZ', 64000, '288-pin', 3200, 14, '14-14-14-34', 1.35, 0, 0, 1, 4, 'DDR4', 'gskill-f4-3200c14q-64gtz', 16000),
(614, 7, 'TDTRD416G3000HC16ADC01', 16000, '288-pin', 3000, 16, '16-16-16-36', 1.35, 0, 0, 1, 2, 'DDR4', 'team-tdtrd416g3000hc16adc01', 8000),
(615, 11, 'T4070812', 8000, '240-pin', 1333, 9, NULL, 1.50, 0, 0, 0, 2, 'DDR3', 'comsory-t4070812', 4000),
(616, 13, 'AVD3U16001104G-2CIG', 8000, '240-pin', 1600, 11, '11-11-11-28', 1.50, 0, 0, 0, 2, 'DDR3', 'avexir-avd3u16001104g-2cig', 4000),
(617, 5, 'BLE4G3D1869DE1TX0', 4000, '240-pin', 1866, 9, '9-9-9-27', 1.50, 0, 0, 0, 1, 'DDR3', 'crucial-ble4g3d1869de1tx0', 4000),
(618, 10, '996995S', 8000, '240-pin', 1600, 9, '9-9-9-24', 1.50, 0, 0, 1, 2, 'DDR3', 'mushkin-996995s', 4000),
(619, 4, 'F4-2666C15D-16GVS', 16000, '288-pin', 2666, 15, '15-15-15-35', 1.20, 0, 0, 1, 2, 'DDR4', 'gskill-f4-2666c15d-16gvs', 8000),
(620, 3, 'CML8GX3M1C1600C9', 8000, '240-pin', 1600, 9, '9-9-9-24', 1.35, 0, 0, 1, 1, 'DDR3', 'corsair-cml8gx3m1c1600c9', 8000),
(621, 3, 'CMK32GX4M2A2800C16', 32000, '288-pin', 2800, 16, '16-18-18-36', 1.20, 0, 0, 1, 2, 'DDR4', 'corsair-cmk32gx4m2a2800c16', 16000),
(622, 12, 'A2578594-AA', 2000, '240-pin', 1333, 9, NULL, 1.50, 0, 0, 0, 1, 'DDR3', 'addon-a2578594-aa', 2000),
(623, 4, 'F4-3000C15Q-32GRBB', 32000, '288-pin', 3000, 15, '15-16-16-35', 1.35, 0, 0, 1, 4, 'DDR4', 'gskill-f4-3000c15q-32grbb', 8000),
(624, 6, 'HX321C11T2K2/8', 8000, '240-pin', 2133, 11, '11-12-12', 1.60, 0, 0, 0, 2, 'DDR3', 'hyperx-hx321c11t2k28', 4000),
(625, 5, 'BLT4G3D1608DT2TXOB', 4000, '240-pin', 1600, 8, '8-8-8-24', 1.50, 0, 0, 0, 1, 'DDR3', 'crucial-blt4g3d1608dt2txob', 4000),
(626, 5, 'BLS4G4D240FSB', 4000, '288-pin', 2400, 16, '16-16-16', 1.20, 0, 0, 0, 1, 'DDR4', 'crucial-bls4g4d240fsb', 4000),
(627, 4, 'F3-1333C9D-8GIS', 8000, '240-pin', 1333, 9, '9-9-9-24', 1.50, 0, 0, 0, 2, 'DDR3', 'gskill-f3-1333c9d-8gis', 4000),
(628, 10, 'MES3U1609T4G', 4000, '240-pin', 1600, 9, '9-9-9-24', 1.50, 0, 0, 0, 1, 'DDR3', 'mushkin-mes3u1609t4g', 4000),
(629, 4, 'F3-2133C9Q-16GAB', 16000, '240-pin', 2133, 9, '9-11-10', 1.65, 0, 0, 1, 4, 'DDR3', 'gskill-f3-2133c9q-16gab', 4000),
(630, 4, 'F4-2666C15S-8GVR', 8000, '288-pin', 2666, 15, '15-15-15-35', 1.20, 0, 0, 1, 1, 'DDR4', 'gskill-f4-2666c15s-8gvr', 8000),
(631, 4, 'F4-3000C15Q2-64GVR', 64000, '288-pin', 3000, 15, '15-15-15-35', 1.35, 0, 0, 1, 8, 'DDR4', 'gskill-f4-3000c15q2-64gvr', 8000),
(632, 5, 'BLS4KIT4G3D1609DS1S00', 16000, '240-pin', 1600, 9, '9-9-9-24', 1.50, 0, 0, 1, 4, 'DDR3', 'crucial-bls4kit4g3d1609ds1s00', 4000),
(633, 13, 'AVD3U16001104G-2CIR', 8000, '240-pin', 1600, 11, '11-11-11-28', 1.50, 0, 0, 0, 2, 'DDR3', 'avexir-avd3u16001104g-2cir', 4000),
(634, 3, 'CMK32GX4M4A2400C12', 32000, '288-pin', 2400, 12, '12-14-14-28', 1.20, 0, 0, 1, 4, 'DDR4', 'corsair-cmk32gx4m4a2400c12', 8000),
(635, 4, 'F3-10666CL9D-8GBSR', 8000, '240-pin', 1333, 9, '9-9-9-24', 1.50, 0, 0, 1, 2, 'DDR3', 'gskill-f3-10666cl9d-8gbsr', 4000),
(636, 4, 'F4-2400C15Q-64GVR', 64000, '288-pin', 2400, 15, '15-15-15-35', 1.20, 0, 0, 1, 4, 'DDR4', 'gskill-f4-2400c15q-64gvr', 16000),
(637, 4, 'F4-3000C14Q-64GVK', 64000, '288-pin', 3000, 14, '14-14-14-34', 1.35, 0, 0, 0, 4, 'DDR4', 'gskill-f4-3000c14q-64gvk', 16000),
(638, 4, 'F4-2400C15Q-64GIS', 64000, '288-pin', 2400, 15, '15-15-15-35', 1.20, 0, 0, 0, 4, 'DDR4', 'gskill-f4-2400c15q-64gis', 16000),
(639, 6, 'HX421C14FB/8', 8000, '288-pin', 2133, 14, '14-14-14', 1.20, 0, 0, 1, 1, 'DDR4', 'hyperx-hx421c14fb8', 8000),
(640, 4, 'F3-2400C10Q-32GTX', 32000, '240-pin', 2400, 10, '10-12-12-31', 1.65, 0, 0, 0, 4, 'DDR3', 'gskill-f3-2400c10q-32gtx', 8000),
(641, 4, 'F3-1600C11S-4GNT', 4000, '240-pin', 1600, 11, '11-11-11-28', 1.50, 0, 0, 0, 1, 'DDR3', 'gskill-f3-1600c11s-4gnt', 4000),
(642, 4, 'F3-2133C11Q-32GAR', 32000, '240-pin', 2133, 11, '11-13-13-31', 1.50, 0, 0, 0, 4, 'DDR3', 'gskill-f3-2133c11q-32gar', 8000),
(643, 4, 'F3-12800CL10S-8GBXL', 8000, '240-pin', 1600, 10, '10-10-10-30', 1.50, 0, 0, 1, 1, 'DDR3', 'gskill-f3-12800cl10s-8gbxl', 8000),
(644, 4, 'F3-1866C9Q-16GAB', 16000, '240-pin', 1866, 9, '9-10-9', 1.50, 0, 0, 1, 4, 'DDR3', 'gskill-f3-1866c9q-16gab', 4000),
(645, 4, 'F4-3000C15D-16GVR', 16000, '288-pin', 3000, 15, '15-15-15-35', 1.35, 0, 0, 1, 2, 'DDR4', 'gskill-f4-3000c15d-16gvr', 8000),
(646, 3, 'CMK8GX4M2A2666C16R', 8000, '288-pin', 2666, 16, '16-18-18-35', 1.20, 0, 0, 1, 2, 'DDR4', 'corsair-cmk8gx4m2a2666c16r', 4000),
(647, 6, 'HX318C9SR/4', 4000, '240-pin', 1866, 9, '9-10-11', 1.50, 0, 0, 0, 1, 'DDR3', 'hyperx-hx318c9sr4', 4000),
(648, 4, 'F3-10666CL9S-8GBXL', 8000, '240-pin', 1333, 9, '9-9-9-24', 1.50, 0, 0, 1, 1, 'DDR3', 'gskill-f3-10666cl9s-8gbxl', 8000),
(649, 4, 'F4-3000C15D-16GRBB', 16000, '288-pin', 3000, 15, '15-16-16-35', 1.35, 0, 0, 1, 2, 'DDR4', 'gskill-f4-3000c15d-16grbb', 8000),
(650, 3, 'CMK16GX4M4C3200C15', 16000, '288-pin', 3200, 15, '15-17-17-35', 1.35, 0, 0, 1, 4, 'DDR4', 'corsair-cmk16gx4m4c3200c15', 4000),
(651, 9, 'PVE416G240C5KBL', 16000, '288-pin', 2400, 15, '15-15-15-35', 1.20, 0, 0, 1, 2, 'DDR4', 'patriot-pve416g240c5kbl', 8000),
(652, 4, 'F3-14900CL10Q-32GBZL', 32000, '240-pin', 1866, 10, '10-11-10-30', 1.50, 0, 0, 1, 4, 'DDR3', 'gskill-f3-14900cl10q-32gbzl', 8000),
(653, 4, 'F3-2400C11Q-32GZM', 32000, '240-pin', 2400, 11, '11-13-13-31', 1.65, 0, 0, 0, 4, 'DDR3', 'gskill-f3-2400c11q-32gzm', 8000),
(654, 4, 'F4-2133C15D-8GNT', 8000, '288-pin', 2133, 15, '15-15-15-35', 1.20, 0, 0, 0, 2, 'DDR4', 'gskill-f4-2133c15d-8gnt', 4000),
(655, 6, 'HX424C15FB2K2/16', 16000, '288-pin', 2400, 15, '15-15-15', 1.20, 0, 0, 1, 2, 'DDR4', 'hyperx-hx424c15fb2k216', 8000),
(656, 5, 'BLS4K8G4D240FSB', 32000, '288-pin', 2400, 16, '16-16-16', 1.20, 0, 0, 0, 4, 'DDR4', 'crucial-bls4k8g4d240fsb', 8000),
(657, 9, 'PVE432G266C5KRD', 32000, '288-pin', 2800, 16, '16-18-18-36', 1.20, 0, 0, 1, 2, 'DDR4', 'patriot-pve432g266c5krd', 16000),
(658, 4, 'F3-17000CL11Q-16GBZL', 16000, '240-pin', 2133, 11, '11-11-11-30', 1.60, 0, 0, 0, 4, 'DDR3', 'gskill-f3-17000cl11q-16gbzl', 4000),
(659, 4, 'F3-1600C11S-8GIS', 8000, '240-pin', 1600, 11, '11-11-11-28', 1.50, 0, 0, 0, 1, 'DDR3', 'gskill-f3-1600c11s-8gis', 8000),
(660, 4, 'F3-10600CL9D-4GBNS', 4000, '240-pin', 1333, 9, '9-9-9-24', 1.50, 0, 0, 0, 2, 'DDR3', 'gskill-f3-10600cl9d-4gbns', 2000),
(661, 4, 'F3-10666CL8D-4GBXM', 4000, '240-pin', 1333, 8, '8-8-8-24', 1.50, 0, 0, 0, 2, 'DDR3', 'gskill-f3-10666cl8d-4gbxm', 2000),
(662, 4, 'F3-12800CL9D-8GBXM', 8000, '240-pin', 1600, 9, '9-9-9-24', 1.35, 0, 0, 1, 2, 'DDR3', 'gskill-f3-12800cl9d-8gbxm', 4000),
(663, 4, 'F3-2133C10Q-32GAB', 32000, '240-pin', 2133, 10, '10-12-12-31', 1.60, 0, 0, 0, 4, 'DDR3', 'gskill-f3-2133c10q-32gab', 8000),
(664, 4, 'F4-2800C16D-16GRR', 16000, '288-pin', 2800, 16, '16-16-16-36', 1.20, 0, 0, 1, 2, 'DDR4', 'gskill-f4-2800c16d-16grr', 8000),
(665, 4, 'F4-3200C16Q-32GTZB', 32000, '288-pin', 3200, 16, '16-18-18-38', 1.35, 0, 0, 1, 4, 'DDR4', 'gskill-f4-3200c16q-32gtzb', 8000),
(666, 12, 'A3414614-AA', 2000, '240-pin', 1066, 7, NULL, 1.50, 0, 0, 0, 1, 'DDR3', 'addon-a3414614-aa', 2000),
(667, 6, 'HX428C14SB2/8', 8000, '288-pin', 2800, 14, NULL, 1.35, 0, 0, 1, 1, 'DDR4', 'hyperx-hx428c14sb28', 8000),
(668, 4, 'F3-2400C11D-16GXM', 16000, '240-pin', 2400, 11, '11-13-13-31', 1.65, 0, 0, 0, 2, 'DDR3', 'gskill-f3-2400c11d-16gxm', 8000),
(669, 10, '997018', 16000, '240-pin', 1333, 9, '9-9-9-24', 1.50, 0, 0, 0, 2, 'DDR3', 'mushkin-997018', 8000),
(670, 4, 'F3-2133C9Q-16GZH', 16000, '240-pin', 2133, 9, '9-11-11-31', 1.60, 0, 0, 0, 4, 'DDR3', 'gskill-f3-2133c9q-16gzh', 4000),
(671, 4, 'F4-2400C15Q-32GRB', 32000, '288-pin', 2400, 15, '15-15-15-35', 1.20, 0, 0, 0, 4, 'DDR4', 'gskill-f4-2400c15q-32grb', 8000),
(672, 4, 'F4-3200C16Q-16GVK', 16000, '288-pin', 3200, 16, '16-16-16-36', 1.35, 0, 0, 1, 4, 'DDR4', 'gskill-f4-3200c16q-16gvk', 4000),
(673, 4, 'F3-10666CL9D-4GBNQ', 4000, '240-pin', 1333, 9, '9-9-9-24', 1.50, 0, 0, 1, 2, 'DDR3', 'gskill-f3-10666cl9d-4gbnq', 2000),
(674, 4, 'F4-2800C15D-8GVRB', 8000, '288-pin', 2800, 15, '15-16-16-35', 1.25, 0, 0, 1, 2, 'DDR4', 'gskill-f4-2800c15d-8gvrb', 4000),
(675, 7, 'TLRED48G3000HC16ADC01', 8000, '288-pin', 3000, 16, '16-16-16-36', 1.35, 0, 0, 0, 2, 'DDR4', 'team-tlred48g3000hc16adc01', 4000),
(676, 5, 'BLT4K4G4D26AFTA', 16000, '288-pin', 2666, 16, NULL, 1.20, 0, 0, 1, 4, 'DDR4', 'crucial-blt4k4g4d26afta', 4000),
(677, 4, 'F4-3200C16D-8GTZ', 8000, '288-pin', 3200, 16, '16-16-16-36', 1.35, 0, 0, 1, 2, 'DDR4', 'gskill-f4-3200c16d-8gtz', 4000),
(678, 3, 'CML4GX3M1C1600C9R', 4000, '240-pin', 1600, 9, '9-9-9-24', 1.35, 0, 0, 1, 1, 'DDR3', 'corsair-cml4gx3m1c1600c9r', 4000),
(679, 7, 'TDPRD48G3000HC15ADC01', 8000, '288-pin', 3000, 15, '15-15-15-35', 1.35, 0, 0, 1, 2, 'DDR4', 'team-tdprd48g3000hc15adc01', 4000),
(680, 12, 'VH638AT-AA', 4000, '240-pin', 1333, 9, NULL, 1.50, 0, 0, 0, 1, 'DDR3', 'addon-vh638at-aa', 4000),
(681, 5, 'BLS2K4G3D169DS3J', 8000, '240-pin', 1600, 9, '9-9-9-24', 1.50, 0, 0, 1, 2, 'DDR3', 'crucial-bls2k4g3d169ds3j', 4000),
(682, 4, 'F4-2800C15D-16GVSB', 16000, '288-pin', 2800, 15, '15-16-16-35', 1.25, 0, 0, 1, 2, 'DDR4', 'gskill-f4-2800c15d-16gvsb', 8000),
(683, 4, 'F4-3200C16D-32GVR', 32000, '288-pin', 3200, 16, '16-18-18-38', 1.35, 0, 0, 1, 2, 'DDR4', 'gskill-f4-3200c16d-32gvr', 16000),
(684, 3, 'CMK4GX4M1A2400C16', 4000, '288-pin', 2400, 16, '16-16-16-39', 1.20, 0, 0, 1, 1, 'DDR4', 'corsair-cmk4gx4m1a2400c16', 4000),
(685, 4, 'F3-17000CL9Q-16GBXM', 16000, '240-pin', 2133, 9, '9-11-10-28', 1.65, 0, 0, 1, 4, 'DDR3', 'gskill-f3-17000cl9q-16gbxm', 4000),
(686, 4, 'F3-10600CL9S-8GBNT', 8000, '240-pin', 1333, 9, '9-9-9', 1.50, 0, 0, 0, 1, 'DDR3', 'gskill-f3-10600cl9s-8gbnt', 8000),
(687, 4, 'F4-2666C15D-8GRR', 8000, '288-pin', 2666, 15, '15-15-15-35', 1.20, 0, 0, 1, 2, 'DDR4', 'gskill-f4-2666c15d-8grr', 4000),
(688, 4, 'F4-3000C14D-16GTZ', 16000, '288-pin', 3000, 14, '14-14-14-34', 1.35, 0, 0, 1, 2, 'DDR4', 'gskill-f4-3000c14d-16gtz', 8000),
(689, 3, 'CMD16GX4M4C3200C16', 16000, '288-pin', 3200, 16, '16-18-18-36', 1.35, 0, 0, 1, 4, 'DDR4', 'corsair-cmd16gx4m4c3200c16', 4000),
(690, 4, 'F3-1600C10D-16GAB', 16000, '240-pin', 1600, 10, '10-10-10-30 2N', 1.50, 0, 0, 0, 2, 'DDR3', 'gskill-f3-1600c10d-16gab', 8000),
(691, 4, 'F4-3200C14D-32GVK', 32000, '288-pin', 3200, 14, '14-14-14-34', 1.35, 0, 0, 0, 2, 'DDR4', 'gskill-f4-3200c14d-32gvk', 16000),
(692, 12, 'AA1066D3N7/4G', 4000, '240-pin', 1066, 7, NULL, 1.50, 0, 0, 0, 1, 'DDR3', 'addon-aa1066d3n74g', 4000),
(693, 4, 'F3-1333C9S-4GNS', 4000, '240-pin', 1333, 9, '9-9-9-24', 1.50, 0, 0, 0, 1, 'DDR3', 'gskill-f3-1333c9s-4gns', 4000),
(694, 4, 'F4-3000C15D-8GTZ', 8000, '288-pin', 3000, 15, '15-15-15-35', 1.35, 0, 0, 1, 2, 'DDR4', 'gskill-f4-3000c15d-8gtz', 4000),
(695, 6, 'HX324C11T3K4/16', 16000, '240-pin', 2400, 11, '11-13-14', 1.65, 0, 0, 0, 4, 'DDR3', 'hyperx-hx324c11t3k416', 4000),
(696, 4, 'F3-12800CL9T-12GBRL', 12000, '240-pin', 1600, 9, '9-9-9-24', 1.50, 0, 0, 1, 3, 'DDR3', 'gskill-f3-12800cl9t-12gbrl', 4000),
(697, 4, 'F3-17000CL9D-8GBXM', 8000, '240-pin', 2133, 9, '9-11-10-28', 1.65, 0, 0, 1, 2, 'DDR3', 'gskill-f3-17000cl9d-8gbxm', 4000),
(698, 4, 'F4-3200C15Q-64GVR', 64000, '288-pin', 3200, 15, '15-15-15-35', 1.35, 0, 0, 0, 4, 'DDR4', 'gskill-f4-3200c15q-64gvr', 16000),
(699, 4, 'F4-3333C16D-32GVR', 32000, '288-pin', 3333, 16, '16-16-16-36', 1.35, 0, 0, 1, 2, 'DDR4', 'gskill-f4-3333c16d-32gvr', 16000),
(700, 4, 'F3-1600C11D-8GNS', 8000, '240-pin', 1600, 11, '11-11-11-28', 1.50, 0, 0, 0, 2, 'DDR3', 'gskill-f3-1600c11d-8gns', 4000),
(701, 4, 'F4-2400C14Q-16GRK', 16000, '288-pin', 2400, 14, '14-14-14-34', 1.20, 0, 0, 0, 4, 'DDR4', 'gskill-f4-2400c14q-16grk', 4000),
(702, 4, 'F4-3200C16Q-16GTZ', 16000, '288-pin', 3200, 16, '16-16-16-36', 1.35, 0, 0, 1, 4, 'DDR4', 'gskill-f4-3200c16q-16gtz', 4000),
(703, 6, 'KHX16C9T3K2/8X', 8000, '240-pin', 1600, 9, NULL, 1.65, 0, 0, 1, 2, 'DDR3', 'hyperx-khx16c9t3k28x', 4000),
(704, 4, 'F4-2800C15Q-16GVR', 16000, '288-pin', 2800, 15, '15-15-15-35', 1.25, 0, 0, 1, 4, 'DDR4', 'gskill-f4-2800c15q-16gvr', 4000),
(705, 6, 'HX321C11SRK4/32', 32000, '240-pin', 2133, 11, '11-12-12', 1.60, 0, 0, 0, 4, 'DDR3', 'hyperx-hx321c11srk432', 8000),
(706, 6, 'HX424C12SB2/8', 8000, '288-pin', 2400, 12, NULL, 1.35, 0, 0, 1, 1, 'DDR4', 'hyperx-hx424c12sb28', 8000),
(707, 3, 'CMK16GX4M2A2400C14R', 16000, '288-pin', 2400, 14, '14-16-16-31', 1.20, 0, 0, 1, 2, 'DDR4', 'corsair-cmk16gx4m2a2400c14r', 8000),
(708, 8, 'KVR13N9S8HK2/8', 8000, '240-pin', 1333, 9, NULL, 1.50, 0, 0, 0, 2, 'DDR3', 'kingston-kvr13n9s8hk28', 4000),
(709, 13, 'AVD3U16001108G-1CW', 8000, '240-pin', 1600, 11, '11-11-11-28', 1.50, 0, 0, 0, 1, 'DDR3', 'avexir-avd3u16001108g-1cw', 8000),
(710, 6, 'HX321C11SRK2/8', 8000, '240-pin', 2133, 11, '11-12-12', 1.60, 0, 0, 0, 2, 'DDR3', 'hyperx-hx321c11srk28', 4000),
(711, 10, '992030', 4000, '240-pin', 1600, 11, '11-11-11-28', 1.35, 0, 0, 0, 1, 'DDR3', 'mushkin-992030', 4000),
(712, 4, 'F3-12800CL7Q-16GBZM', 16000, '240-pin', 1600, 7, '7-8-8-24', 1.50, 0, 0, 0, 4, 'DDR3', 'gskill-f3-12800cl7q-16gbzm', 4000),
(713, 4, 'F4-3200C16D-8GTZB', 8000, '288-pin', 3200, 16, '16-18-18-38', 1.35, 0, 0, 1, 2, 'DDR4', 'gskill-f4-3200c16d-8gtzb', 4000),
(714, 4, 'F4-2133C15Q-64GVR', 64000, '288-pin', 2133, 15, '15-15-15-36', 1.20, 0, 0, 1, 4, 'DDR4', 'gskill-f4-2133c15q-64gvr', 16000),
(715, 3, 'CMK16GX4M2A2133C13R', 16000, '288-pin', 2133, 13, '13-15-15-28', 1.20, 0, 0, 1, 2, 'DDR4', 'corsair-cmk16gx4m2a2133c13r', 8000),
(716, 7, 'TPD38G1600C11DC01', 8000, '240-pin', 1600, 11, '11-11-11-28', 1.50, 0, 0, 1, 2, 'DDR3', 'team-tpd38g1600c11dc01', 4000),
(717, 6, 'HX424C15FBK4/16', 16000, '288-pin', 2400, 15, '15-15-15', 1.20, 0, 0, 1, 4, 'DDR4', 'hyperx-hx424c15fbk416', 4000),
(718, 4, 'F3-10666CL7T-6GBPK', 6000, '240-pin', 1333, 7, '7-7-7-18', 1.50, 0, 0, 1, 3, 'DDR3', 'gskill-f3-10666cl7t-6gbpk', 2000),
(719, 4, 'F3-1333C9D-16GIS', 16000, '240-pin', 1333, 9, '9-9-9-24', 1.50, 0, 0, 0, 2, 'DDR3', 'gskill-f3-1333c9d-16gis', 8000),
(720, 4, 'F4-2133C15Q-16GNT', 16000, '288-pin', 2133, 15, '15-15-15-35', 1.20, 0, 0, 0, 4, 'DDR4', 'gskill-f4-2133c15q-16gnt', 4000),
(721, 4, 'F4-2800C16D-8GVR', 8000, '288-pin', 2800, 16, '16-16-16-36', 1.20, 0, 0, 1, 2, 'DDR4', 'gskill-f4-2800c16d-8gvr', 4000),
(722, 4, 'F4-3200C15D-32GVR', 32000, '288-pin', 3200, 15, '15-15-15-35', 1.35, 0, 0, 0, 2, 'DDR4', 'gskill-f4-3200c15d-32gvr', 16000),
(723, 5, 'BLT2K4G3D1608ET3LX0', 8000, '240-pin', 1600, 8, '8-8-8-24', 1.35, 0, 0, 1, 2, 'DDR3', 'crucial-blt2k4g3d1608et3lx0', 4000),
(724, 5, 'BLS2K4G3D18ADS3J', 8000, '240-pin', 1866, 10, '10-10-10-30', 1.50, 0, 0, 1, 2, 'DDR3', 'crucial-bls2k4g3d18ads3j', 4000),
(725, 9, 'PSD38G1600KH', 8000, '240-pin', 1600, 11, NULL, 1.50, 0, 0, 0, 2, 'DDR3', 'patriot-psd38g1600kh', 4000),
(726, 4, 'F4-3000C15D-16GTZB', 16000, '288-pin', 3000, 15, '15-16-16-35', 1.35, 0, 0, 1, 2, 'DDR4', 'gskill-f4-3000c15d-16gtzb', 8000),
(727, 12, 'AA1333D3N9/2G', 2000, '240-pin', 1333, 9, NULL, 1.50, 0, 0, 0, 1, 'DDR3', 'addon-aa1333d3n92g', 2000),
(728, 6, 'HX318C9T2K4/16', 16000, '240-pin', 1866, 9, '9-10-11', 1.50, 0, 0, 0, 4, 'DDR3', 'hyperx-hx318c9t2k416', 4000),
(729, 5, 'BLS4CP8G3D1609DS1S00BEU', 32000, '240-pin', 1600, 9, '9-9-9-24', 1.50, 0, 0, 1, 4, 'DDR3', 'crucial-bls4cp8g3d1609ds1s00beu', 8000),
(730, 5, 'BLS2K16G4D240FSE', 32000, '288-pin', 2400, 16, '16-16-16', 1.20, 0, 0, 0, 2, 'DDR4', 'crucial-bls2k16g4d240fse', 16000),
(731, 4, 'F3-1600C11D-16GISL', 16000, '240-pin', 1600, 11, '11-11-11-28', 1.35, 0, 0, 0, 2, 'DDR3', 'gskill-f3-1600c11d-16gisl', 8000),
(732, 3, 'CML4GX3M1C1600C9', 4000, '240-pin', 1600, 9, '9-9-9-24', 1.35, 0, 0, 1, 1, 'DDR3', 'corsair-cml4gx3m1c1600c9', 4000),
(733, 6, 'HX324C11T2K2/8', 8000, '240-pin', 2400, 11, '11-13-14', 1.65, 0, 0, 0, 2, 'DDR3', 'hyperx-hx324c11t2k28', 4000),
(734, 6, 'HX426C15FBK4/32', 32000, '288-pin', 2666, 15, '15-17-17', 1.20, 0, 0, 1, 4, 'DDR4', 'hyperx-hx426c15fbk432', 8000),
(735, 6, 'HX424C12SB2K2/8', 8000, '288-pin', 2400, 12, NULL, 1.35, 0, 0, 1, 2, 'DDR4', 'hyperx-hx424c12sb2k28', 4000),
(736, 5, 'BLT2K8G4D26AFTA', 16000, '288-pin', 2666, 16, NULL, 1.20, 0, 0, 1, 2, 'DDR4', 'crucial-blt2k8g4d26afta', 8000),
(737, 4, 'F4-2133C15Q-16GRR', 16000, '288-pin', 2133, 15, '15-15-15-35', 1.20, 0, 0, 0, 4, 'DDR4', 'gskill-f4-2133c15q-16grr', 4000),
(738, 4, 'F4-3333C16Q-32GVR', 32000, '288-pin', 3333, 16, '16-16-16-36', 1.35, 0, 0, 1, 4, 'DDR4', 'gskill-f4-3333c16q-32gvr', 8000),
(739, 6, 'HX426C13SB2K2/8', 8000, '288-pin', 2666, 13, NULL, 1.35, 0, 0, 1, 2, 'DDR4', 'hyperx-hx426c13sb2k28', 4000),
(740, 5, 'BLT2KIT8G3D1608DT2TXRG', 16000, '240-pin', 1600, 8, '8-8-8-24', 1.50, 0, 0, 1, 2, 'DDR3', 'crucial-blt2kit8g3d1608dt2txrg', 8000),
(741, 10, '997017', 16000, '240-pin', 1333, 9, '9-9-9-24', 1.50, 0, 0, 0, 2, 'DDR3', 'mushkin-997017', 8000),
(742, 4, 'F3-12800CL10Q-32GBZL', 32000, '240-pin', 1600, 10, '10-10-10-30', 1.50, 0, 0, 0, 4, 'DDR3', 'gskill-f3-12800cl10q-32gbzl', 8000),
(743, 4, 'F3-2400C10D-8GZH', 8000, '240-pin', 2400, 10, '10-12-12-31', 1.65, 0, 0, 0, 2, 'DDR3', 'gskill-f3-2400c10d-8gzh', 4000),
(744, 4, 'F4-3000C15Q-16GVRB', 16000, '288-pin', 3000, 15, '15-16-16-35', 1.35, 0, 0, 1, 4, 'DDR4', 'gskill-f4-3000c15q-16gvrb', 4000),
(745, 4, 'F4-2800C14Q-64GVK', 64000, '288-pin', 2800, 14, '14-14-14-35', 1.35, 0, 0, 1, 4, 'DDR4', 'gskill-f4-2800c14q-64gvk', 16000),
(746, 3, 'CML8GX3M2C1600C9R', 8000, '240-pin', 1600, 9, '9-9-9-24', 1.35, 0, 0, 1, 2, 'DDR3', 'corsair-cml8gx3m2c1600c9r', 4000),
(747, 4, 'F3-1600C7Q-32GTX', 32000, '240-pin', 1600, 7, '7-8-8-24', 1.50, 0, 0, 0, 4, 'DDR3', 'gskill-f3-1600c7q-32gtx', 8000),
(748, 4, 'F4-3200C16D-8GVRB', 8000, '288-pin', 3200, 16, '16-18-18-38', 1.35, 0, 0, 1, 2, 'DDR4', 'gskill-f4-3200c16d-8gvrb', 4000),
(749, 4, 'F4-3200C15Q-32GVK', 32000, '288-pin', 3200, 15, '15-15-15-35', 1.35, 0, 0, 0, 4, 'DDR4', 'gskill-f4-3200c15q-32gvk', 8000),
(750, 3, 'CMK16GX4M4A2400C16R', 16000, '288-pin', 2400, 16, '16-16-16-39', 1.20, 0, 0, 1, 4, 'DDR4', 'corsair-cmk16gx4m4a2400c16r', 4000),
(751, 6, 'HX318C9SRK4/32', 32000, '240-pin', 1866, 9, '9-10-11', 1.50, 0, 0, 0, 4, 'DDR3', 'hyperx-hx318c9srk432', 8000),
(752, 6, 'HX318C9T3K4/16', 16000, '240-pin', 1866, 9, '9-10-11', 1.50, 0, 0, 0, 4, 'DDR3', 'hyperx-hx318c9t3k416', 4000),
(753, 5, 'BLS4K8G4D240FSE', 32000, '288-pin', 2400, 16, '16-16-16', 1.20, 0, 0, 0, 4, 'DDR4', 'crucial-bls4k8g4d240fse', 8000),
(754, 4, 'F3-2133C9Q-32GXH', 32000, '240-pin', 2133, 9, '9-11-11', 1.60, 0, 0, 0, 4, 'DDR3', 'gskill-f3-2133c9q-32gxh', 8000),
(755, 4, 'F3-1866C9Q-32GXM', 32000, '240-pin', 1866, 9, '9-10-9-28', 1.50, 0, 0, 1, 4, 'DDR3', 'gskill-f3-1866c9q-32gxm', 8000),
(756, 4, 'F4-2800C15D-8GTZB', 8000, '288-pin', 2800, 15, '15-16-16-35', 1.25, 0, 0, 1, 2, 'DDR4', 'gskill-f4-2800c15d-8gtzb', 4000),
(757, 4, 'F4-2400C15D-8GNT', 8000, '288-pin', 2400, 15, '15-15-15-35', 1.20, 0, 0, 0, 2, 'DDR4', 'gskill-f4-2400c15d-8gnt', 4000),
(758, 4, 'F4-3200C15D-32GTZ', 32000, '288-pin', 3200, 15, '15-15-15-35', 1.35, 0, 0, 1, 2, 'DDR4', 'gskill-f4-3200c15d-32gtz', 16000),
(759, 4, 'F4-2400C15Q-16GRR', 16000, '288-pin', 2400, 15, '15-15-15-35', 1.20, 0, 0, 0, 4, 'DDR4', 'gskill-f4-2400c15q-16grr', 4000),
(760, 4, 'F4-3333C16Q-32GVK', 32000, '288-pin', 3333, 16, '16-16-16-36', 1.35, 0, 0, 1, 4, 'DDR4', 'gskill-f4-3333c16q-32gvk', 8000),
(761, 4, 'F3-2133C10D-8GXM', 8000, '240-pin', 2133, 10, '10-12-12-31', 1.60, 0, 0, 0, 2, 'DDR3', 'gskill-f3-2133c10d-8gxm', 4000),
(762, 3, 'CMY8GX3M2B2133C11', 8000, '240-pin', 2133, 11, '11-12-12-27', 1.50, 0, 0, 1, 2, 'DDR3', 'corsair-cmy8gx3m2b2133c11', 4000),
(763, 6, 'HX324C11SRK2/8', 8000, '240-pin', 2400, 11, '11-13-14', 1.65, 0, 0, 0, 2, 'DDR3', 'hyperx-hx324c11srk28', 4000),
(764, 4, 'F3-1333C9D-8GAO', 8000, '240-pin', 1333, 9, '9-9-9', 1.50, 0, 0, 1, 2, 'DDR3', 'gskill-f3-1333c9d-8gao', 4000),
(765, 4, 'F4-2133C15Q-32GRB', 32000, '288-pin', 2133, 15, '15-15-15-35', 1.20, 0, 0, 0, 4, 'DDR4', 'gskill-f4-2133c15q-32grb', 8000),
(766, 4, 'F4-2666C15D-16GRR', 16000, '288-pin', 2666, 15, '15-15-15-35', 1.20, 0, 0, 1, 2, 'DDR4', 'gskill-f4-2666c15d-16grr', 8000),
(767, 4, 'F4-2800C15Q-16GVRB', 16000, '288-pin', 2800, 15, '15-16-16-35', 1.25, 0, 0, 1, 4, 'DDR4', 'gskill-f4-2800c15q-16gvrb', 4000),
(768, 4, 'F4-2400C15D-16GNS', 16000, '288-pin', 2400, 15, '15-15-15-35', 1.20, 0, 0, 0, 2, 'DDR4', 'gskill-f4-2400c15d-16gns', 8000),
(769, 3, 'CMD8GX3M2A3200C13', 8000, '240-pin', 3200, 13, '13-15-15-39', 1.65, 0, 0, 1, 2, 'DDR3', 'corsair-cmd8gx3m2a3200c13', 4000),
(770, 12, 'A3708120-AA', 4000, '240-pin', 1333, 9, NULL, 1.50, 0, 0, 0, 1, 'DDR3', 'addon-a3708120-aa', 4000),
(771, 4, 'F4-2133C15D-8GRR', 8000, '288-pin', 2133, 15, '15-15-15-35', 1.20, 0, 0, 0, 2, 'DDR4', 'gskill-f4-2133c15d-8grr', 4000),
(772, 6, 'HX430C16PBK2/32', 32000, '288-pin', 3000, 16, '16-16-16', 1.35, 0, 0, 1, 2, 'DDR4', 'hyperx-hx430c16pbk232', 16000),
(773, 8, 'KVR13N9S8K2/8', 8000, '240-pin', 1333, 9, NULL, 1.50, 0, 0, 0, 2, 'DDR3', 'kingston-kvr13n9s8k28', 4000),
(774, 4, 'F4-3200C16D-16GVRB', 16000, '288-pin', 3200, 16, '16-18-18-38', 1.35, 0, 0, 1, 2, 'DDR4', 'gskill-f4-3200c16d-16gvrb', 8000),
(775, 5, 'BLS2K8G4D240FSE', 16000, '288-pin', 2400, 16, '16-16-16', 1.20, 0, 0, 1, 2, 'DDR4', 'crucial-bls2k8g4d240fse', 8000),
(776, 13, 'AVD3U16001108G-2CIR', 16000, '240-pin', 1600, 11, '11-11-11-28', 1.50, 0, 0, 0, 2, 'DDR3', 'avexir-avd3u16001108g-2cir', 8000),
(777, 4, 'F4-2133C15D-8GVR', 8000, '288-pin', 2133, 15, '15-15-15-35', 1.20, 0, 0, 1, 2, 'DDR4', 'gskill-f4-2133c15d-8gvr', 4000),
(778, 7, 'TLRED316G1600HC9DC01', 16000, '240-pin', 1600, 9, '9-9-9-24', 1.50, 0, 0, 1, 2, 'DDR3', 'team-tlred316g1600hc9dc01', 8000),
(779, 4, 'F4-2133C15Q-32GIS', 32000, '288-pin', 2133, 15, '15-15-15-35', 1.20, 0, 0, 0, 4, 'DDR4', 'gskill-f4-2133c15q-32gis', 8000),
(780, 4, 'F4-2133C15Q-16GIS', 16000, '288-pin', 2133, 15, '15-15-15-35', 1.20, 0, 0, 0, 4, 'DDR4', 'gskill-f4-2133c15q-16gis', 4000),
(781, 3, 'CMK8GX4M2A2666C16', 8000, '288-pin', 2666, 16, '16-18-18-35', 1.20, 0, 0, 1, 2, 'DDR4', 'corsair-cmk8gx4m2a2666c16', 4000),
(782, 6, 'HX424C12SB2K2/16', 16000, '288-pin', 2400, 12, NULL, 1.35, 0, 0, 1, 2, 'DDR4', 'hyperx-hx424c12sb2k216', 8000);
INSERT INTO `memory` (`id`, `manufacturer_id`, `part_number`, `capacity`, `type`, `speed`, `latency`, `timing`, `voltage`, `ecc`, `buffered`, `spreader`, `slots`, `data_rate`, `slug`, `capacity_per_slot`) VALUES
(783, 6, 'HX316C9SR/4', 4000, '240-pin', 1600, 9, '9-9-9', 1.50, 0, 0, 0, 1, 'DDR3', 'hyperx-hx316c9sr4', 4000),
(784, 4, 'F4-2800C14D-32GTZ', 32000, '288-pin', 2800, 14, '14-14-14-35', 1.35, 0, 0, 1, 2, 'DDR4', 'gskill-f4-2800c14d-32gtz', 16000),
(785, 4, 'F4-3000C15Q-32GVR', 32000, '288-pin', 3000, 15, '15-15-15-35', 1.35, 0, 0, 1, 4, 'DDR4', 'gskill-f4-3000c15q-32gvr', 8000),
(786, 8, 'KVR21N15S8/8', 8000, '288-pin', 2133, 15, '15-15-15', 1.20, 0, 0, 0, 1, 'DDR4', 'kingston-kvr21n15s88', 8000),
(787, 4, 'F3-2133C11D-8GAO', 8000, '240-pin', 2133, 11, '11-11-11', 1.60, 0, 0, 1, 2, 'DDR3', 'gskill-f3-2133c11d-8gao', 4000),
(788, 6, 'HX424C15FB/4', 4000, '288-pin', 2400, 15, NULL, 1.20, 0, 0, 1, 1, 'DDR4', 'hyperx-hx424c15fb4', 4000),
(789, 6, 'HX428C14SB2K4/32', 32000, '288-pin', 2800, 14, NULL, 1.35, 0, 0, 1, 4, 'DDR4', 'hyperx-hx428c14sb2k432', 8000),
(790, 4, 'F4-3000C15D-16GVGB', 16000, '288-pin', 3000, 15, '15-16-16-35', 1.35, 0, 0, 1, 2, 'DDR4', 'gskill-f4-3000c15d-16gvgb', 8000),
(791, 7, 'TED38G1600C1101', 8000, '240-pin', 1600, 11, '11-11-11-28', 1.50, 0, 0, 1, 1, 'DDR3', 'team-ted38g1600c1101', 8000),
(792, 7, 'TDRED316G2400HC11CDC01', 16000, '240-pin', 2400, 11, '11-13-13-35', 1.65, 0, 0, 1, 2, 'DDR3', 'team-tdred316g2400hc11cdc01', 8000),
(793, 4, 'F3-2133C11Q-32GXL', 32000, '240-pin', 2133, 11, '11-13-13-31', 1.50, 0, 0, 0, 4, 'DDR3', 'gskill-f3-2133c11q-32gxl', 8000),
(794, 4, 'F3-12800CL8Q-8GBZH', 8000, '240-pin', 1600, 8, '8-8-8-24', 1.50, 0, 0, 1, 4, 'DDR3', 'gskill-f3-12800cl8q-8gbzh', 2000),
(795, 4, 'F3-17000CL11D-8GBSR', 8000, '240-pin', 2133, 11, '11-11-11-30', 1.60, 0, 0, 1, 2, 'DDR3', 'gskill-f3-17000cl11d-8gbsr', 4000),
(796, 6, 'HX421C14FBK2/16', 16000, '288-pin', 2133, 14, '14-14-14', 1.20, 0, 0, 1, 2, 'DDR4', 'hyperx-hx421c14fbk216', 8000),
(797, 5, 'CT2K102464BD160B', 16000, '240-pin', 1600, 11, NULL, 1.50, 0, 0, 0, 2, 'DDR3', 'crucial-ct2k102464bd160b', 8000),
(798, 4, 'F3-12800CL9Q-16GBSR1', 16000, '240-pin', 1600, 9, '9-9-9-24', 1.35, 0, 0, 1, 4, 'DDR3', 'gskill-f3-12800cl9q-16gbsr1', 4000),
(799, 5, 'BLS8G4D240FSA', 8000, '288-pin', 2400, 16, '16-16-16', 1.20, 0, 0, 1, 1, 'DDR4', 'crucial-bls8g4d240fsa', 8000),
(800, 4, 'F3-1866C10Q-32GAB', 32000, '240-pin', 1866, 10, '10-11-10', 1.50, 0, 0, 1, 4, 'DDR3', 'gskill-f3-1866c10q-32gab', 8000),
(801, 7, 'TPD316G1600C11DC01', 16000, '240-pin', 1600, 11, '11-11-11-28', 1.50, 0, 0, 1, 2, 'DDR3', 'team-tpd316g1600c11dc01', 8000),
(802, 4, 'F3-8500CL7S-4GBRL', 4000, '240-pin', 1066, 7, '7-7-7-18', 1.50, 0, 0, 1, 1, 'DDR3', 'gskill-f3-8500cl7s-4gbrl', 4000),
(803, 4, 'F4-3200C14D-32GTZ', 32000, '288-pin', 3200, 14, '14-14-14-34', 1.35, 0, 0, 1, 2, 'DDR4', 'gskill-f4-3200c14d-32gtz', 16000),
(804, 4, 'F4-2400C15D-32GIS', 32000, '288-pin', 2400, 15, '15-15-15-35', 1.20, 0, 0, 0, 2, 'DDR4', 'gskill-f4-2400c15d-32gis', 16000),
(805, 3, 'CMK64GX4M4B3000C15', 64000, '288-pin', 3000, 15, '15-17-17-35', 1.35, 0, 0, 1, 4, 'DDR4', 'corsair-cmk64gx4m4b3000c15', 16000),
(806, 4, 'F3-1866C9D-8GAB', 8000, '240-pin', 1866, 9, '9-10-9-28', 1.50, 0, 0, 1, 2, 'DDR3', 'gskill-f3-1866c9d-8gab', 4000),
(807, 4, 'F4-3200C16D-16GVS', 16000, '288-pin', 3200, 16, '16-16-16-36', 1.35, 0, 0, 1, 2, 'DDR4', 'gskill-f4-3200c16d-16gvs', 8000),
(808, 4, 'F3-1866C9Q-32GZH', 32000, '240-pin', 1866, 9, '9-9-9-24', 1.50, 0, 0, 0, 4, 'DDR3', 'gskill-f3-1866c9q-32gzh', 8000),
(809, 4, 'F4-2666C15Q-16GRR', 16000, '288-pin', 2666, 15, '15-15-15-35', 1.20, 0, 0, 1, 4, 'DDR4', 'gskill-f4-2666c15q-16grr', 4000),
(810, 4, 'F4-3000C15D-8GRBB', 8000, '288-pin', 3000, 15, '15-16-16-35', 1.35, 0, 0, 1, 2, 'DDR4', 'gskill-f4-3000c15d-8grbb', 4000),
(811, 4, 'F3-17000CL11D-8GBXL', 8000, '240-pin', 2133, 11, '11-11-11-30', 1.50, 0, 0, 1, 2, 'DDR3', 'gskill-f3-17000cl11d-8gbxl', 4000),
(812, 3, 'CMD32GX4M4A2400C12', 32000, '288-pin', 2400, 12, '12-14-14-28', 1.20, 0, 0, 1, 4, 'DDR4', 'corsair-cmd32gx4m4a2400c12', 8000),
(813, 4, 'F4-3333C16D-16GVR', 16000, '288-pin', 3333, 16, '16-16-16-36', 1.35, 0, 0, 1, 2, 'DDR4', 'gskill-f4-3333c16d-16gvr', 8000),
(814, 4, 'F4-2400C15S-8GNT', 8000, '288-pin', 2400, 15, '15-15-15-35', 1.20, 0, 0, 0, 1, 'DDR4', 'gskill-f4-2400c15s-8gnt', 8000),
(815, 5, 'BLT2KIT4G3D1869DT2TXOB', 8000, '240-pin', 1866, 9, '9-9-9-27', 1.50, 0, 0, 0, 2, 'DDR3', 'crucial-blt2kit4g3d1869dt2txob', 4000),
(816, 13, 'AVD3U16001108G-1CIR', 8000, '240-pin', 1600, 11, '11-11-11-28', 1.50, 0, 0, 0, 1, 'DDR3', 'avexir-avd3u16001108g-1cir', 8000),
(817, 4, 'F3-1333C9S-8GIS', 8000, '240-pin', 1333, 9, '9-9-9-24', 1.50, 0, 0, 0, 1, 'DDR3', 'gskill-f3-1333c9s-8gis', 8000),
(818, 6, 'HX316C9SRK2/16', 16000, '240-pin', 1600, 9, '9-9-9', 1.50, 0, 0, 1, 2, 'DDR3', 'hyperx-hx316c9srk216', 8000),
(819, 4, 'F3-12800CL9Q-16GBSR', 16000, '240-pin', 1600, 9, '9-9-9-24', 1.50, 0, 0, 0, 4, 'DDR3', 'gskill-f3-12800cl9q-16gbsr', 4000),
(820, 6, 'HX324C11T3K2/8', 8000, '240-pin', 2400, 11, '11-13-14', 1.65, 0, 0, 0, 2, 'DDR3', 'hyperx-hx324c11t3k28', 4000),
(821, 8, 'KVR21N15S8K2/16', 16000, '288-pin', 2133, 15, NULL, 1.20, 0, 0, 0, 2, 'DDR4', 'kingston-kvr21n15s8k216', 8000),
(822, 4, 'F3-12800CL9D-8GBSR', 8000, '240-pin', 1600, 9, '9-9-9-24', 1.50, 0, 0, 1, 2, 'DDR3', 'gskill-f3-12800cl9d-8gbsr', 4000),
(823, 4, 'F4-2133C15D-8GIS', 8000, '288-pin', 2133, 15, '15-15-15-35', 1.20, 0, 0, 0, 2, 'DDR4', 'gskill-f4-2133c15d-8gis', 4000),
(824, 4, 'F4-2133C15D-16GNT', 16000, '288-pin', 2133, 15, '15-15-15-35', 1.20, 0, 0, 0, 2, 'DDR4', 'gskill-f4-2133c15d-16gnt', 8000),
(825, 4, 'F4-2133C15S-8GIS', 8000, '288-pin', 2133, 15, '15-15-15-35', 1.20, 0, 0, 0, 1, 'DDR4', 'gskill-f4-2133c15s-8gis', 8000),
(826, 4, 'F3-14900CL9D-8GBXL', 8000, '240-pin', 1866, 9, '9-10-9-28', 1.50, 0, 0, 1, 2, 'DDR3', 'gskill-f3-14900cl9d-8gbxl', 4000),
(827, 4, 'F3-2133C9D-16GXH', 16000, '240-pin', 2133, 9, '9-11-11', 1.60, 0, 0, 0, 2, 'DDR3', 'gskill-f3-2133c9d-16gxh', 8000),
(828, 4, 'F3-14900CL8D-8GBXM', 8000, '240-pin', 1866, 8, '8-9-9-24', 1.50, 0, 0, 0, 2, 'DDR3', 'gskill-f3-14900cl8d-8gbxm', 4000),
(829, 4, 'F3-2400C10Q-16GZH', 16000, '240-pin', 2400, 10, '10-12-12-31', 1.65, 0, 0, 0, 4, 'DDR3', 'gskill-f3-2400c10q-16gzh', 4000),
(830, 4, 'F3-1866C8D-16GTX', 16000, '240-pin', 1866, 8, '8-9-9-24', 1.60, 0, 0, 0, 2, 'DDR3', 'gskill-f3-1866c8d-16gtx', 8000),
(831, 4, 'F4-3000C14Q2-64GVK', 64000, '288-pin', 3000, 14, '14-14-14-34', 1.35, 0, 0, 1, 8, 'DDR4', 'gskill-f4-3000c14q2-64gvk', 8000),
(832, 4, 'F4-3200C16D-16GVGB', 16000, '288-pin', 3200, 16, '16-18-18-38', 1.35, 0, 0, 1, 2, 'DDR4', 'gskill-f4-3200c16d-16gvgb', 8000),
(833, 3, 'CMD32GX4M2C3200C16', 32000, '288-pin', 3200, 16, '16-18-18-36', 1.35, 0, 0, 1, 2, 'DDR4', 'corsair-cmd32gx4m2c3200c16', 16000),
(834, 4, 'F4-2133C15D-32GVR', 32000, '288-pin', 2133, 15, '15-15-15-36', 1.20, 0, 0, 1, 2, 'DDR4', 'gskill-f4-2133c15d-32gvr', 16000),
(835, 4, 'F4-2133C15D-32GIS', 32000, '288-pin', 2133, 15, '15-15-15-35', 1.20, 0, 0, 0, 2, 'DDR4', 'gskill-f4-2133c15d-32gis', 16000),
(836, 4, 'F4-2400C15D-16GVS', 16000, '288-pin', 2400, 15, '15-15-15-35', 1.20, 0, 0, 1, 2, 'DDR4', 'gskill-f4-2400c15d-16gvs', 8000),
(837, 4, 'F3-1866C10Q2-64GZM', 64000, '240-pin', 1866, 10, '10-11-10-30', 1.50, 0, 0, 0, 8, 'DDR3', 'gskill-f3-1866c10q2-64gzm', 8000),
(838, 3, 'CMD16GX3M2A2133C9', 16000, '240-pin', 2133, 9, '9-11-11-31', 1.65, 0, 0, 1, 2, 'DDR3', 'corsair-cmd16gx3m2a2133c9', 8000),
(839, 4, 'F3-2133C9D-8GXL', 8000, '240-pin', 2133, 9, '9-11-11-31', 1.60, 0, 0, 1, 2, 'DDR3', 'gskill-f3-2133c9d-8gxl', 4000),
(840, 5, 'BLS2K8G4D240FSC', 16000, '288-pin', 2400, 16, '16-16-16', 1.20, 0, 0, 0, 2, 'DDR4', 'crucial-bls2k8g4d240fsc', 8000),
(841, 13, 'AVD3U16001108G-2CW', 16000, '240-pin', 1600, 11, '11-11-11-28', 1.50, 0, 0, 0, 2, 'DDR3', 'avexir-avd3u16001108g-2cw', 8000),
(842, 4, 'F3-10666CL9T-6GBNQ', 6000, '240-pin', 1333, 9, '9-9-9-24', 1.50, 0, 0, 1, 3, 'DDR3', 'gskill-f3-10666cl9t-6gbnq', 2000),
(843, 9, 'PV416G280C6QK', 16000, '288-pin', 2800, 16, '16-18-18-36', 1.20, 0, 0, 0, 4, 'DDR4', 'patriot-pv416g280c6qk', 4000),
(844, 4, 'F3-12800CL9Q-16GBRL', 16000, '240-pin', 1600, 9, '9-9-9-24-2N', 1.50, 0, 0, 1, 4, 'DDR3', 'gskill-f3-12800cl9q-16gbrl', 4000),
(845, 4, 'F3-12800CL9D-4GBECO', 4000, '240-pin', 1600, 9, '9-9-9-24-2N', 1.35, 0, 0, 1, 2, 'DDR3', 'gskill-f3-12800cl9d-4gbeco', 2000),
(846, 4, 'F3-12800CL9T-6GBNQ', 6000, '240-pin', 1600, 9, '9-9-9-24', 1.50, 0, 0, 1, 3, 'DDR3', 'gskill-f3-12800cl9t-6gbnq', 2000),
(847, 4, 'F4-2800C16Q-32GRK', 32000, '288-pin', 2800, 16, '16-16-16-36', 1.20, 0, 0, 0, 4, 'DDR4', 'gskill-f4-2800c16q-32grk', 8000),
(848, 4, 'F4-2133C15Q-32GNT', 32000, '288-pin', 2133, 15, '15-15-15-35', 1.20, 0, 0, 0, 4, 'DDR4', 'gskill-f4-2133c15q-32gnt', 8000),
(849, 13, 'AVD3U16001108G-2CIG', 16000, '240-pin', 1600, 11, '11-11-11-28', 1.50, 0, 0, 0, 2, 'DDR3', 'avexir-avd3u16001108g-2cig', 8000),
(850, 13, 'AVD3U24001108G-2CIR', 16000, '240-pin', 2400, 11, '11-13-13-31', 1.65, 0, 0, 0, 2, 'DDR3', 'avexir-avd3u24001108g-2cir', 8000),
(851, 4, 'F4-3200C14Q-64GVK', 64000, '288-pin', 3200, 14, '14-14-14-34', 1.35, 0, 0, 0, 4, 'DDR4', 'gskill-f4-3200c14q-64gvk', 16000),
(852, 6, 'HX430C15SB2K4/16', 16000, '288-pin', 3000, 15, NULL, 1.35, 0, 0, 1, 4, 'DDR4', 'hyperx-hx430c15sb2k416', 4000),
(853, 5, 'CT2K51264BD160BJ', 8000, '240-pin', 1600, 11, NULL, 1.50, 0, 0, 0, 2, 'DDR3', 'crucial-ct2k51264bd160bj', 4000),
(854, 4, 'F3-1600C9Q-32GSR', 32000, '240-pin', 1600, 9, '9-9-9-24', 1.50, 0, 0, 0, 4, 'DDR3', 'gskill-f3-1600c9q-32gsr', 8000),
(855, 5, 'CT3KIT51264BA160B', 12000, '240-pin', 1600, 11, NULL, 1.50, 0, 0, 0, 3, 'DDR3', 'crucial-ct3kit51264ba160b', 4000),
(856, 6, 'HX428C14SB2K4/16', 16000, '288-pin', 2800, 14, NULL, 1.35, 0, 0, 1, 4, 'DDR4', 'hyperx-hx428c14sb2k416', 4000),
(857, 4, 'F4-2666C15Q-32GRKB', 32000, '288-pin', 2666, 15, '15-16-16-35', 1.20, 0, 0, 0, 4, 'DDR4', 'gskill-f4-2666c15q-32grkb', 8000),
(858, 6, 'HX421C14FBK4/32', 32000, '288-pin', 2133, 14, '14-14-14', 1.20, 0, 0, 1, 4, 'DDR4', 'hyperx-hx421c14fbk432', 8000),
(859, 4, 'F3-1600C11D-8GNT', 8000, '240-pin', 1600, 11, '11-11-11-28', 1.50, 0, 0, 0, 2, 'DDR3', 'gskill-f3-1600c11d-8gnt', 4000),
(860, 6, 'HX421C14FB/4', 4000, '288-pin', 2133, 14, '14-14-14', 1.20, 0, 0, 1, 1, 'DDR4', 'hyperx-hx421c14fb4', 4000),
(861, 4, 'F4-2133C15D-16GNS', 16000, '288-pin', 2133, 15, '15-15-15-35', 1.20, 0, 0, 0, 2, 'DDR4', 'gskill-f4-2133c15d-16gns', 8000),
(862, 4, 'F4-2800C15D-16GVR', 16000, '288-pin', 2800, 15, '15-15-15-35', 1.25, 0, 0, 1, 2, 'DDR4', 'gskill-f4-2800c15d-16gvr', 8000),
(863, 3, 'CMX4GX3M2A1333C8', 4000, '240-pin', 1333, 8, '8-8-8-24', 1.65, 0, 0, 1, 2, 'DDR3', 'corsair-cmx4gx3m2a1333c8', 2000),
(864, 4, 'F3-10666CL9D-8GBNT', 8000, '240-pin', 1333, 9, '9-9-9-24', 1.50, 0, 0, 0, 2, 'DDR3', 'gskill-f3-10666cl9d-8gbnt', 4000),
(865, 4, 'F3-17000CL9Q-16GBZH', 16000, '240-pin', 2133, 9, '9-11-10-28', 1.65, 0, 0, 0, 4, 'DDR3', 'gskill-f3-17000cl9q-16gbzh', 4000),
(866, 4, 'F4-3000C14Q-32GVK', 32000, '288-pin', 3000, 14, '14-14-14-34', 1.35, 0, 0, 0, 4, 'DDR4', 'gskill-f4-3000c14q-32gvk', 8000),
(867, 23, 'mansjaukaislielums', 2000, '280-pin', 1600, 12, NULL, 1.20, 1, 1, 1, 1, 'DDR3', 'intel-mansjaukaisleilums', 2000),
(868, 1, 'zqqzzz', 2000, '280-pin', 1600, 12, NULL, 1.20, 0, 1, 0, 1, 'DDR3', 'zqzzzzzzz', 1000);

-- --------------------------------------------------------

--
-- Table structure for table `migrations`
--

CREATE TABLE `migrations` (
  `migration` varchar(255) COLLATE utf8_unicode_ci NOT NULL,
  `batch` int(11) NOT NULL
) ENGINE=InnoDB DEFAULT CHARSET=utf8 COLLATE=utf8_unicode_ci;

--
-- Dumping data for table `migrations`
--

INSERT INTO `migrations` (`migration`, `batch`) VALUES
('2016_05_25_141438_create_cpu_table', 1),
('2016_05_25_141504_create_manufacturer_table', 1),
('2016_05_25_141524_create_cpu_socket_table', 1),
('2016_05_25_174547_change_cpu_socket_column_name', 2),
('2016_05_25_182006_create_price_table', 3),
('2016_05_25_182032_create_retailer_table', 3),
('2016_05_25_230400_add_ecc_column_to_cpu', 4),
('2016_05_25_233829_make_memory_table', 5),
('2016_05_26_003719_add_slug_column_to_memory_table', 6),
('2016_05_27_214904_create_cpu_cooler_socket_table', 7),
('2016_05_27_214934_create_cpu_cooler_table', 7),
('2016_05_27_225004_create_cpu_cooler_connector_table', 7),
('2016_05_28_180233_create_sockets_table', 8),
('2016_05_28_181320_add_new_column_to_cpu_socket_table', 9),
('2016_05_28_191317_add_new_column_to_cpu_cooler_socket_table', 10),
('2016_05_28_192116_drop_cpu_socket_column', 11),
('2016_05_28_192143_drop_cpu_cooler_column', 12),
('2016_05_29_121809_add_column_per_slot_to_memory_table', 13),
('2016_05_29_223805_create_storage_table', 14),
('2016_06_01_153409_add_columns_cpu_cooler_fan_connector', 15),
('2016_06_02_151138_create_max_capacity_column_in_cpu_table', 16),
('2016_06_02_172220_create_tdp_column_in_cpu_cooler_table', 17),
('2016_06_02_221039_create_sound_card_table', 18),
('2016_06_03_105945_add_temp_column_to_cpu_socket_table', 18),
('2016_06_03_110052_add_temp_column_to_cpu_cooler_socket_table', 18),
('2016_06_03_110757_drop_column_socket_id_from_cpu_socket_table_and_rename_temp_column', 19),
('2016_06_03_110937_drop_column_socket_id_from_cpu_cooler_socket_table_and_rename_column_socket', 19),
('2016_06_03_111115_drop_socket_table', 19),
('2016_06_03_134611_add_columns_to_sound_card_table', 20),
('2016_06_03_172402_create_wireless_card_table', 21),
('2016_06_03_202731_create_wired_card_table', 22),
('2016_06_03_220901_create_case_table', 23),
('2016_06_04_002426_create_case_form_factor_table', 23),
('2016_06_04_104042_drop_liquid_cooling_from_cpu_cooler_table', 24),
('2016_06_04_143630_add_column_expansion_slot_to_sound_table', 25),
('2016_06_04_143742_add_column_expansion_slots_to_wireless_table', 25),
('2016_06_04_143810_add_column_expansion_slots_to_table_wired_table', 25),
('2016_06_04_152425_add_psu_lenght_column_to_case_table', 26),
('2016_06_04_154352_create_gpu_table', 27),
('2016_06_04_154412_create_psu_table', 27),
('2016_06_04_154443_create_motherboard_table', 27),
('2016_06_04_154749_create_optical_drive_table', 27),
('2016_06_04_172616_create_psu_type_table', 27),
('2016_06_04_185901_add_columns_to_gpu_table', 28),
('2016_06_04_220446_create_motherboard_socket_Table', 29),
('2016_06_04_220558_add_columns_to_motherboard_table', 29),
('2016_06_04_225207_create_cpu_fan_table', 30),
('2016_06_06_000732_add_slots_to_motherboard', 31),
('2016_06_06_035708_create_gpu_columns_table', 32),
('2016_06_06_061342_add_columns_to_psu_table_pin_types', 33),
('2016_06_06_061910_drop_table_cpu_cooler', 34),
('2016_06_06_062029_add_connectors_to_cpu_cooler_table', 35),
('2016_06_06_082110_add_sata_slots_to_motherboard', 36),
('2016_06_06_092030_add_optical_drive_interface_to_column', 37),
('2016_06_08_141723_add_slug_to_psu', 38),
('2016_06_08_194053_add_gpu_columns', 39),
('2016_06_08_225948_add_columns_to_mobo_tables', 40),
('2016_06_08_231051_add_frequency_table', 41),
('2016_06_08_231224_add_sli_to_mobo', 42),
('2016_06_08_231708_add_ecc_unbuffer_columns', 43),
('2016_06_08_233322_create_motherboard_cpu_table', 44);

-- --------------------------------------------------------

--
-- Table structure for table `motherboard`
--

CREATE TABLE `motherboard` (
  `id` int(10) UNSIGNED NOT NULL,
  `manufacturer_id` int(5) NOT NULL,
  `part_number` varchar(100) COLLATE utf8_unicode_ci NOT NULL,
  `form_factor` varchar(50) COLLATE utf8_unicode_ci NOT NULL,
  `slug` varchar(255) COLLATE utf8_unicode_ci NOT NULL,
  `memory_slots` int(5) NOT NULL,
  `max_capacity` int(5) NOT NULL,
  `pin_type` varchar(50) COLLATE utf8_unicode_ci NOT NULL,
  `data_rate` varchar(50) COLLATE utf8_unicode_ci NOT NULL,
  `ecc` tinyint(1) NOT NULL,
  `pci` int(5) NOT NULL,
  `pcix1` int(5) NOT NULL,
  `pcix4` int(5) NOT NULL,
  `pcix8` int(5) NOT NULL,
  `pcix16` int(5) NOT NULL,
  `sata3` int(5) NOT NULL,
  `sata2` int(5) NOT NULL,
  `sata` int(5) NOT NULL,
  `sata_express` int(5) NOT NULL,
  `m2` int(5) NOT NULL,
  `msata` int(5) NOT NULL,
  `max_lan` varchar(50) COLLATE utf8_unicode_ci NOT NULL,
  `onboard_usb` tinyint(1) NOT NULL,
  `esata` int(5) NOT NULL,
  `sata_raid` tinyint(1) NOT NULL,
  `chipset` varchar(50) COLLATE utf8_unicode_ci DEFAULT NULL,
  `sli` int(5) NOT NULL,
  `crossfire` int(5) NOT NULL,
  `buffered` tinyint(1) NOT NULL,
  `main_connector` tinyint(1) NOT NULL
) ENGINE=InnoDB DEFAULT CHARSET=utf8 COLLATE=utf8_unicode_ci;

--
-- Dumping data for table `motherboard`
--

INSERT INTO `motherboard` (`id`, `manufacturer_id`, `part_number`, `form_factor`, `slug`, `memory_slots`, `max_capacity`, `pin_type`, `data_rate`, `ecc`, `pci`, `pcix1`, `pcix4`, `pcix8`, `pcix16`, `sata3`, `sata2`, `sata`, `sata_express`, `m2`, `msata`, `max_lan`, `onboard_usb`, `esata`, `sata_raid`, `chipset`, `sli`, `crossfire`, `buffered`, `main_connector`) VALUES
(1, 60, 'SABERTOOTH Z170 MARK 1', 'ATX', 'asus-sabertooth-z1z0-mark-1', 4, 64000, '288-pin', 'DDR4', 0, 0, 3, 0, 0, 3, 6, 0, 0, 2, 1, 0, '10/100/1000Mbps', 1, 0, 1, 'Intel Z170 ', 2, 3, 0, 1),
(2, 60, 'SABERTOOTH X99\r\n', 'ATX', 'asus-sabertooth-x99', 8, 64000, '288-pin', 'DDR4', 0, 0, 1, 1, 0, 3, 8, 0, 0, 1, 1, 0, '10/100/1000Mbps', 1, 0, 1, 'Intel X99', 3, 3, 0, 1),
(3, 60, 'Z97-E/USB3.1', 'ATX', 'asus-z97-e-usb31', 4, 32000, '240-pin', 'DDR3', 0, 2, 3, 0, 0, 2, 4, 0, 0, 1, 1, 0, '10/100/1000Mbps', 1, 0, 1, 'Intel Z97', 2, 2, 0, 1),
(4, 60, 'AM1M-A\r\n', 'Micro ATX', 'asus-am1m-a', 2, 32000, '240-pin', 'DDR3', 1, 0, 2, 0, 0, 1, 2, 0, 0, 0, 0, 0, '10/100/1000Mbps', 1, 0, 0, NULL, 0, 0, 0, 1),
(5, 60, 'A88X-PRO', 'EATX', 'asus-a88x-pro', 4, 64000, '240-pin', 'DDR3', 0, 2, 2, 0, 0, 3, 6, 0, 0, 0, 0, 0, '10/100/1000Mbps', 1, 2, 1, 'AMD A88X', 0, 0, 0, 1),
(6, 60, 'A55M-A', 'Micro ATX', 'asus-a55m-a', 2, 32000, '240-pin', 'DDR3', 0, 1, 1, 0, 0, 1, 6, 0, 0, 0, 0, 0, '10/100/1000Mbps', 1, 0, 1, 'AMD A55M', 0, 3, 0, 1),
(7, 60, 'M5A97 R2.0', 'ATX', 'msa97-r2-0', 4, 32000, '240-pin', 'DDR3', 0, 2, 2, 0, 0, 2, 6, 0, 0, 0, 0, 0, '10/100/1000Mbps', 1, 0, 1, 'AMD 97', 2, 2, 0, 1),
(8, 83, 'GA-Z170X-Ultra Gaming ', 'ATX', 'gigabyte-ga-z1z0x-ultra-gaming', 4, 64000, '288-pin', 'DDR4', 1, 0, 3, 0, 0, 3, 6, 0, 0, 2, 1, 0, '10/100/1000Mbps', 1, 0, 1, 'Intel Z170', 2, 2, 0, 1),
(9, 83, 'G1.Assassin', 'XL ATX', 'gigabyte-g1-assasin', 6, 24000, '240-pin', 'DDR3', 0, 1, 2, 0, 0, 4, 6, 0, 0, 0, 0, 0, '10/100/1000Mbps', 1, 0, 1, 'Intel X58', 3, 4, 0, 1),
(10, 83, 'GA-EP43T-UD3L', 'ATX', 'ga-ep43t-ud3l', 4, 16000, '240-pin', 'DDR3', 0, 2, 4, 0, 0, 1, 6, 0, 0, 0, 0, 0, '10/100/1000Mbps', 1, 0, 0, 'Intel P43', 0, 0, 0, 1);

-- --------------------------------------------------------

--
-- Table structure for table `motherboard_cpu_comp`
--

CREATE TABLE `motherboard_cpu_comp` (
  `id` int(10) UNSIGNED NOT NULL,
  `motherboard_id` int(5) NOT NULL,
  `cpu_name` varchar(50) COLLATE utf8_unicode_ci NOT NULL
) ENGINE=InnoDB DEFAULT CHARSET=utf8 COLLATE=utf8_unicode_ci;

--
-- Dumping data for table `motherboard_cpu_comp`
--

INSERT INTO `motherboard_cpu_comp` (`id`, `motherboard_id`, `cpu_name`) VALUES
(1, 1, 'Celeron G3900'),
(2, 1, 'Celeron G3900T'),
(3, 1, 'Celeron G3920'),
(4, 1, 'Core i3-6098P'),
(5, 1, 'Core i3-6100'),
(6, 1, 'Core i3-6100T'),
(7, 1, 'Core i3-6300'),
(8, 1, 'Core i3-6300T'),
(9, 1, 'Core i3-6320'),
(10, 1, 'Core i5-6400'),
(11, 1, 'Core i5-6400T'),
(12, 1, 'Core i5-6402P'),
(13, 1, 'Core i5-6500'),
(14, 1, 'Core i5-6500T'),
(15, 1, 'Core i5-6600'),
(16, 1, 'Core i5-6600K'),
(17, 1, 'Core i5-6600T'),
(18, 1, 'Core i7-6700'),
(19, 1, 'Core i7-6700K'),
(20, 1, 'Core i7-6700T'),
(21, 1, 'Pentium G4400'),
(22, 1, 'Pentium G4400T'),
(23, 1, 'Pentium G4500'),
(24, 1, 'Pentium G4500T'),
(25, 1, 'Pentium G4520'),
(26, 2, 'Core i7-5820K'),
(27, 2, 'Core i7-5930K'),
(28, 2, 'Core i7-5960X'),
(29, 2, 'Core i7-6800K'),
(30, 2, 'Core i7-6850K'),
(31, 2, 'Core i7-6900K'),
(32, 2, 'Core i7-6950X'),
(33, 2, 'Xeon E5-1620-v3'),
(34, 2, 'Xeon E5-1630-v3'),
(35, 2, 'Xeon E5-1650-v3'),
(36, 2, 'Xeon E5-1680-v3'),
(37, 2, 'Xeon E5-2620-v3'),
(38, 2, 'Xeon E5-2630-v3'),
(39, 2, 'Xeon E5-2637-v3'),
(40, 2, 'Xeon E5-2650L-v3'),
(41, 2, 'Xeon E5-2687W-v3'),
(42, 2, 'Xeon E5-2697-v3'),
(43, 2, 'Xeon E5-2698-v3'),
(44, 2, 'Xeon E5-2699-v3'),
(45, 3, 'Core i3-4160'),
(46, 3, 'Core i3-4160T'),
(47, 3, 'Core i3-4170'),
(48, 3, 'Core i3-4170T'),
(49, 3, 'Core i3-4330'),
(50, 3, 'Core i3-4330T'),
(51, 3, 'Core i3-4340'),
(52, 3, 'Core i3-4350'),
(53, 3, 'Core i3-4350T'),
(54, 3, 'Core i3-4360'),
(55, 3, 'Core i3-4360T'),
(56, 3, 'Core i3-4370'),
(57, 3, 'Core i3-4370T'),
(58, 3, 'Core i5-4430'),
(59, 3, 'Core i5-4430S'),
(60, 3, 'Core i5-4440'),
(61, 3, 'Core i5-4440S'),
(62, 3, 'Core i5-4460'),
(63, 3, 'Core i5-4460S'),
(64, 3, 'Core i5-4460T'),
(65, 3, 'Core i5-4570'),
(66, 3, 'Core i5-4570S'),
(67, 3, 'Core i5-4570T'),
(68, 3, 'Core i5-4570T'),
(69, 3, 'Core i5-4590'),
(70, 3, 'Core i5-4590S'),
(71, 3, 'Core i5-4590T'),
(72, 3, 'Core i5-4670'),
(73, 3, 'Core i5-4670K'),
(74, 3, 'Core i5-4670S'),
(75, 3, 'Core i5-4670T'),
(76, 3, 'Core i5-4690'),
(77, 3, 'Core i5-4690K'),
(78, 3, 'Core i5-4690S'),
(79, 3, 'Core i5-4690T'),
(80, 3, 'Core i5-5675C'),
(81, 3, 'Core i7-4765T'),
(82, 3, 'Core i7-4770'),
(83, 3, 'Core i7-4770K'),
(84, 3, 'Core i7-4770S'),
(85, 3, 'Core i7-4770T'),
(86, 3, 'Core i7-4771'),
(87, 3, 'Core i7-4785T'),
(88, 3, 'Core i7-4790'),
(89, 3, 'Core i7-4790K'),
(90, 3, 'Core i7-4790S'),
(91, 3, 'Core i7-4790T'),
(92, 3, 'Core i7-5775C'),
(93, 3, 'Pentium G3220'),
(94, 3, 'Pentium G3220T'),
(95, 3, 'Pentium G3240'),
(96, 3, 'Pentium G3240T'),
(97, 3, 'Pentium G3250'),
(98, 3, 'Pentium G3250T'),
(99, 3, 'Pentium G3258'),
(100, 3, 'Pentium G3260'),
(101, 3, 'Pentium G3260T'),
(102, 3, 'Pentium G3420'),
(103, 3, 'Pentium G3420T'),
(104, 3, 'Pentium G3430'),
(105, 3, 'Pentium G3440'),
(106, 3, 'Pentium G3440T'),
(107, 3, 'Pentium G3450'),
(108, 3, 'Pentium G3450T'),
(109, 3, 'Pentium G3460'),
(110, 3, 'Pentium G3460T'),
(111, 3, 'Xeon E3-1220 V3'),
(112, 3, 'Xeon E3-1220L V3'),
(113, 3, 'Xeon E3-1225 V3'),
(114, 3, 'Xeon E3-1226 V3'),
(115, 3, 'Xeon E3-1230 V3'),
(116, 3, 'Xeon E3-1230L V3'),
(117, 3, 'Xeon E3-1231 V3'),
(118, 3, 'Xeon E3-1240 V3'),
(119, 3, 'Xeon E3-1240L V3'),
(120, 3, 'Xeon E3-1241 V3'),
(121, 3, 'Xeon E3-1245 V3'),
(122, 3, 'Xeon E3-1246 V3'),
(123, 3, 'Xeon E3-1265L V3'),
(124, 3, 'Xeon E3-1270 V3'),
(125, 3, 'Xeon E3-1271 V3'),
(126, 3, 'Xeon E3-1275 V3'),
(127, 3, 'Xeon E3-1275L V3'),
(128, 3, 'Xeon E3-1276 V3'),
(129, 3, 'Xeon E3-1280 V3'),
(130, 3, 'Xeon E3-1281 V3'),
(131, 3, 'Xeon E3-1285 V3'),
(132, 3, 'Xeon E3-1285L V3'),
(133, 3, 'Xeon E3-1286 V3'),
(134, 3, 'Xeon E3-1286L V3'),
(135, 4, 'Athlon-5150'),
(136, 4, 'Athlon 5350'),
(137, 4, 'Athlon 5370'),
(138, 4, 'Sempron 2650'),
(139, 4, 'Sempron 3850'),
(140, 5, 'A10 PRO-8850B'),
(141, 5, 'A10-5700'),
(142, 5, 'A10-5800B'),
(143, 5, 'A10-5800K'),
(144, 5, 'A10-6700'),
(145, 5, 'A10-6700T'),
(146, 5, 'A10-6790B'),
(147, 5, 'A10-6790K'),
(148, 5, 'A10-6800B'),
(149, 5, 'A10-6800K'),
(150, 5, 'A10-7700K'),
(151, 5, 'A10-7800'),
(152, 5, 'A10-7800'),
(153, 5, 'A10-7850B'),
(154, 5, 'A10-7850K'),
(155, 5, 'A10-7860K'),
(156, 5, 'A10-7870K'),
(157, 5, 'A10-7890K'),
(158, 5, 'A4-4020'),
(159, 5, 'A4-5300'),
(160, 5, 'A4-5300B'),
(161, 5, 'A4-6300'),
(162, 5, 'A4-6300B'),
(163, 5, 'A4-6320'),
(164, 5, 'A4-7300'),
(165, 5, 'A4-7300B'),
(166, 5, 'A6-5400B'),
(167, 5, 'A6-5400K'),
(168, 5, 'A6-6400B'),
(169, 5, 'A6-6400K'),
(170, 5, 'A6-6420K'),
(171, 5, 'A6-7400B'),
(172, 5, 'A6-7400K'),
(173, 5, 'A6-7470K'),
(174, 5, 'A6-8550'),
(175, 5, 'A8-5500'),
(176, 5, 'A8-5500B'),
(177, 5, 'A8-5600K'),
(178, 5, 'A8-6500'),
(179, 5, 'A8-6500B'),
(180, 5, 'A8-6500T'),
(181, 5, 'A8-6600K'),
(182, 5, 'A8-7600'),
(183, 5, 'A8-7600B'),
(184, 5, 'A8-7650K'),
(185, 5, 'A8-7670K'),
(186, 5, 'A8-7690K'),
(187, 5, 'A8-8650'),
(188, 5, 'Athlon X2 340'),
(189, 5, 'Athlon X2 350'),
(190, 5, 'Athlon X2 370K'),
(191, 5, 'Athlon X2 450'),
(192, 5, 'Athlon X4 730'),
(193, 5, 'Athlon X4 740'),
(194, 5, 'Athlon X4 750'),
(195, 5, 'Athlon X4 750K'),
(196, 5, 'Athlon X4 760K'),
(197, 5, 'Athlon X4 835'),
(198, 5, 'Athlon X4 840'),
(199, 5, 'Athlon X4 845'),
(200, 5, 'Athlon X4 850'),
(201, 5, 'Athlon X4 860K'),
(202, 5, 'Athlon X4 870K'),
(203, 5, 'Athlon X4 880K'),
(204, 5, 'Sempron 250'),
(205, 6, 'A10-5700'),
(206, 6, 'A10-5800B'),
(207, 6, 'A10-5800K'),
(208, 6, 'A10-6700'),
(209, 6, 'A10-6700T'),
(210, 6, 'A10-6790B'),
(211, 6, 'A10-6790K'),
(212, 6, 'A10-6800B'),
(213, 6, 'A10-6800K'),
(214, 6, 'A4-4000'),
(215, 6, 'A4-4020'),
(216, 6, 'A4-5300'),
(217, 6, 'A4-5300B'),
(218, 6, 'A4-6300'),
(219, 6, 'A4-6300B'),
(220, 6, 'A4-6320'),
(221, 6, 'A4-7300'),
(222, 6, 'A4-7300B'),
(223, 6, 'A6-5400B'),
(224, 6, 'A6-5400K'),
(225, 6, 'A6-6400B'),
(226, 6, ' A6-6400K'),
(227, 6, 'A6-6420K'),
(228, 6, 'A8-5500'),
(229, 6, 'A8-5500B'),
(230, 6, 'A8-5600K'),
(231, 6, 'A8-6500'),
(232, 6, 'A8-6500B'),
(233, 6, 'A8-6500T'),
(234, 6, 'A8-6600K'),
(235, 6, 'Athlon X2 340'),
(236, 6, 'Athlon X2 350'),
(237, 6, 'Athlon X2 370K'),
(238, 6, 'Athlon X4 730'),
(239, 6, 'Athlon X4 740'),
(240, 6, 'Athlon X4 750'),
(241, 6, 'Athlon X4 750K'),
(242, 6, 'Athlon X4 760K'),
(243, 6, 'Sempron 250'),
(244, 7, 'Athlon II X2 235e'),
(245, 7, 'Athlon II X2 240'),
(246, 7, 'Athlon II X2 240e'),
(247, 7, 'Athlon II X2 245'),
(248, 7, 'Athlon II X2 245e'),
(249, 7, 'Athlon II X2 250'),
(250, 7, 'Athlon II X2 250e'),
(251, 7, 'Athlon II X2 255'),
(252, 7, 'Athlon II X2 255e'),
(253, 7, 'Athlon II X2 260'),
(254, 7, 'Athlon II X2 265'),
(255, 7, 'Athlon II X2 270'),
(256, 7, 'Athlon II X2 275'),
(257, 7, 'Athlon II X2 280'),
(258, 7, 'Athlon II X3 400e'),
(259, 7, 'Athlon II X3 405e'),
(260, 7, 'Athlon II X3 415e'),
(261, 7, 'Athlon II X3 420e'),
(262, 7, 'Athlon II X3 425'),
(263, 7, 'Athlon II X3 425e'),
(264, 7, 'Athlon II X3 435'),
(265, 7, 'Athlon II X3 440'),
(266, 7, 'Athlon II X3 445'),
(267, 7, 'Athlon II X3 450'),
(268, 7, 'Athlon II X3 455'),
(269, 7, 'Athlon II X3 460'),
(270, 7, 'Athlon II X4 600e'),
(271, 7, 'Athlon II X4 610e'),
(272, 7, 'Athlon II X4 615e'),
(273, 7, 'Athlon II X4 620'),
(274, 7, 'Athlon II X4 620e '),
(275, 7, 'Athlon II X4 630'),
(276, 7, 'Athlon II X4 635'),
(277, 7, 'Athlon II X4 640'),
(278, 7, 'Athlon II X4 645'),
(279, 7, 'Athlon II X4 650'),
(280, 7, 'Athlon II X4 655'),
(281, 7, 'Athlon X2 5200'),
(282, 7, 'FX-4100'),
(283, 7, 'FX-4130'),
(284, 7, 'FX-4170'),
(285, 7, 'FX-4300'),
(286, 7, 'FX-4320'),
(287, 7, 'FX-4350'),
(288, 7, 'FX-6100'),
(289, 7, 'FX-6200'),
(290, 7, 'FX-6300'),
(291, 7, 'FX-6330'),
(292, 7, 'FX-6350'),
(293, 7, 'FX-8100'),
(294, 7, 'FX-8120'),
(295, 7, 'FX-8150'),
(296, 7, 'FX-8300'),
(297, 7, 'FX-8310'),
(298, 7, 'FX-8320'),
(299, 7, 'FX-8320E '),
(300, 7, 'FX-8350'),
(301, 7, 'FX-8370'),
(302, 7, 'FX-8370E '),
(303, 7, 'Phenom II X2 545'),
(304, 7, 'Phenom II X2 550'),
(305, 7, 'Phenom II X2 555'),
(306, 7, 'Phenom II X2 560'),
(307, 7, 'Phenom II X2 565'),
(308, 7, 'Phenom II X2 570'),
(309, 7, 'Phenom II X3 700e '),
(310, 7, 'Phenom II X3 705e '),
(311, 7, 'Phenom II X3 710'),
(312, 7, 'Phenom II X3 720'),
(313, 7, 'Phenom II X3 740'),
(314, 7, 'Phenom II X4 805'),
(315, 7, 'Phenom II X4 810'),
(316, 7, 'Phenom II X4 820'),
(317, 7, 'Phenom II X4 840'),
(318, 7, 'Phenom II X4 850'),
(319, 7, 'Phenom II X4 905e'),
(320, 7, 'Phenom II X4 910'),
(321, 7, 'Phenom II X4 910E '),
(322, 7, 'Phenom II X4 925'),
(323, 7, 'Phenom II X4 925'),
(324, 7, 'Phenom II X4 945'),
(325, 7, 'Phenom II X4 955'),
(326, 7, 'Phenom II X4 960'),
(327, 7, 'Phenom II X4 960T'),
(328, 7, 'Phenom II X4 965'),
(329, 7, 'Phenom II X4 965'),
(330, 7, 'Phenom II X4 970'),
(331, 7, 'Phenom II X4 975'),
(332, 7, 'Phenom II X4 980'),
(333, 7, 'Phenom II X6 1035T'),
(334, 7, 'Phenom II X6 1045T'),
(335, 7, 'Phenom II X6 1055T'),
(336, 7, 'Phenom II X6 1065T'),
(337, 7, 'Phenom II X6 1075T'),
(338, 7, 'Phenom II X6 1090T'),
(339, 7, 'Phenom II X6 1100T'),
(340, 7, 'Sempron 140'),
(341, 7, 'Sempron 145'),
(342, 7, 'Sempron 150'),
(343, 7, 'Sempron X2 180'),
(344, 7, 'Sempron X2 190'),
(345, 8, 'Core i7-6700K'),
(346, 8, 'Core i7-6700'),
(347, 8, 'Core i7-6700T'),
(348, 8, 'Core i5-6600K'),
(349, 8, 'Core i5-6600'),
(350, 8, 'Core i5-6600T'),
(351, 8, 'Core i5-6500'),
(352, 8, 'Core i5-6500T'),
(353, 8, 'Core i5-6402P'),
(354, 8, 'Core i5-6400'),
(355, 8, 'Core i5-6400T'),
(356, 8, 'Core i3-6320'),
(357, 8, 'Core i3-6300'),
(358, 8, 'Core i3-6300T'),
(359, 8, 'Core i3-6100'),
(360, 8, 'Core i3-6100T'),
(361, 8, 'Core i3-6098P'),
(362, 8, 'Pentium G4520'),
(363, 8, 'Pentium G4500'),
(364, 8, 'Pentium G4500T'),
(365, 8, 'Pentium G4400'),
(366, 8, 'Pentium G4400'),
(367, 8, 'Pentium G4400T'),
(368, 8, 'Celeron G3920'),
(369, 8, 'Celeron G3900'),
(370, 8, 'Celeron G3900T'),
(371, 9, 'Core i7-990X'),
(372, 9, 'Core i7-980X'),
(373, 9, 'Core i7-980'),
(374, 9, 'Core i7-970'),
(375, 9, 'Core i7-975'),
(376, 9, 'Core i7-960'),
(377, 9, 'Core i7-950'),
(378, 9, 'Core i7-940'),
(379, 9, 'Core i7-930'),
(380, 9, 'Core i7-920'),
(381, 9, 'Core i7-920'),
(382, 9, 'Xeon W3690'),
(383, 9, 'Xeon W3680'),
(384, 9, 'Xeon W3580'),
(385, 9, 'Xeon W3570'),
(386, 9, 'Xeon W3565'),
(387, 9, 'Xeon W3550'),
(388, 9, 'Xeon W3540'),
(389, 9, 'Xeon W3520'),
(390, 9, 'Xeon E5607'),
(391, 9, 'Xeon E5606'),
(392, 9, 'Xeon X5570'),
(393, 9, 'Xeon X5560'),
(394, 9, 'Xeon X5550'),
(395, 9, 'Xeon E5540'),
(396, 9, 'Xeon E5530'),
(397, 9, 'Xeon L5520'),
(398, 9, 'Xeon E5520'),
(399, 9, 'Xeon L5506'),
(400, 9, 'Xeon E5506'),
(401, 9, 'Xeon E5504'),
(402, 9, 'Xeon E5502'),
(403, 10, 'Core 2 Extreme QX9770'),
(404, 10, 'Core 2 Extreme QX9770'),
(405, 10, 'Core 2 Extreme QX9650'),
(406, 10, 'Core 2 Extreme QX9650'),
(407, 10, 'Core 2 Quad Q9650'),
(408, 10, 'Core 2 Quad Q9550'),
(409, 10, 'Core 2 Quad Q9550s'),
(410, 10, 'Core 2 Quad Q9550'),
(411, 10, 'Core 2 Quad Q9505s'),
(412, 10, 'Core 2 Quad Q9505'),
(413, 10, 'Core 2 Quad Q9500'),
(414, 10, 'Core 2 Quad Q9450'),
(415, 10, 'Core 2 Quad Q9400'),
(416, 10, 'Core 2 Quad Q9400s'),
(417, 10, 'Core 2 Quad Q9300'),
(418, 10, 'Core 2 Quad Q8400'),
(419, 10, 'Core 2 Quad Q8400s'),
(420, 10, 'Core 2 Quad Q8300'),
(421, 10, 'Core 2 Quad Q8200'),
(422, 10, 'Core 2 Quad Q8200'),
(423, 10, 'Core 2 Quad Q8200s'),
(424, 10, 'Core 2 Duo E8600'),
(425, 10, 'Core 2 Duo E8500'),
(426, 10, 'Core 2 Duo E8500'),
(427, 10, 'Core 2 Duo E8400'),
(428, 10, 'Core 2 Duo E8400'),
(429, 10, 'Core 2 Duo E8300'),
(430, 10, 'Core 2 Duo E8200'),
(431, 10, 'Core 2 Duo E8190'),
(432, 10, 'Core 2 Extreme QX685'),
(433, 10, 'Core 2 Extreme QX680'),
(434, 10, 'Core 2 Extreme QX670'),
(435, 10, 'Core 2 Extreme X6800'),
(436, 10, 'Core 2 Quad Q67006'),
(437, 10, 'Core 2 Quad Q66006'),
(438, 10, 'Core 2 Quad Q660066'),
(439, 10, 'Core 2 Duo E7600'),
(440, 10, 'Core 2 Duo E7500'),
(441, 10, 'Core 2 Duo E7400'),
(442, 10, 'Core 2 Duo E7300'),
(443, 10, 'Core 2 Duo E7200'),
(444, 10, 'Core 2 Duo E6850'),
(445, 10, 'Core 2 Duo E6750'),
(446, 10, 'Core 2 Duo E6700'),
(447, 10, 'Core 2 Duo E6600'),
(448, 10, 'Core 2 Duo E6550'),
(449, 10, 'Core 2 Duo E6540'),
(450, 10, 'Core 2 Duo E6420'),
(451, 10, 'Core 2 Duo E6400'),
(452, 10, 'Core 2 Duo E6300'),
(453, 10, 'Core 2 Duo E4700'),
(454, 10, 'Core 2 Duo E4600'),
(455, 10, 'Core 2 Duo E4500'),
(456, 10, 'Core 2 Duo E4400'),
(457, 10, 'Core 2 Duo E4400'),
(458, 10, 'Core 2 Duo E4300'),
(459, 10, 'Pentium Dual-Core E6800'),
(460, 10, 'Pentium Dual-Core E6700'),
(461, 10, 'Pentium Dual-Core E6600'),
(462, 10, 'Pentium Dual-Core E6500'),
(463, 10, 'Pentium Dual-Core E6300'),
(464, 10, 'Pentium Dual-Core E5800'),
(465, 10, 'Pentium Dual-Core E5700'),
(466, 10, 'Pentium Dual-Core E5500'),
(467, 10, 'Pentium Dual-Core E5400'),
(468, 10, 'Pentium Dual-Core E5300'),
(469, 10, 'Pentium Dual-Core E5200'),
(470, 10, 'Pentium Dual-Core E5200'),
(471, 10, 'Pentium Dual-Core E2220'),
(472, 10, 'Pentium Dual-Core E2200'),
(473, 10, 'Pentium Dual-Core E2180'),
(474, 10, 'Pentium Dual-Core E2160'),
(475, 10, 'Pentium Dual-Core E2140'),
(476, 10, 'Pentium Dual-Core E2140'),
(477, 10, 'Celeron Dual-Core E3500'),
(478, 10, 'Celeron Dual-Core E3400'),
(479, 10, 'Celeron Dual-Core E3300'),
(480, 10, 'Celeron Dual-Core E3200'),
(481, 10, 'Celeron Dual-Core E1600'),
(482, 10, 'Celeron Dual-Core E1500'),
(483, 10, 'Celeron Dual-Core E1400'),
(484, 10, 'Celeron Dual-Core E1200'),
(485, 10, 'Pentium D 960'),
(486, 10, 'Pentium D 960'),
(487, 10, 'Pentium D 950'),
(488, 10, 'Pentium D 945'),
(489, 10, 'Pentium D 945'),
(490, 10, 'Pentium D 940'),
(491, 10, 'Pentium D 940'),
(492, 10, 'Pentium D 935'),
(493, 10, 'Pentium D 930'),
(494, 10, 'Pentium D 930'),
(495, 10, 'Pentium D 925'),
(496, 10, 'Pentium D 920'),
(497, 10, 'Pentium D 915'),
(498, 10, 'Pentium D 840'),
(499, 10, 'Pentium D 840'),
(500, 10, 'Pentium D 830'),
(501, 10, 'Pentium D 830'),
(502, 10, 'Pentium D 820'),
(503, 10, 'Pentium D 820'),
(504, 10, 'Pentium D 805'),
(505, 10, 'Pentium 4 672'),
(506, 10, 'Pentium 4 670'),
(507, 10, 'Pentium 4 670'),
(508, 10, 'Pentium 4 662'),
(509, 10, 'Pentium 4 661'),
(510, 10, 'Pentium 4 660'),
(511, 10, 'Pentium 4 651'),
(512, 10, 'Pentium 4 651'),
(513, 10, 'Pentium 4 650'),
(514, 10, 'Pentium 4 650'),
(515, 10, 'Pentium 4 641'),
(516, 10, 'Pentium 4 641'),
(517, 10, 'Pentium 4 640'),
(518, 10, 'Pentium 4 631'),
(519, 10, 'Pentium 4 631'),
(520, 10, 'Pentium 4 630'),
(521, 10, 'Pentium 4 571'),
(522, 10, 'Pentium 4 570J'),
(523, 10, 'Pentium 4 561'),
(524, 10, 'Pentium 4 560'),
(525, 10, 'Pentium 4 560J'),
(526, 10, 'Pentium 4 551'),
(527, 10, 'Pentium 4 551'),
(528, 10, 'Pentium 4 550'),
(529, 10, 'Pentium 4 550J'),
(530, 10, 'Pentium 4 541'),
(531, 10, 'Pentium 4 540'),
(532, 10, 'Pentium 4 531'),
(533, 10, 'Pentium 4 530'),
(534, 10, 'Pentium 4 530J'),
(535, 10, 'Pentium 4 524'),
(536, 10, 'Pentium 4 521'),
(537, 10, 'Pentium 4 520'),
(538, 10, 'Pentium 4 519K'),
(539, 10, 'Pentium 4 516'),
(540, 10, 'Pentium 4 516'),
(541, 10, 'Pentium 4 506'),
(542, 10, 'Pentium 4 505J'),
(543, 10, 'Celeron 400'),
(544, 10, 'Celeron D 365'),
(545, 10, 'Celeron D 360'),
(546, 10, 'Celeron D 356'),
(547, 10, 'Celeron D 355'),
(548, 10, 'Celeron D 352'),
(549, 10, 'Celeron D 351'),
(550, 10, 'Celeron D 346'),
(551, 10, 'Celeron D 345J'),
(552, 10, 'Celeron D 341'),
(553, 10, 'Celeron D 340J'),
(554, 10, 'Celeron D 336'),
(555, 10, 'Celeron D 335J'),
(556, 10, 'Celeron D 331'),
(557, 10, 'Celeron D 330J'),
(558, 10, 'Celeron D 326'),
(559, 10, 'Celeron D 325J');

-- --------------------------------------------------------

--
-- Table structure for table `motherboard_frequency`
--

CREATE TABLE `motherboard_frequency` (
  `id` int(10) UNSIGNED NOT NULL,
  `motherboard_id` int(5) NOT NULL,
  `frequency` int(5) NOT NULL
) ENGINE=InnoDB DEFAULT CHARSET=utf8 COLLATE=utf8_unicode_ci;

--
-- Dumping data for table `motherboard_frequency`
--

INSERT INTO `motherboard_frequency` (`id`, `motherboard_id`, `frequency`) VALUES
(1, 1, 2400),
(2, 1, 2133),
(3, 2, 2400),
(4, 2, 2133),
(5, 3, 3200),
(6, 3, 3100),
(7, 3, 3000),
(8, 3, 2933),
(9, 3, 2800),
(10, 3, 2666),
(11, 3, 2600),
(12, 3, 2400),
(13, 3, 2250),
(14, 3, 2200),
(15, 3, 2133),
(16, 3, 2000),
(17, 3, 1866),
(18, 3, 1600),
(19, 3, 1333),
(20, 4, 1866),
(21, 4, 1600),
(22, 4, 1333),
(23, 5, 2400),
(24, 5, 2250),
(25, 5, 2200),
(26, 5, 2133),
(27, 5, 1866),
(28, 5, 1600),
(29, 5, 1333),
(30, 6, 1866),
(31, 6, 1600),
(32, 6, 1333),
(33, 6, 1066),
(34, 7, 2133),
(35, 7, 1866),
(36, 7, 1600),
(37, 7, 1333),
(38, 7, 1066),
(39, 8, 3866),
(40, 8, 3800),
(41, 8, 3733),
(42, 8, 3666),
(43, 8, 3600),
(44, 8, 3466),
(45, 8, 3400),
(46, 8, 3333),
(47, 8, 3300),
(48, 8, 3200),
(49, 8, 3000),
(50, 8, 2800),
(51, 8, 2666),
(52, 8, 2400),
(53, 8, 2133),
(54, 9, 2200),
(55, 9, 1333),
(56, 9, 1066),
(57, 9, 800),
(58, 10, 1600),
(59, 10, 1333),
(60, 10, 1066),
(61, 10, 800);

-- --------------------------------------------------------

--
-- Table structure for table `motherboard_socket`
--

CREATE TABLE `motherboard_socket` (
  `id` int(10) UNSIGNED NOT NULL,
  `motherboard_id` int(5) NOT NULL,
  `name` varchar(50) COLLATE utf8_unicode_ci NOT NULL
) ENGINE=InnoDB DEFAULT CHARSET=utf8 COLLATE=utf8_unicode_ci;

--
-- Dumping data for table `motherboard_socket`
--

INSERT INTO `motherboard_socket` (`id`, `motherboard_id`, `name`) VALUES
(1, 1, 'LGA1151'),
(2, 2, 'LGA2011-3'),
(3, 3, 'LGA1150'),
(4, 4, 'AM1'),
(5, 5, 'FM2+'),
(6, 6, 'FM2'),
(7, 7, 'AM3+'),
(8, 8, 'LGA1151'),
(9, 9, 'LGA1366'),
(10, 10, 'LGA775');

-- --------------------------------------------------------

--
-- Table structure for table `optical_drive`
--

CREATE TABLE `optical_drive` (
  `id` int(10) UNSIGNED NOT NULL,
  `manufacturer_id` int(5) NOT NULL,
  `part_number` varchar(100) COLLATE utf8_unicode_ci NOT NULL,
  `type` varchar(50) COLLATE utf8_unicode_ci NOT NULL,
  `reader_writer` tinyint(1) NOT NULL,
  `form_factor` varchar(50) COLLATE utf8_unicode_ci NOT NULL,
  `slug` varchar(255) COLLATE utf8_unicode_ci NOT NULL,
  `cd_rom` int(5) DEFAULT NULL,
  `cd_r` int(5) DEFAULT NULL,
  `cd_rw` int(5) DEFAULT NULL,
  `dvd_rom` int(5) DEFAULT NULL,
  `dvd_plus_r` int(5) DEFAULT NULL,
  `dvd_plus_r_dual` int(5) DEFAULT NULL,
  `dvd_plus_rw` int(5) DEFAULT NULL,
  `dvd_r` int(5) DEFAULT NULL,
  `dvd_r_dual` int(5) DEFAULT NULL,
  `dvd_rw` int(5) DEFAULT NULL,
  `dvd_ram` int(5) DEFAULT NULL,
  `bd_rom` int(5) DEFAULT NULL,
  `bd_r` int(5) DEFAULT NULL,
  `bd_re` int(5) DEFAULT NULL,
  `interface` varchar(50) COLLATE utf8_unicode_ci NOT NULL
) ENGINE=InnoDB DEFAULT CHARSET=utf8 COLLATE=utf8_unicode_ci;

--
-- Dumping data for table `optical_drive`
--

INSERT INTO `optical_drive` (`id`, `manufacturer_id`, `part_number`, `type`, `reader_writer`, `form_factor`, `slug`, `cd_rom`, `cd_r`, `cd_rw`, `dvd_rom`, `dvd_plus_r`, `dvd_plus_r_dual`, `dvd_plus_rw`, `dvd_r`, `dvd_r_dual`, `dvd_rw`, `dvd_ram`, `bd_rom`, `bd_r`, `bd_re`, `interface`) VALUES
(4, 60, 'DVD-E818AAT', 'DVD', 1, '5.25', 'asus-dvd-e818aat', 48, 4, 8, 18, 16, 11, 7, 8, 1, 3, NULL, NULL, NULL, NULL, 'SATA 6 Gb/s'),
(5, 35, 'SH-118DB/BEBE', 'DVD', 1, '5.25', 'samsung-sh-118db-bebe', 48, 1, 12, 12, 6, 7, 8, 1, 3, 5, 7, NULL, NULL, NULL, 'SATA 6 Gb/s'),
(6, 90, 'UH12NS30', 'BD', 1, '5.25', 'lg-ugh12ns30', 48, 48, 24, 16, 16, 18, 16, 6, 7, 9, 12, 12, 12, 6, 'SATA 6 Gb/s'),
(7, 90, '9SIA2W02R49800', 'CD', 1, '5.25', 'lg-9sia2w02r49800', 48, 24, 48, 8, 12, 24, 7, 8, 12, 21, 51, NULL, NULL, NULL, 'SATA 6 Gb/s');

-- --------------------------------------------------------

--
-- Table structure for table `price`
--

CREATE TABLE `price` (
  `id` int(10) UNSIGNED NOT NULL,
  `retailer_id` int(5) NOT NULL,
  `part_number` varchar(100) COLLATE utf8_unicode_ci NOT NULL,
  `url` varchar(750) COLLATE utf8_unicode_ci NOT NULL,
  `in_stock` tinyint(1) NOT NULL,
  `price` double(5,2) NOT NULL
) ENGINE=InnoDB DEFAULT CHARSET=utf8 COLLATE=utf8_unicode_ci;

--
-- Dumping data for table `price`
--

INSERT INTO `price` (`id`, `retailer_id`, `part_number`, `url`, `in_stock`, `price`) VALUES
(1, 1, 'RC-902XB-KKN2', 'http://Veikals1.lv/RC-902XB-KKN2', 0, 84.72),
(2, 2, 'RC-902XB-KKN2', 'http://Veikals2.lv/RC-902XB-KKN2', 0, 26.77),
(3, 3, 'RC-902XB-KKN2', 'http://Veikals3.lv/RC-902XB-KKN2', 0, 105.10),
(4, 1, 'T5', 'http://Veikals1.lv/T5', 1, 126.99),
(5, 2, 'T5', 'http://Veikals2.lv/T5', 1, 78.57),
(6, 3, 'T5', 'http://Veikals3.lv/T5', 0, 67.02),
(7, 1, '600C', 'http://Veikals1.lv/600C', 1, 76.35),
(8, 2, '600C', 'http://Veikals2.lv/600C', 1, 120.47),
(9, 1, '600Q', 'http://Veikals1.lv/600Q', 1, 110.90),
(10, 2, '600Q', 'http://Veikals2.lv/600Q', 0, 104.67),
(11, 3, '600Q', 'http://Veikals3.lv/600Q', 1, 74.83),
(12, 1, 'CC-9011059-WW', 'http://Veikals1.lv/CC-9011059-WW', 0, 44.57),
(13, 2, 'CC-9011059-WW', 'http://Veikals2.lv/CC-9011059-WW', 0, 61.13),
(14, 1, 'RC-912-KKN1-GP', 'http://Veikals1.lv/RC-912-KKN1-GP', 0, 104.45),
(15, 1, '400Q', 'http://Veikals1.lv/400Q', 0, 19.05),
(16, 2, '400Q', 'http://Veikals2.lv/400Q', 1, 111.39),
(17, 3, '400Q', 'http://Veikals3.lv/400Q', 0, 109.77),
(18, 1, 'NSE-400-KKN2 (N400)', 'http://Veikals1.lv/NSE-400-KKN2 (N400)', 0, 27.28),
(19, 2, 'NSE-400-KKN2 (N400)', 'http://Veikals2.lv/NSE-400-KKN2 (N400)', 0, 43.21),
(20, 1, 'MCY-005P-KWN00', 'http://Veikals1.lv/MCY-005P-KWN00', 1, 38.56),
(21, 2, 'MCY-005P-KWN00', 'http://Veikals2.lv/MCY-005P-KWN00', 1, 91.97),
(22, 1, 'RC-932-KKN5-GP', 'http://Veikals1.lv/RC-932-KKN5-GP', 1, 107.57),
(23, 2, 'RC-932-KKN5-GP', 'http://Veikals2.lv/RC-932-KKN5-GP', 0, 45.93),
(24, 3, 'RC-932-KKN5-GP', 'http://Veikals3.lv/RC-932-KKN5-GP', 0, 42.72),
(25, 1, '450D', 'http://Veikals1.lv/450D', 1, 42.76),
(26, 2, '450D', 'http://Veikals2.lv/450D', 0, 49.24),
(27, 3, '450D', 'http://Veikals3.lv/450D', 0, 93.59),
(28, 1, 'TESSERACT SW RED', 'http://Veikals1.lv/TESSERACT SW RED', 0, 137.77),
(29, 2, 'TESSERACT SW RED', 'http://Veikals2.lv/TESSERACT SW RED', 0, 74.85),
(30, 1, 'X-QPACK3-WHT', 'http://Veikals1.lv/X-QPACK3-WHT', 1, 130.43),
(31, 2, 'X-QPACK3-WHT', 'http://Veikals2.lv/X-QPACK3-WHT', 1, 135.58),
(32, 1, 'ECA3321B-BT (U2)', 'http://Veikals1.lv/ECA3321B-BT (U2)', 0, 114.94),
(33, 1, 'SPEC-03', 'http://Veikals1.lv/SPEC-03', 0, 123.85),
(34, 1, 'Eleven Hundred V2', 'http://Veikals1.lv/Eleven Hundred V2', 0, 79.33),
(35, 2, 'Eleven Hundred V2', 'http://Veikals2.lv/Eleven Hundred V2', 0, 100.30),
(36, 1, 'R1-z', 'http://Veikals1.lv/R1-z', 1, 69.94),
(37, 2, 'R1-z', 'http://Veikals2.lv/R1-z', 0, 80.55),
(38, 1, 'P50', 'http://Veikals1.lv/P50', 0, 104.36),
(39, 2, 'P50', 'http://Veikals2.lv/P50', 1, 103.79),
(40, 3, 'P50', 'http://Veikals3.lv/P50', 0, 111.32),
(41, 1, 'LPC309(U3)', 'http://Veikals1.lv/LPC309(U3)', 0, 14.05),
(42, 2, 'LPC309(U3)', 'http://Veikals2.lv/LPC309(U3)', 1, 98.05),
(43, 3, 'LPC309(U3)', 'http://Veikals3.lv/LPC309(U3)', 1, 78.54),
(44, 1, 'T1 Plus', 'http://Veikals1.lv/T1 Plus', 1, 93.72),
(45, 2, 'T1 Plus', 'http://Veikals2.lv/T1 Plus', 0, 129.32),
(46, 3, 'T1 Plus', 'http://Veikals3.lv/T1 Plus', 0, 36.04),
(47, 1, 'X-QPACK3-CL', 'http://Veikals1.lv/X-QPACK3-CL', 0, 100.89),
(48, 2, 'X-QPACK3-CL', 'http://Veikals2.lv/X-QPACK3-CL', 1, 110.17),
(49, 3, 'X-QPACK3-CL', 'http://Veikals3.lv/X-QPACK3-CL', 1, 136.31),
(50, 1, 'X-QPACK3-PK', 'http://Veikals1.lv/X-QPACK3-PK', 1, 103.32),
(51, 2, 'X-QPACK3-PK', 'http://Veikals2.lv/X-QPACK3-PK', 0, 108.97),
(52, 3, 'X-QPACK3-PK', 'http://Veikals3.lv/X-QPACK3-PK', 1, 123.10),
(53, 1, 'X-QPACK3-NW-BK', 'http://Veikals1.lv/X-QPACK3-NW-BK', 1, 112.65),
(54, 1, 'X-QPACK3-BL', 'http://Veikals1.lv/X-QPACK3-BL', 0, 66.68),
(55, 1, 'X-QPACK3-RD', 'http://Veikals1.lv/X-QPACK3-RD', 0, 55.11),
(56, 1, 'X-QPACK3-GN', 'http://Veikals1.lv/X-QPACK3-GN', 1, 84.34),
(57, 1, 'Z9 Neo White', 'http://Veikals1.lv/Z9 Neo White', 1, 58.23),
(58, 2, 'Z9 Neo White', 'http://Veikals2.lv/Z9 Neo White', 0, 123.51),
(59, 3, 'Z9 Neo White', 'http://Veikals3.lv/Z9 Neo White', 0, 43.30),
(60, 1, 'CMS-693-WWN1-V2', 'http://Veikals1.lv/CMS-693-WWN1-V2', 0, 29.70),
(61, 1, 'MCZ-005M-KWN00', 'http://Veikals1.lv/MCZ-005M-KWN00', 0, 54.45),
(62, 2, 'MCZ-005M-KWN00', 'http://Veikals2.lv/MCZ-005M-KWN00', 1, 29.17),
(63, 3, 'MCZ-005M-KWN00', 'http://Veikals3.lv/MCZ-005M-KWN00', 0, 72.98),
(64, 1, '0R200001', 'http://Veikals1.lv/0R200001', 1, 54.20),
(65, 2, '0R200001', 'http://Veikals2.lv/0R200001', 0, 17.97),
(66, 1, 'DUKASE', 'http://Veikals1.lv/DUKASE', 1, 139.81),
(67, 1, 'PH-ES614P_TG', 'http://Veikals1.lv/PH-ES614P_TG', 0, 135.65),
(68, 2, 'PH-ES614P_TG', 'http://Veikals2.lv/PH-ES614P_TG', 1, 94.10),
(69, 1, 'ECA3351A-BT(U2)', 'http://Veikals1.lv/ECA3351A-BT(U2)', 1, 85.00),
(70, 2, 'ECA3351A-BT(U2)', 'http://Veikals2.lv/ECA3351A-BT(U2)', 0, 117.38),
(71, 3, 'ECA3351A-BT(U2)', 'http://Veikals3.lv/ECA3351A-BT(U2)', 0, 91.73),
(72, 1, 'VSK2000-U3', 'http://Veikals1.lv/VSK2000-U3', 0, 109.00),
(73, 1, 'R4-S2S-124K-GP', 'http://Veikals1.lv/R4-S2S-124K-GP', 1, 28.55),
(74, 1, 'R4-L2R-20AR-R1', 'http://Veikals1.lv/R4-L2R-20AR-R1', 1, 125.07),
(75, 2, 'R4-L2R-20AR-R1', 'http://Veikals2.lv/R4-L2R-20AR-R1', 0, 98.95),
(76, 3, 'R4-L2R-20AR-R1', 'http://Veikals3.lv/R4-L2R-20AR-R1', 0, 109.43),
(77, 1, 'R4-L2R-20AC-GP', 'http://Veikals1.lv/R4-L2R-20AC-GP', 1, 130.27),
(78, 1, 'WIND BLADE 120', 'http://Veikals1.lv/WIND BLADE 120', 0, 97.49),
(79, 2, 'WIND BLADE 120', 'http://Veikals2.lv/WIND BLADE 120', 0, 110.41),
(80, 3, 'WIND BLADE 120', 'http://Veikals3.lv/WIND BLADE 120', 1, 51.65),
(81, 1, 'BX80646I74790K', 'http://Veikals1.lv/BX80646I74790K', 1, 130.30),
(82, 2, 'BX80646I74790K', 'http://Veikals2.lv/BX80646I74790K', 1, 78.83),
(83, 1, 'BX80646I54690K', 'http://Veikals1.lv/BX80646I54690K', 1, 95.91),
(84, 2, 'BX80646I54690K', 'http://Veikals2.lv/BX80646I54690K', 1, 104.36),
(85, 3, 'BX80646I54690K', 'http://Veikals3.lv/BX80646I54690K', 0, 72.29),
(86, 1, 'FD6300WMHKBOX', 'http://Veikals1.lv/FD6300WMHKBOX', 0, 137.32),
(87, 2, 'FD6300WMHKBOX', 'http://Veikals2.lv/FD6300WMHKBOX', 1, 100.05),
(88, 3, 'FD6300WMHKBOX', 'http://Veikals3.lv/FD6300WMHKBOX', 1, 18.04),
(89, 1, 'BX80646G3258', 'http://Veikals1.lv/BX80646G3258', 0, 52.51),
(90, 1, 'BX80646I54590', 'http://Veikals1.lv/BX80646I54590', 0, 49.61),
(91, 2, 'BX80646I54590', 'http://Veikals2.lv/BX80646I54590', 1, 71.12),
(92, 1, 'BX80646I34160', 'http://Veikals1.lv/BX80646I34160', 0, 70.61),
(93, 1, 'FD8320FRHKBOX', 'http://Veikals1.lv/FD8320FRHKBOX', 0, 73.50),
(94, 2, 'FD8320FRHKBOX', 'http://Veikals2.lv/FD8320FRHKBOX', 1, 72.16),
(95, 1, 'BX80646I54460', 'http://Veikals1.lv/BX80646I54460', 1, 84.51),
(96, 2, 'BX80646I54460', 'http://Veikals2.lv/BX80646I54460', 1, 22.95),
(97, 3, 'BX80646I54460', 'http://Veikals3.lv/BX80646I54460', 0, 127.60),
(98, 1, 'BX80646I54690', 'http://Veikals1.lv/BX80646I54690', 0, 118.22),
(99, 1, 'FD9590FHHKWOF', 'http://Veikals1.lv/FD9590FHHKWOF', 1, 119.57),
(100, 1, 'AD740KYBJABOX', 'http://Veikals1.lv/AD740KYBJABOX', 0, 14.83),
(101, 1, 'BX80662I76700K', 'http://Veikals1.lv/BX80662I76700K', 1, 65.87),
(102, 2, 'BX80662I76700K', 'http://Veikals2.lv/BX80662I76700K', 0, 62.52),
(103, 1, 'BX80662I56600K', 'http://Veikals1.lv/BX80662I56600K', 1, 13.58),
(104, 2, 'BX80662I56600K', 'http://Veikals2.lv/BX80662I56600K', 0, 131.88),
(105, 3, 'BX80662I56600K', 'http://Veikals3.lv/BX80662I56600K', 1, 111.79),
(106, 1, 'BX80662I56500', 'http://Veikals1.lv/BX80662I56500', 1, 27.63),
(107, 2, 'BX80662I56500', 'http://Veikals2.lv/BX80662I56500', 1, 13.78),
(108, 1, 'BX80662I76700', 'http://Veikals1.lv/BX80662I76700', 1, 106.61),
(109, 1, 'BX80662I36100', 'http://Veikals1.lv/BX80662I36100', 1, 126.93),
(110, 1, 'FD8300WMHKBOX', 'http://Veikals1.lv/FD8300WMHKBOX', 0, 37.73),
(111, 1, 'BX80662I56400', 'http://Veikals1.lv/BX80662I56400', 0, 54.60),
(112, 2, 'BX80662I56400', 'http://Veikals2.lv/BX80662I56400', 0, 75.47),
(113, 3, 'BX80662I56400', 'http://Veikals3.lv/BX80662I56400', 0, 89.48),
(114, 1, 'FD8370FRHKHBX', 'http://Veikals1.lv/FD8370FRHKHBX', 0, 123.73),
(115, 2, 'FD8370FRHKHBX', 'http://Veikals2.lv/FD8370FRHKHBX', 0, 59.75),
(116, 1, 'AD786KYBJCSBX', 'http://Veikals1.lv/AD786KYBJCSBX', 0, 68.62),
(117, 2, 'AD786KYBJCSBX', 'http://Veikals2.lv/AD786KYBJCSBX', 1, 11.85),
(118, 3, 'AD786KYBJCSBX', 'http://Veikals3.lv/AD786KYBJCSBX', 1, 91.03),
(119, 1, 'AD860KXBJABOX', 'http://Veikals1.lv/AD860KXBJABOX', 1, 29.31),
(120, 2, 'AD860KXBJABOX', 'http://Veikals2.lv/AD860KXBJABOX', 0, 77.35),
(121, 3, 'AD860KXBJABOX', 'http://Veikals3.lv/AD860KXBJABOX', 0, 66.88),
(122, 1, 'AD7600YBJABOX', 'http://Veikals1.lv/AD7600YBJABOX', 0, 44.85),
(123, 2, 'AD7600YBJABOX', 'http://Veikals2.lv/AD7600YBJABOX', 1, 35.73),
(124, 3, 'AD7600YBJABOX', 'http://Veikals3.lv/AD7600YBJABOX', 0, 46.27),
(125, 1, 'BX80646I34170', 'http://Veikals1.lv/BX80646I34170', 1, 40.06),
(126, 2, 'BX80646I34170', 'http://Veikals2.lv/BX80646I34170', 1, 22.23),
(127, 3, 'BX80646I34170', 'http://Veikals3.lv/BX80646I34170', 0, 132.39),
(128, 1, 'AD7300OKHLBOX', 'http://Veikals1.lv/AD7300OKHLBOX', 0, 16.90),
(129, 2, 'AD7300OKHLBOX', 'http://Veikals2.lv/AD7300OKHLBOX', 0, 45.60),
(130, 3, 'AD7300OKHLBOX', 'http://Veikals3.lv/AD7300OKHLBOX', 1, 127.16),
(131, 1, 'BX80646G3460', 'http://Veikals1.lv/BX80646G3460', 1, 121.08),
(132, 1, 'BX80646I74790S', 'http://Veikals1.lv/BX80646I74790S', 0, 88.28),
(133, 2, 'BX80646I74790S', 'http://Veikals2.lv/BX80646I74790S', 0, 55.16),
(134, 3, 'BX80646I74790S', 'http://Veikals3.lv/BX80646I74790S', 0, 100.79),
(135, 1, 'BX80662G3900', 'http://Veikals1.lv/BX80662G3900', 1, 49.70),
(136, 2, 'BX80662G3900', 'http://Veikals2.lv/BX80662G3900', 0, 122.21),
(137, 3, 'BX80662G3900', 'http://Veikals3.lv/BX80662G3900', 0, 70.90),
(138, 1, 'FD6350FRHKBOX', 'http://Veikals1.lv/FD6350FRHKBOX', 1, 127.95),
(139, 1, 'BX80646G3240', 'http://Veikals1.lv/BX80646G3240', 1, 43.97),
(140, 2, 'BX80646G3240', 'http://Veikals2.lv/BX80646G3240', 0, 100.77),
(141, 3, 'BX80646G3240', 'http://Veikals3.lv/BX80646G3240', 0, 40.53),
(142, 1, 'BX80646I74770', 'http://Veikals1.lv/BX80646I74770', 0, 23.46),
(143, 2, 'BX80646I74770', 'http://Veikals2.lv/BX80646I74770', 0, 22.05),
(144, 1, 'AD5350JAHMBOX', 'http://Veikals1.lv/AD5350JAHMBOX', 1, 98.59),
(145, 2, 'AD5350JAHMBOX', 'http://Veikals2.lv/AD5350JAHMBOX', 0, 109.01),
(146, 1, 'AD787KXDJCBOX', 'http://Veikals1.lv/AD787KXDJCBOX', 0, 15.32),
(147, 1, 'AD860KXBJASBX', 'http://Veikals1.lv/AD860KXBJASBX', 1, 133.12),
(148, 2, 'AD860KXBJASBX', 'http://Veikals2.lv/AD860KXBJASBX', 0, 25.07),
(149, 3, 'AD860KXBJASBX', 'http://Veikals3.lv/AD860KXBJASBX', 0, 108.83),
(150, 1, 'BX80658I75775C', 'http://Veikals1.lv/BX80658I75775C', 1, 133.15),
(151, 2, 'BX80658I75775C', 'http://Veikals2.lv/BX80658I75775C', 0, 70.36),
(152, 1, 'FD9370FHHKWOF', 'http://Veikals1.lv/FD9370FHHKWOF', 0, 39.32),
(153, 2, 'FD9370FHHKWOF', 'http://Veikals2.lv/FD9370FHHKWOF', 0, 34.69),
(154, 1, 'BX80662I36320', 'http://Veikals1.lv/BX80662I36320', 0, 34.91),
(155, 2, 'BX80662I36320', 'http://Veikals2.lv/BX80662I36320', 1, 89.52),
(156, 1, 'AD880KXBJCSBX', 'http://Veikals1.lv/AD880KXBJCSBX', 0, 110.66),
(157, 2, 'AD880KXBJCSBX', 'http://Veikals2.lv/AD880KXBJCSBX', 1, 60.36),
(158, 1, 'BX80658I55675C', 'http://Veikals1.lv/BX80658I55675C', 0, 121.03),
(159, 1, 'BX80646I54570', 'http://Veikals1.lv/BX80646I54570', 0, 116.75),
(160, 2, 'BX80646I54570', 'http://Veikals2.lv/BX80646I54570', 0, 29.60),
(161, 3, 'BX80646I54570', 'http://Veikals3.lv/BX80646I54570', 1, 125.93),
(162, 1, 'BX80646I54670', 'http://Veikals1.lv/BX80646I54670', 0, 45.06),
(163, 2, 'BX80646I54670', 'http://Veikals2.lv/BX80646I54670', 0, 81.88),
(164, 3, 'BX80646I54670', 'http://Veikals3.lv/BX80646I54670', 0, 16.50),
(165, 1, 'BX80646I34130', 'http://Veikals1.lv/BX80646I34130', 0, 66.71),
(166, 1, 'BX80646I74770S', 'http://Veikals1.lv/BX80646I74770S', 1, 135.42),
(167, 2, 'BX80646I74770S', 'http://Veikals2.lv/BX80646I74770S', 0, 49.87),
(168, 1, 'BX80646I54430', 'http://Veikals1.lv/BX80646I54430', 1, 14.59),
(169, 1, 'BX80646I54440', 'http://Veikals1.lv/BX80646I54440', 0, 48.54),
(170, 2, 'BX80646I54440', 'http://Veikals2.lv/BX80646I54440', 1, 12.99),
(171, 1, 'AD870KXBJCSBX', 'http://Veikals1.lv/AD870KXBJCSBX', 0, 133.80),
(172, 1, 'AD640KOKHLBOX', 'http://Veikals1.lv/AD640KOKHLBOX', 1, 94.63),
(173, 1, 'BX80646I54590S', 'http://Veikals1.lv/BX80646I54590S', 1, 129.44),
(174, 2, 'BX80646I54590S', 'http://Veikals2.lv/BX80646I54590S', 1, 70.94),
(175, 1, 'BX80646G1840', 'http://Veikals1.lv/BX80646G1840', 0, 95.84),
(176, 2, 'BX80646G1840', 'http://Veikals2.lv/BX80646G1840', 0, 46.31),
(177, 1, 'BX80646I34370', 'http://Veikals1.lv/BX80646I34370', 0, 109.20),
(178, 2, 'BX80646I34370', 'http://Veikals2.lv/BX80646I34370', 1, 40.09),
(179, 3, 'BX80646I34370', 'http://Veikals3.lv/BX80646I34370', 0, 87.05),
(180, 1, 'BX80637i33220', 'http://Veikals1.lv/BX80637i33220', 0, 11.60),
(181, 2, 'BX80637i33220', 'http://Veikals2.lv/BX80637i33220', 1, 94.54),
(182, 3, 'BX80637i33220', 'http://Veikals3.lv/BX80637i33220', 0, 29.78),
(183, 1, 'BX80623I52500', 'http://Veikals1.lv/BX80623I52500', 1, 67.50),
(184, 1, 'BX80637G2020', 'http://Veikals1.lv/BX80637G2020', 1, 82.87),
(185, 1, 'SD3850JAHMBOX', 'http://Veikals1.lv/SD3850JAHMBOX', 1, 85.30),
(186, 2, 'SD3850JAHMBOX', 'http://Veikals2.lv/SD3850JAHMBOX', 1, 95.42),
(187, 3, 'SD3850JAHMBOX', 'http://Veikals3.lv/SD3850JAHMBOX', 0, 89.08),
(188, 1, 'AD5370JAHMBOX', 'http://Veikals1.lv/AD5370JAHMBOX', 1, 98.30),
(189, 1, 'BX80646I34150', 'http://Veikals1.lv/BX80646I34150', 0, 89.67),
(190, 2, 'BX80646I34150', 'http://Veikals2.lv/BX80646I34150', 1, 112.72),
(191, 1, 'BX80646G3450', 'http://Veikals1.lv/BX80646G3450', 0, 92.73),
(192, 2, 'BX80646G3450', 'http://Veikals2.lv/BX80646G3450', 1, 100.84),
(193, 1, 'BX80646G3250', 'http://Veikals1.lv/BX80646G3250', 1, 66.74),
(194, 1, 'BX80646I54440S', 'http://Veikals1.lv/BX80646I54440S', 0, 15.65),
(195, 2, 'BX80646I54440S', 'http://Veikals2.lv/BX80646I54440S', 1, 98.29),
(196, 1, 'BX80646G3470', 'http://Veikals1.lv/BX80646G3470', 0, 56.69),
(197, 2, 'BX80646G3470', 'http://Veikals2.lv/BX80646G3470', 0, 11.61),
(198, 3, 'BX80646G3470', 'http://Veikals3.lv/BX80646G3470', 0, 137.91),
(199, 1, 'AD767KXBJCSBX', 'http://Veikals1.lv/AD767KXBJCSBX', 0, 15.44),
(200, 2, 'AD767KXBJCSBX', 'http://Veikals2.lv/AD767KXBJCSBX', 0, 45.96),
(201, 3, 'AD767KXBJCSBX', 'http://Veikals3.lv/AD767KXBJCSBX', 0, 95.32),
(202, 1, 'BX80662G3920', 'http://Veikals1.lv/BX80662G3920', 0, 17.19),
(203, 2, 'BX80662G3920', 'http://Veikals2.lv/BX80662G3920', 0, 116.81),
(204, 3, 'BX80662G3920', 'http://Veikals3.lv/BX80662G3920', 1, 127.13),
(205, 1, 'BX80646G1850', 'http://Veikals1.lv/BX80646G1850', 1, 45.24),
(206, 2, 'BX80646G1850', 'http://Veikals2.lv/BX80646G1850', 0, 104.37),
(207, 1, 'AD370KOKHLBOX', 'http://Veikals1.lv/AD370KOKHLBOX', 1, 124.35),
(208, 1, 'BX80646G3440', 'http://Veikals1.lv/BX80646G3440', 1, 41.59),
(209, 2, 'BX80646G3440', 'http://Veikals2.lv/BX80646G3440', 1, 36.51),
(210, 1, 'AD765KXBJASBX', 'http://Veikals1.lv/AD765KXBJASBX', 1, 117.47),
(211, 1, 'BX80646I74771', 'http://Veikals1.lv/BX80646I74771', 1, 64.90),
(212, 2, 'BX80646I74771', 'http://Veikals2.lv/BX80646I74771', 1, 67.81),
(213, 1, 'BX80646G1820', 'http://Veikals1.lv/BX80646G1820', 0, 124.45),
(214, 2, 'BX80646G1820', 'http://Veikals2.lv/BX80646G1820', 1, 11.78),
(215, 3, 'BX80646G1820', 'http://Veikals3.lv/BX80646G1820', 1, 50.59),
(216, 1, 'BX80646I34360', 'http://Veikals1.lv/BX80646I34360', 1, 31.02),
(217, 2, 'BX80646I34360', 'http://Veikals2.lv/BX80646I34360', 1, 117.15),
(218, 3, 'BX80646I34360', 'http://Veikals3.lv/BX80646I34360', 1, 54.77),
(219, 1, 'BX80646G1830', 'http://Veikals1.lv/BX80646G1830', 0, 73.95),
(220, 2, 'BX80646G1830', 'http://Veikals2.lv/BX80646G1830', 0, 86.08),
(221, 1, 'AD679KWOHLBOX', 'http://Veikals1.lv/AD679KWOHLBOX', 1, 91.31),
(222, 1, 'BX80646I54670K', 'http://Veikals1.lv/BX80646I54670K', 0, 39.10),
(223, 2, 'BX80646I54670K', 'http://Veikals2.lv/BX80646I54670K', 1, 20.89),
(224, 3, 'BX80646I54670K', 'http://Veikals3.lv/BX80646I54670K', 1, 66.04),
(225, 1, 'BX80623I52400', 'http://Veikals1.lv/BX80623I52400', 1, 28.53),
(226, 2, 'BX80623I52400', 'http://Veikals2.lv/BX80623I52400', 0, 67.84),
(227, 3, 'BX80623I52400', 'http://Veikals3.lv/BX80623I52400', 1, 39.71),
(228, 1, 'AD785KXBJABOX', 'http://Veikals1.lv/AD785KXBJABOX', 0, 98.83),
(229, 1, 'BX80633i74820K', 'http://Veikals1.lv/BX80633i74820K', 1, 36.47),
(230, 2, 'BX80633i74820K', 'http://Veikals2.lv/BX80633i74820K', 1, 106.16),
(231, 1, 'CM8066201920300', 'http://Veikals1.lv/CM8066201920300', 1, 110.38),
(232, 1, 'AD789KXDJCHBX', 'http://Veikals1.lv/AD789KXDJCHBX', 1, 58.62),
(233, 2, 'AD789KXDJCHBX', 'http://Veikals2.lv/AD789KXDJCHBX', 0, 120.98),
(234, 3, 'AD789KXDJCHBX', 'http://Veikals3.lv/AD789KXDJCHBX', 1, 75.55),
(235, 1, 'AD5150JAHMBOX', 'http://Veikals1.lv/AD5150JAHMBOX', 0, 77.68),
(236, 2, 'AD5150JAHMBOX', 'http://Veikals2.lv/AD5150JAHMBOX', 1, 135.89),
(237, 1, 'AD580KWOA44HJ', 'http://Veikals1.lv/AD580KWOA44HJ', 0, 97.21),
(238, 2, 'AD580KWOA44HJ', 'http://Veikals2.lv/AD580KWOA44HJ', 1, 98.27),
(239, 3, 'AD580KWOA44HJ', 'http://Veikals3.lv/AD580KWOA44HJ', 0, 84.46),
(240, 1, 'CM8062300834203', 'http://Veikals1.lv/CM8062300834203', 1, 12.00),
(241, 1, 'HH80551PG0722MN', 'http://Veikals1.lv/HH80551PG0722MN', 1, 132.87),
(242, 2, 'HH80551PG0722MN', 'http://Veikals2.lv/HH80551PG0722MN', 1, 126.88),
(243, 1, 'EU80580PJ0606M', 'http://Veikals1.lv/EU80580PJ0606M', 0, 17.42),
(244, 1, 'CM8062300834106', 'http://Veikals1.lv/CM8062300834106', 0, 37.54),
(245, 2, 'CM8062300834106', 'http://Veikals2.lv/CM8062300834106', 1, 92.94),
(246, 3, 'CM8062300834106', 'http://Veikals3.lv/CM8062300834106', 0, 138.09),
(247, 1, 'HH80557PG0251M', 'http://Veikals1.lv/HH80557PG0251M', 0, 10.79),
(248, 2, 'HH80557PG0251M', 'http://Veikals2.lv/HH80557PG0251M', 1, 90.36),
(249, 1, 'BX80623G840', 'http://Veikals1.lv/BX80623G840', 0, 35.54),
(250, 2, 'BX80623G840', 'http://Veikals2.lv/BX80623G840', 0, 20.69),
(251, 1, 'AT80571AH0722ML', 'http://Veikals1.lv/AT80571AH0722ML', 1, 46.76),
(252, 2, 'AT80571AH0722ML', 'http://Veikals2.lv/AT80571AH0722ML', 1, 138.50),
(253, 1, 'AD680KW0A44HL', 'http://Veikals1.lv/AD680KW0A44HL', 1, 95.51),
(254, 2, 'AD680KW0A44HL', 'http://Veikals2.lv/AD680KW0A44HL', 1, 125.97),
(255, 3, 'AD680KW0A44HL', 'http://Veikals3.lv/AD680KW0A44HL', 1, 91.24),
(256, 1, 'AD6300OKA23HL', 'http://Veikals1.lv/AD6300OKA23HL', 0, 78.08),
(257, 2, 'AD6300OKA23HL', 'http://Veikals2.lv/AD6300OKA23HL', 1, 63.38),
(258, 3, 'AD6300OKA23HL', 'http://Veikals3.lv/AD6300OKA23HL', 0, 134.29),
(259, 1, 'AD540KOKA23HJ', 'http://Veikals1.lv/AD540KOKA23HJ', 0, 44.15),
(260, 2, 'AD540KOKA23HJ', 'http://Veikals2.lv/AD540KOKA23HJ', 1, 128.80),
(261, 3, 'AD540KOKA23HJ', 'http://Veikals3.lv/AD540KOKA23HJ', 1, 128.28),
(262, 1, 'HH80551PG0802MN', 'http://Veikals1.lv/HH80551PG0802MN', 1, 42.52),
(263, 1, 'FD4350FRW4KHK', 'http://Veikals1.lv/FD4350FRW4KHK', 0, 39.62),
(264, 1, 'BX80646I34330', 'http://Veikals1.lv/BX80646I34330', 0, 46.28),
(265, 2, 'BX80646I34330', 'http://Veikals2.lv/BX80646I34330', 1, 79.31),
(266, 3, 'BX80646I34330', 'http://Veikals3.lv/BX80646I34330', 0, 119.22),
(267, 1, 'SD2650JAHMBOX', 'http://Veikals1.lv/SD2650JAHMBOX', 1, 14.43),
(268, 2, 'SD2650JAHMBOX', 'http://Veikals2.lv/SD2650JAHMBOX', 1, 47.37),
(269, 1, 'AD5300OKHJBOX', 'http://Veikals1.lv/AD5300OKHJBOX', 1, 133.06),
(270, 2, 'AD5300OKHJBOX', 'http://Veikals2.lv/AD5300OKHJBOX', 1, 96.84),
(271, 3, 'AD5300OKHJBOX', 'http://Veikals3.lv/AD5300OKHJBOX', 1, 16.98),
(272, 1, 'FD4300WMHKBOX', 'http://Veikals1.lv/FD4300WMHKBOX', 0, 24.40),
(273, 2, 'FD4300WMHKBOX', 'http://Veikals2.lv/FD4300WMHKBOX', 0, 30.38),
(274, 1, 'RR-212E-20PK-R2', 'http://Veikals1.lv/RR-212E-20PK-R2', 1, 85.76),
(275, 1, 'RR-B10-212P-G1', 'http://Veikals1.lv/RR-B10-212P-G1', 1, 92.85),
(276, 1, 'ETS-T40F-W', 'http://Veikals1.lv/ETS-T40F-W', 0, 50.44),
(277, 2, 'ETS-T40F-W', 'http://Veikals2.lv/ETS-T40F-W', 0, 76.43),
(278, 1, 'ETS-T40F-BK', 'http://Veikals1.lv/ETS-T40F-BK', 0, 41.08),
(279, 2, 'ETS-T40F-BK', 'http://Veikals2.lv/ETS-T40F-BK', 0, 90.79),
(280, 1, 'CNPS9500A-LED', 'http://Veikals1.lv/CNPS9500A-LED', 0, 85.50),
(281, 2, 'CNPS9500A-LED', 'http://Veikals2.lv/CNPS9500A-LED', 1, 62.46),
(282, 3, 'CNPS9500A-LED', 'http://Veikals3.lv/CNPS9500A-LED', 0, 111.95),
(283, 1, 'NH-D14', 'http://Veikals1.lv/NH-D14', 0, 28.60),
(284, 2, 'NH-D14', 'http://Veikals2.lv/NH-D14', 0, 96.51),
(285, 1, 'RR-HD92-28PK-R1', 'http://Veikals1.lv/RR-HD92-28PK-R1', 0, 18.57),
(286, 1, 'CNPS9900MAX-B', 'http://Veikals1.lv/CNPS9900MAX-B', 1, 129.07),
(287, 2, 'CNPS9900MAX-B', 'http://Veikals2.lv/CNPS9900MAX-B', 0, 74.08),
(288, 3, 'CNPS9900MAX-B', 'http://Veikals3.lv/CNPS9900MAX-B', 1, 126.68),
(289, 1, 'CNPS9900MAX-R', 'http://Veikals1.lv/CNPS9900MAX-R', 1, 78.16),
(290, 2, 'CNPS9900MAX-R', 'http://Veikals2.lv/CNPS9900MAX-R', 0, 92.88),
(291, 3, 'CNPS9900MAX-R', 'http://Veikals3.lv/CNPS9900MAX-R', 0, 124.76),
(292, 1, 'RR-GMM4-16PK-R2', 'http://Veikals1.lv/RR-GMM4-16PK-R2', 0, 133.78),
(293, 2, 'RR-GMM4-16PK-R2', 'http://Veikals2.lv/RR-GMM4-16PK-R2', 0, 102.65),
(294, 3, 'RR-GMM4-16PK-R2', 'http://Veikals3.lv/RR-GMM4-16PK-R2', 0, 101.03),
(295, 1, 'PH-TC14PE_BK', 'http://Veikals1.lv/PH-TC14PE_BK', 0, 92.07),
(296, 2, 'PH-TC14PE_BK', 'http://Veikals2.lv/PH-TC14PE_BK', 1, 16.04),
(297, 1, 'RR-G5V2-20PK-R1', 'http://Veikals1.lv/RR-G5V2-20PK-R1', 0, 71.68),
(298, 1, 'RR-HT2-28PK-R1', 'http://Veikals1.lv/RR-HT2-28PK-R1', 1, 51.14),
(299, 2, 'RR-HT2-28PK-R1', 'http://Veikals2.lv/RR-HT2-28PK-R1', 1, 41.43),
(300, 3, 'RR-HT2-28PK-R1', 'http://Veikals3.lv/RR-HT2-28PK-R1', 0, 93.41),
(301, 1, 'CNPS10X Extreme', 'http://Veikals1.lv/CNPS10X Extreme', 0, 19.51),
(302, 2, 'CNPS10X Extreme', 'http://Veikals2.lv/CNPS10X Extreme', 0, 98.09),
(303, 3, 'CNPS10X Extreme', 'http://Veikals3.lv/CNPS10X Extreme', 0, 32.48),
(304, 1, 'CL-P022-AL12RE-A', 'http://Veikals1.lv/CL-P022-AL12RE-A', 0, 44.12),
(305, 2, 'CL-P022-AL12RE-A', 'http://Veikals2.lv/CL-P022-AL12RE-A', 1, 47.87),
(306, 3, 'CL-P022-AL12RE-A', 'http://Veikals3.lv/CL-P022-AL12RE-A', 0, 132.50),
(307, 1, 'PH-TC14PE_BL', 'http://Veikals1.lv/PH-TC14PE_BL', 1, 26.94),
(308, 1, 'CL-P022-AL12BU-A', 'http://Veikals1.lv/CL-P022-AL12BU-A', 0, 130.51),
(309, 1, 'ETS-T40F-RF', 'http://Veikals1.lv/ETS-T40F-RF', 0, 27.42),
(310, 1, 'P80', 'http://Veikals1.lv/P80', 0, 81.62),
(311, 1, 'RR-212X-20PM-A1', 'http://Veikals1.lv/RR-212X-20PM-A1', 0, 52.20),
(312, 1, 'CNPS5X Performa', 'http://Veikals1.lv/CNPS5X Performa', 0, 84.53),
(313, 2, 'CNPS5X Performa', 'http://Veikals2.lv/CNPS5X Performa', 1, 96.59),
(314, 3, 'CNPS5X Performa', 'http://Veikals3.lv/CNPS5X Performa', 1, 111.59),
(315, 1, 'DK-03', 'http://Veikals1.lv/DK-03', 0, 19.05),
(316, 2, 'DK-03', 'http://Veikals2.lv/DK-03', 0, 133.05),
(317, 3, 'DK-03', 'http://Veikals3.lv/DK-03', 0, 87.54),
(318, 1, 'RR-H6V2-13PK-R1', 'http://Veikals1.lv/RR-H6V2-13PK-R1', 1, 19.44),
(319, 2, 'RR-H6V2-13PK-R1', 'http://Veikals2.lv/RR-H6V2-13PK-R1', 0, 70.14),
(320, 3, 'RR-H6V2-13PK-R1', 'http://Veikals3.lv/RR-H6V2-13PK-R1', 0, 85.09),
(321, 1, 'CNPS8000B', 'http://Veikals1.lv/CNPS8000B', 1, 31.66),
(322, 2, 'CNPS8000B', 'http://Veikals2.lv/CNPS8000B', 1, 85.32),
(323, 3, 'CNPS8000B', 'http://Veikals3.lv/CNPS8000B', 0, 49.15),
(324, 1, '0R100012', 'http://Veikals1.lv/0R100012', 1, 47.02),
(325, 2, '0R100012', 'http://Veikals2.lv/0R100012', 1, 122.11),
(326, 1, 'CK-AM209', 'http://Veikals1.lv/CK-AM209', 0, 44.97),
(327, 2, 'CK-AM209', 'http://Veikals2.lv/CK-AM209', 0, 55.70),
(328, 3, 'CK-AM209', 'http://Veikals3.lv/CK-AM209', 1, 119.45),
(329, 1, 'Shark 300', 'http://Veikals1.lv/Shark 300', 0, 61.89),
(330, 2, 'Shark 300', 'http://Veikals2.lv/Shark 300', 1, 82.31),
(331, 3, 'Shark 300', 'http://Veikals3.lv/Shark 300', 1, 94.82),
(332, 1, 'DARK-ICE 300', 'http://Veikals1.lv/DARK-ICE 300', 1, 71.06),
(333, 2, 'DARK-ICE 300', 'http://Veikals2.lv/DARK-ICE 300', 1, 35.20),
(334, 1, 'P95', 'http://Veikals1.lv/P95', 0, 76.03),
(335, 2, 'P95', 'http://Veikals2.lv/P95', 0, 29.95),
(336, 1, 'FI-VC', 'http://Veikals1.lv/FI-VC', 1, 111.08),
(337, 2, 'FI-VC', 'http://Veikals2.lv/FI-VC', 1, 114.02),
(338, 3, 'FI-VC', 'http://Veikals3.lv/FI-VC', 0, 74.13),
(339, 1, '0R100003', 'http://Veikals1.lv/0R100003', 0, 87.76),
(340, 2, '0R100003', 'http://Veikals2.lv/0R100003', 1, 56.09),
(341, 3, '0R100003', 'http://Veikals3.lv/0R100003', 1, 61.05),
(342, 1, 'Shark-100 Mini', 'http://Veikals1.lv/Shark-100 Mini', 0, 14.06),
(343, 1, 'SE-203K', 'http://Veikals1.lv/SE-203K', 1, 128.50),
(344, 1, 'Shark 200', 'http://Veikals1.lv/Shark 200', 1, 73.68),
(345, 2, 'Shark 200', 'http://Veikals2.lv/Shark 200', 0, 13.93),
(346, 1, 'GAMMA HUNTER', 'http://Veikals1.lv/GAMMA HUNTER', 1, 127.03),
(347, 2, 'GAMMA HUNTER', 'http://Veikals2.lv/GAMMA HUNTER', 1, 44.17),
(348, 3, 'GAMMA HUNTER', 'http://Veikals3.lv/GAMMA HUNTER', 0, 72.74),
(349, 1, 'AM207', 'http://Veikals1.lv/AM207', 0, 87.86),
(350, 1, 'SE-214i', 'http://Veikals1.lv/SE-214i', 1, 80.58),
(351, 1, 'SE-913i', 'http://Veikals1.lv/SE-913i', 0, 55.36),
(352, 2, 'SE-913i', 'http://Veikals2.lv/SE-913i', 1, 82.92),
(353, 1, 'SE-214X', 'http://Veikals1.lv/SE-214X', 1, 78.85),
(354, 2, 'SE-214X', 'http://Veikals2.lv/SE-214X', 0, 124.96),
(355, 3, 'SE-214X', 'http://Veikals3.lv/SE-214X', 1, 108.10),
(356, 1, '0R100004', 'http://Veikals1.lv/0R100004', 1, 11.84),
(357, 1, 'SE-204', 'http://Veikals1.lv/SE-204', 1, 20.74),
(358, 2, 'SE-204', 'http://Veikals2.lv/SE-204', 0, 136.56),
(359, 3, 'SE-204', 'http://Veikals3.lv/SE-204', 0, 119.25),
(360, 1, '0R100010', 'http://Veikals1.lv/0R100010', 1, 63.99),
(361, 1, 'IS-50', 'http://Veikals1.lv/IS-50', 0, 35.33),
(362, 2, 'IS-50', 'http://Veikals2.lv/IS-50', 1, 82.38),
(363, 3, 'IS-50', 'http://Veikals3.lv/IS-50', 1, 61.53),
(364, 1, 'CL-P0466', 'http://Veikals1.lv/CL-P0466', 0, 94.84),
(365, 1, 'A8', 'http://Veikals1.lv/A8', 1, 16.90),
(366, 2, 'A8', 'http://Veikals2.lv/A8', 0, 33.43),
(367, 3, 'A8', 'http://Veikals3.lv/A8', 0, 101.19),
(368, 1, 'A13', 'http://Veikals1.lv/A13', 1, 72.93),
(369, 2, 'A13', 'http://Veikals2.lv/A13', 0, 29.00),
(370, 3, 'A13', 'http://Veikals3.lv/A13', 1, 79.37),
(371, 1, 'NH-L9a', 'http://Veikals1.lv/NH-L9a', 1, 91.46),
(372, 2, 'NH-L9a', 'http://Veikals2.lv/NH-L9a', 1, 22.72),
(373, 3, 'NH-L9a', 'http://Veikals3.lv/NH-L9a', 0, 108.84),
(374, 1, '5F9001B1H3', 'http://Veikals1.lv/5F9001B1H3', 0, 14.68),
(375, 2, '5F9001B1H3', 'http://Veikals2.lv/5F9001B1H3', 1, 44.31),
(376, 3, '5F9001B1H3', 'http://Veikals3.lv/5F9001B1H3', 0, 103.16),
(377, 1, 'PH-TC14PE_RD', 'http://Veikals1.lv/PH-TC14PE_RD', 1, 41.08),
(378, 2, 'PH-TC14PE_RD', 'http://Veikals2.lv/PH-TC14PE_RD', 1, 51.19),
(379, 3, 'PH-TC14PE_RD', 'http://Veikals3.lv/PH-TC14PE_RD', 1, 60.65),
(380, 1, 'SCBSK-2100', 'http://Veikals1.lv/SCBSK-2100', 0, 18.57),
(381, 1, 'A48G', 'http://Veikals1.lv/A48G', 0, 110.55),
(382, 2, 'A48G', 'http://Veikals2.lv/A48G', 1, 127.22),
(383, 3, 'A48G', 'http://Veikals3.lv/A48G', 1, 76.54),
(384, 1, '8WT15-38', 'http://Veikals1.lv/8WT15-38', 1, 33.61),
(385, 2, '8WT15-38', 'http://Veikals2.lv/8WT15-38', 1, 108.11),
(386, 3, '8WT15-38', 'http://Veikals3.lv/8WT15-38', 1, 66.97),
(387, 1, 'CNPS9900ALED', 'http://Veikals1.lv/CNPS9900ALED', 1, 67.64),
(388, 1, 'A6', 'http://Veikals1.lv/A6', 0, 95.77),
(389, 2, 'A6', 'http://Veikals2.lv/A6', 0, 138.47),
(390, 3, 'A6', 'http://Veikals3.lv/A6', 1, 76.36),
(391, 1, 'A27G', 'http://Veikals1.lv/A27G', 0, 119.06),
(392, 2, 'A27G', 'http://Veikals2.lv/A27G', 1, 73.67),
(393, 1, 'CLP0556-B', 'http://Veikals1.lv/CLP0556-B', 1, 23.89),
(394, 1, 'Blizzard T4', 'http://Veikals1.lv/Blizzard T4', 1, 94.58),
(395, 2, 'Blizzard T4', 'http://Veikals2.lv/Blizzard T4', 1, 100.04),
(396, 1, 'Storm S200', 'http://Veikals1.lv/Storm S200', 1, 60.65),
(397, 2, 'Storm S200', 'http://Veikals2.lv/Storm S200', 1, 99.77),
(398, 1, '0P105255', 'http://Veikals1.lv/0P105255', 1, 130.01),
(399, 2, '0P105255', 'http://Veikals2.lv/0P105255', 0, 26.37),
(400, 1, 'SE-213', 'http://Veikals1.lv/SE-213', 0, 11.52),
(401, 2, 'SE-213', 'http://Veikals2.lv/SE-213', 0, 75.96),
(402, 1, 'Frozen-Ice Mini Dual Swords', 'http://Veikals1.lv/Frozen-Ice Mini Dual Swords', 1, 20.01),
(403, 2, 'Frozen-Ice Mini Dual Swords', 'http://Veikals2.lv/Frozen-Ice Mini Dual Swords', 0, 108.86),
(404, 1, 'IS-25', 'http://Veikals1.lv/IS-25', 0, 106.48),
(405, 2, 'IS-25', 'http://Veikals2.lv/IS-25', 0, 98.69),
(406, 1, 'Blizzard T2', 'http://Veikals1.lv/Blizzard T2', 0, 12.36),
(407, 2, 'Blizzard T2', 'http://Veikals2.lv/Blizzard T2', 1, 11.71),
(408, 1, 'PH-TC14CS_BL', 'http://Veikals1.lv/PH-TC14CS_BL', 0, 101.65),
(409, 2, 'PH-TC14CS_BL', 'http://Veikals2.lv/PH-TC14CS_BL', 0, 62.25),
(410, 3, 'PH-TC14CS_BL', 'http://Veikals3.lv/PH-TC14CS_BL', 1, 31.36),
(411, 1, 'HPKC-10025EA', 'http://Veikals1.lv/HPKC-10025EA', 1, 49.41),
(412, 2, 'HPKC-10025EA', 'http://Veikals2.lv/HPKC-10025EA', 0, 48.41),
(413, 1, 'CC-Siberian-01', 'http://Veikals1.lv/CC-Siberian-01', 1, 30.53),
(414, 2, 'CC-Siberian-01', 'http://Veikals2.lv/CC-Siberian-01', 0, 101.94),
(415, 1, 'HPM-12025', 'http://Veikals1.lv/HPM-12025', 1, 85.68),
(416, 2, 'HPM-12025', 'http://Veikals2.lv/HPM-12025', 1, 17.46),
(417, 1, 'A14', 'http://Veikals1.lv/A14', 0, 22.87),
(418, 1, 'MAZ-T8PN-418PR-R1', 'http://Veikals1.lv/MAZ-T8PN-418PR-R1', 0, 23.13),
(419, 2, 'MAZ-T8PN-418PR-R1', 'http://Veikals2.lv/MAZ-T8PN-418PR-R1', 0, 27.91),
(420, 1, 'RR-212X-20PM-R1', 'http://Veikals1.lv/RR-212X-20PM-R1', 0, 44.03),
(421, 2, 'RR-212X-20PM-R1', 'http://Veikals2.lv/RR-212X-20PM-R1', 0, 117.37),
(422, 1, 'RR-920-N520-GP', 'http://Veikals1.lv/RR-920-N520-GP', 1, 54.69),
(423, 2, 'RR-920-N520-GP', 'http://Veikals2.lv/RR-920-N520-GP', 1, 139.28),
(424, 1, 'AXR9 380X 4GBD5-PPDHV2E', 'http://Veikals1.lv/AXR9 380X 4GBD5-PPDHV2E', 0, 107.07),
(425, 2, 'AXR9 380X 4GBD5-PPDHV2E', 'http://Veikals2.lv/AXR9 380X 4GBD5-PPDHV2E', 0, 87.82),
(426, 1, 'AXR9 380 4GBD5-PPDHE', 'http://Veikals1.lv/AXR9 380 4GBD5-PPDHE', 0, 139.74),
(427, 2, 'AXR9 380 4GBD5-PPDHE', 'http://Veikals2.lv/AXR9 380 4GBD5-PPDHE', 1, 19.29),
(428, 3, 'AXR9 380 4GBD5-PPDHE', 'http://Veikals3.lv/AXR9 380 4GBD5-PPDHE', 0, 119.01),
(429, 1, 'AXR9 390X 8GBD5-ADHE', 'http://Veikals1.lv/AXR9 390X 8GBD5-ADHE', 0, 51.07),
(430, 2, 'AXR9 390X 8GBD5-ADHE', 'http://Veikals2.lv/AXR9 390X 8GBD5-ADHE', 0, 68.11),
(431, 3, 'AXR9 390X 8GBD5-ADHE', 'http://Veikals3.lv/AXR9 390X 8GBD5-ADHE', 0, 130.89),
(432, 1, 'R7-370P-4255', 'http://Veikals1.lv/R7-370P-4255', 1, 131.06),
(433, 2, 'R7-370P-4255', 'http://Veikals2.lv/R7-370P-4255', 0, 124.24),
(434, 3, 'R7-370P-4255', 'http://Veikals3.lv/R7-370P-4255', 0, 24.05),
(435, 1, '04G-P4-2974-KR', 'http://Veikals1.lv/04G-P4-2974-KR', 1, 30.30),
(436, 1, 'GV-N98TG1 GAMING-6GD', 'http://Veikals1.lv/GV-N98TG1 GAMING-6GD', 1, 36.40),
(437, 2, 'GV-N98TG1 GAMING-6GD', 'http://Veikals2.lv/GV-N98TG1 GAMING-6GD', 1, 94.59),
(438, 3, 'GV-N98TG1 GAMING-6GD', 'http://Veikals3.lv/GV-N98TG1 GAMING-6GD', 1, 77.26),
(439, 1, 'GV-N970G1 GAMING-4GD', 'http://Veikals1.lv/GV-N970G1 GAMING-4GD', 1, 112.59),
(440, 2, 'GV-N970G1 GAMING-4GD', 'http://Veikals2.lv/GV-N970G1 GAMING-4GD', 1, 13.73),
(441, 1, 'GV-N970WF3OC-4GD', 'http://Veikals1.lv/GV-N970WF3OC-4GD', 1, 56.96),
(442, 2, 'GV-N970WF3OC-4GD', 'http://Veikals2.lv/GV-N970WF3OC-4GD', 0, 134.91),
(443, 3, 'GV-N970WF3OC-4GD', 'http://Veikals3.lv/GV-N970WF3OC-4GD', 1, 49.46),
(444, 1, 'GTX 980 GAMING 4G', 'http://Veikals1.lv/GTX 980 GAMING 4G', 1, 129.55),
(445, 1, 'GTX 970 4GD5T OC', 'http://Veikals1.lv/GTX 970 4GD5T OC', 0, 135.21),
(446, 2, 'GTX 970 4GD5T OC', 'http://Veikals2.lv/GTX 970 4GD5T OC', 1, 63.28),
(447, 3, 'GTX 970 4GD5T OC', 'http://Veikals3.lv/GTX 970 4GD5T OC', 1, 51.81),
(448, 1, '06G-P4-4997-KR', 'http://Veikals1.lv/06G-P4-4997-KR', 1, 102.13),
(449, 1, '04G-P4-2983-KR', 'http://Veikals1.lv/04G-P4-2983-KR', 0, 110.83),
(450, 1, '04G-P4-3975-KR', 'http://Veikals1.lv/04G-P4-3975-KR', 0, 57.55),
(451, 2, '04G-P4-3975-KR', 'http://Veikals2.lv/04G-P4-3975-KR', 1, 100.05),
(452, 3, '04G-P4-3975-KR', 'http://Veikals3.lv/04G-P4-3975-KR', 0, 90.94),
(453, 1, '06G-P4-4996-KR', 'http://Veikals1.lv/06G-P4-4996-KR', 0, 60.57),
(454, 2, '06G-P4-4996-KR', 'http://Veikals2.lv/06G-P4-4996-KR', 0, 20.96),
(455, 3, '06G-P4-4996-KR', 'http://Veikals3.lv/06G-P4-4996-KR', 1, 42.64),
(456, 1, '02G-P4-1958-KR', 'http://Veikals1.lv/02G-P4-1958-KR', 0, 126.65),
(457, 2, '02G-P4-1958-KR', 'http://Veikals2.lv/02G-P4-1958-KR', 1, 81.49),
(458, 1, '04G-P4-3965-KR', 'http://Veikals1.lv/04G-P4-3965-KR', 0, 111.81),
(459, 2, '04G-P4-3965-KR', 'http://Veikals2.lv/04G-P4-3965-KR', 1, 98.57),
(460, 3, '04G-P4-3965-KR', 'http://Veikals3.lv/04G-P4-3965-KR', 0, 32.96),
(461, 1, 'R9-390P-8256', 'http://Veikals1.lv/R9-390P-8256', 0, 44.55),
(462, 2, 'R9-390P-8256', 'http://Veikals2.lv/R9-390P-8256', 1, 110.32),
(463, 3, 'R9-390P-8256', 'http://Veikals3.lv/R9-390P-8256', 1, 38.13),
(464, 1, '02G-P4-2966-KR', 'http://Veikals1.lv/02G-P4-2966-KR', 0, 116.81),
(465, 1, 'STRIX-GTX970-DC2OC-4GD5', 'http://Veikals1.lv/STRIX-GTX970-DC2OC-4GD5', 1, 70.96),
(466, 1, 'R9-390X-8256', 'http://Veikals1.lv/R9-390X-8256', 0, 31.62),
(467, 2, 'R9-390X-8256', 'http://Veikals2.lv/R9-390X-8256', 0, 113.50),
(468, 3, 'R9-390X-8256', 'http://Veikals3.lv/R9-390X-8256', 0, 14.18),
(469, 1, '02G-P4-2963-KR', 'http://Veikals1.lv/02G-P4-2963-KR', 1, 77.73),
(470, 1, 'R9 380 GAMING 4G', 'http://Veikals1.lv/R9 380 GAMING 4G', 0, 26.50),
(471, 1, 'VCGGTX750T2XPB', 'http://Veikals1.lv/VCGGTX750T2XPB', 1, 101.39),
(472, 1, '04G-P4-1962-KR', 'http://Veikals1.lv/04G-P4-1962-KR', 1, 78.28),
(473, 1, 'GTX 960 2GD5T OC', 'http://Veikals1.lv/GTX 960 2GD5T OC', 1, 42.52),
(474, 1, 'GTX 980TI GAMING 6G', 'http://Veikals1.lv/GTX 980TI GAMING 6G', 1, 114.98),
(475, 1, 'STRIX-GTX950-DC2OC-2GD5-GAMING', 'http://Veikals1.lv/STRIX-GTX950-DC2OC-2GD5-GAMING', 1, 125.89),
(476, 1, 'VCGGTX9604XPB', 'http://Veikals1.lv/VCGGTX9604XPB', 0, 130.98),
(477, 2, 'VCGGTX9604XPB', 'http://Veikals2.lv/VCGGTX9604XPB', 1, 17.68),
(478, 1, 'AX5450 1GBK3-SHEV4', 'http://Veikals1.lv/AX5450 1GBK3-SHEV4', 0, 139.16),
(479, 1, 'AX6950 1GBD5-2DHE', 'http://Veikals1.lv/AX6950 1GBD5-2DHE', 1, 59.58),
(480, 1, '02G-P4-2962-KR', 'http://Veikals1.lv/02G-P4-2962-KR', 1, 100.43),
(481, 1, 'R9-380X-4255', 'http://Veikals1.lv/R9-380X-4255', 0, 107.13),
(482, 1, 'VCG84DMS1D3SXPB-CG', 'http://Veikals1.lv/VCG84DMS1D3SXPB-CG', 0, 91.36),
(483, 2, 'VCG84DMS1D3SXPB-CG', 'http://Veikals2.lv/VCG84DMS1D3SXPB-CG', 1, 95.06),
(484, 3, 'VCG84DMS1D3SXPB-CG', 'http://Veikals3.lv/VCG84DMS1D3SXPB-CG', 1, 125.39),
(485, 1, '06G-P4-3994-KR', 'http://Veikals1.lv/06G-P4-3994-KR', 1, 123.47),
(486, 2, '06G-P4-3994-KR', 'http://Veikals2.lv/06G-P4-3994-KR', 1, 115.85),
(487, 3, '06G-P4-3994-KR', 'http://Veikals3.lv/06G-P4-3994-KR', 1, 75.10),
(488, 1, 'GV-N970TTOC-4GD', 'http://Veikals1.lv/GV-N970TTOC-4GD', 1, 31.14),
(489, 1, '06G-P4-4998-KR', 'http://Veikals1.lv/06G-P4-4998-KR', 0, 139.18),
(490, 2, '06G-P4-4998-KR', 'http://Veikals2.lv/06G-P4-4998-KR', 1, 114.57),
(491, 1, 'R7-370P-2255', 'http://Veikals1.lv/R7-370P-2255', 1, 89.66),
(492, 2, 'R7-370P-2255', 'http://Veikals2.lv/R7-370P-2255', 0, 107.28),
(493, 1, '02G-P4-2951-KR', 'http://Veikals1.lv/02G-P4-2951-KR', 1, 107.92),
(494, 2, '02G-P4-2951-KR', 'http://Veikals2.lv/02G-P4-2951-KR', 0, 20.10),
(495, 3, '02G-P4-2951-KR', 'http://Veikals3.lv/02G-P4-2951-KR', 0, 79.97),
(496, 1, 'R7 370 2GD5T OC', 'http://Veikals1.lv/R7 370 2GD5T OC', 0, 28.19),
(497, 1, '01G-P3-1303-KR', 'http://Veikals1.lv/01G-P3-1303-KR', 1, 134.10),
(498, 1, '06G-P4-4993-KR', 'http://Veikals1.lv/06G-P4-4993-KR', 0, 135.48),
(499, 2, '06G-P4-4993-KR', 'http://Veikals2.lv/06G-P4-4993-KR', 1, 138.77),
(500, 3, '06G-P4-4993-KR', 'http://Veikals3.lv/06G-P4-4993-KR', 0, 37.47),
(501, 1, '04G-P4-3967-KR', 'http://Veikals1.lv/04G-P4-3967-KR', 0, 137.46),
(502, 1, 'GV-N980WF3OC-4GD', 'http://Veikals1.lv/GV-N980WF3OC-4GD', 1, 41.69),
(503, 2, 'GV-N980WF3OC-4GD', 'http://Veikals2.lv/GV-N980WF3OC-4GD', 0, 131.25),
(504, 1, 'GTX 950 GAMING 2G', 'http://Veikals1.lv/GTX 950 GAMING 2G', 1, 77.38),
(505, 1, 'R7 250 2GD3 OC', 'http://Veikals1.lv/R7 250 2GD3 OC', 1, 16.76),
(506, 2, 'R7 250 2GD3 OC', 'http://Veikals2.lv/R7 250 2GD3 OC', 0, 90.41),
(507, 1, 'N610GT-MD2GD3/LP', 'http://Veikals1.lv/N610GT-MD2GD3/LP', 1, 45.86),
(508, 2, 'N610GT-MD2GD3/LP', 'http://Veikals2.lv/N610GT-MD2GD3/LP', 1, 133.56),
(509, 3, 'N610GT-MD2GD3/LP', 'http://Veikals3.lv/N610GT-MD2GD3/LP', 0, 95.92),
(510, 1, 'R5-230A-CLH2', 'http://Veikals1.lv/R5-230A-CLH2', 1, 35.78),
(511, 2, 'R5-230A-CLH2', 'http://Veikals2.lv/R5-230A-CLH2', 1, 74.68),
(512, 1, 'ZT-90308-10M', 'http://Veikals1.lv/ZT-90308-10M', 0, 77.54),
(513, 2, 'ZT-90308-10M', 'http://Veikals2.lv/ZT-90308-10M', 0, 55.65),
(514, 1, 'GV-N960OC-4GD', 'http://Veikals1.lv/GV-N960OC-4GD', 0, 100.63),
(515, 1, '01G-P3-1313-KR', 'http://Veikals1.lv/01G-P3-1313-KR', 0, 46.94),
(516, 1, 'R9-380P-4255', 'http://Veikals1.lv/R9-380P-4255', 0, 50.32),
(517, 2, 'R9-380P-4255', 'http://Veikals2.lv/R9-380P-4255', 1, 120.42),
(518, 1, 'TURBO-GTX970-OC-4GD5', 'http://Veikals1.lv/TURBO-GTX970-OC-4GD5', 1, 82.40),
(519, 1, 'ZT-70605-10M', 'http://Veikals1.lv/ZT-70605-10M', 0, 102.32),
(520, 1, 'STRIX-GTX980TI-DC3OC-6GD5-GAMING', 'http://Veikals1.lv/STRIX-GTX980TI-DC3OC-6GD5-GAMING', 1, 118.58),
(521, 1, '02G-P4-1950-KR', 'http://Veikals1.lv/02G-P4-1950-KR', 0, 21.82),
(522, 1, '02G-P4-1954-KR', 'http://Veikals1.lv/02G-P4-1954-KR', 0, 41.61),
(523, 1, 'AXR9 390 8GBD5-PPDHE', 'http://Veikals1.lv/AXR9 390 8GBD5-PPDHE', 0, 83.54),
(524, 2, 'AXR9 390 8GBD5-PPDHE', 'http://Veikals2.lv/AXR9 390 8GBD5-PPDHE', 0, 94.28),
(525, 1, 'STRIX-GTX980-DC2OC-4GD5', 'http://Veikals1.lv/STRIX-GTX980-DC2OC-4GD5', 1, 19.30),
(526, 2, 'STRIX-GTX980-DC2OC-4GD5', 'http://Veikals2.lv/STRIX-GTX980-DC2OC-4GD5', 1, 66.29),
(527, 1, 'STRIX-GTX980TI-DC3-6GD5-GAMING', 'http://Veikals1.lv/STRIX-GTX980TI-DC3-6GD5-GAMING', 1, 14.15),
(528, 2, 'STRIX-GTX980TI-DC3-6GD5-GAMING', 'http://Veikals2.lv/STRIX-GTX980TI-DC3-6GD5-GAMING', 0, 109.23),
(529, 1, 'STRIX-R7370-DC2OC-2GD5-GAMING', 'http://Veikals1.lv/STRIX-R7370-DC2OC-2GD5-GAMING', 0, 125.64),
(530, 2, 'STRIX-R7370-DC2OC-2GD5-GAMING', 'http://Veikals2.lv/STRIX-R7370-DC2OC-2GD5-GAMING', 0, 39.98),
(531, 3, 'STRIX-R7370-DC2OC-2GD5-GAMING', 'http://Veikals3.lv/STRIX-R7370-DC2OC-2GD5-GAMING', 0, 88.81),
(532, 1, '01G-P3-1312-LR', 'http://Veikals1.lv/01G-P3-1312-LR', 0, 51.44),
(533, 1, '01G-P3-2616-KR', 'http://Veikals1.lv/01G-P3-2616-KR', 1, 42.77),
(534, 1, '900686', 'http://Veikals1.lv/900686', 1, 100.06),
(535, 1, '900687', 'http://Veikals1.lv/900687', 1, 132.18),
(536, 2, '900687', 'http://Veikals2.lv/900687', 1, 19.64),
(537, 3, '900687', 'http://Veikals3.lv/900687', 1, 104.68),
(538, 1, 'AXR7 360 2GBD5-DHE', 'http://Veikals1.lv/AXR7 360 2GBD5-DHE', 1, 122.79),
(539, 2, 'AXR7 360 2GBD5-DHE', 'http://Veikals2.lv/AXR7 360 2GBD5-DHE', 1, 95.53),
(540, 1, 'AXR7 360 2GBD5-DHE/OC', 'http://Veikals1.lv/AXR7 360 2GBD5-DHE/OC', 0, 51.37),
(541, 2, 'AXR7 360 2GBD5-DHE/OC', 'http://Veikals2.lv/AXR7 360 2GBD5-DHE/OC', 1, 121.38),
(542, 3, 'AXR7 360 2GBD5-DHE/OC', 'http://Veikals3.lv/AXR7 360 2GBD5-DHE/OC', 1, 31.53),
(543, 1, 'R7-240A-CLF2', 'http://Veikals1.lv/R7-240A-CLF2', 1, 92.26),
(544, 1, '01G-P3-1302-LR', 'http://Veikals1.lv/01G-P3-1302-LR', 1, 115.37),
(545, 2, '01G-P3-1302-LR', 'http://Veikals2.lv/01G-P3-1302-LR', 0, 123.01),
(546, 1, 'ZT-90601-10L', 'http://Veikals1.lv/ZT-90601-10L', 0, 26.93),
(547, 1, '02G-P4-2956-KR', 'http://Veikals1.lv/02G-P4-2956-KR', 1, 119.73),
(548, 2, '02G-P4-2956-KR', 'http://Veikals2.lv/02G-P4-2956-KR', 1, 22.41),
(549, 3, '02G-P4-2956-KR', 'http://Veikals3.lv/02G-P4-2956-KR', 1, 71.67),
(550, 1, 'TURBO-GTX960-OC-4GD5', 'http://Veikals1.lv/TURBO-GTX960-OC-4GD5', 0, 65.33),
(551, 2, 'TURBO-GTX960-OC-4GD5', 'http://Veikals2.lv/TURBO-GTX960-OC-4GD5', 0, 41.23),
(552, 1, 'GTX 960 GAMING 2G', 'http://Veikals1.lv/GTX 960 GAMING 2G', 0, 36.53),
(553, 1, '06G-P4-4991-KR', 'http://Veikals1.lv/06G-P4-4991-KR', 1, 41.78),
(554, 2, '06G-P4-4991-KR', 'http://Veikals2.lv/06G-P4-4991-KR', 0, 89.99),
(555, 3, '06G-P4-4991-KR', 'http://Veikals3.lv/06G-P4-4991-KR', 0, 91.93),
(556, 1, '900371', 'http://Veikals1.lv/900371', 1, 48.39),
(557, 1, 'VC-GTX960OC-2GB', 'http://Veikals1.lv/VC-GTX960OC-2GB', 1, 24.74),
(558, 2, 'VC-GTX960OC-2GB', 'http://Veikals2.lv/VC-GTX960OC-2GB', 1, 21.39),
(559, 3, 'VC-GTX960OC-2GB', 'http://Veikals3.lv/VC-GTX960OC-2GB', 0, 119.54),
(560, 1, 'GTX970-DCMOC-4GD5', 'http://Veikals1.lv/GTX970-DCMOC-4GD5', 0, 41.83),
(561, 1, 'VCGGTX9704R2XPB', 'http://Veikals1.lv/VCGGTX9704R2XPB', 1, 85.53),
(562, 2, 'VCGGTX9704R2XPB', 'http://Veikals2.lv/VCGGTX9704R2XPB', 1, 120.52),
(563, 1, '04G-P4-2972-KR', 'http://Veikals1.lv/04G-P4-2972-KR', 0, 74.33),
(564, 2, '04G-P4-2972-KR', 'http://Veikals2.lv/04G-P4-2972-KR', 0, 39.24),
(565, 3, '04G-P4-2972-KR', 'http://Veikals3.lv/04G-P4-2972-KR', 1, 12.47),
(566, 1, 'R7-250A-ZLF4', 'http://Veikals1.lv/R7-250A-ZLF4', 1, 135.18),
(567, 1, 'AXR7 370 2GBD5-PPDHE', 'http://Veikals1.lv/AXR7 370 2GBD5-PPDHE', 0, 51.18),
(568, 2, 'AXR7 370 2GBD5-PPDHE', 'http://Veikals2.lv/AXR7 370 2GBD5-PPDHE', 0, 38.43),
(569, 3, 'AXR7 370 2GBD5-PPDHE', 'http://Veikals3.lv/AXR7 370 2GBD5-PPDHE', 1, 47.51),
(570, 1, 'R7-370P-2SF5', 'http://Veikals1.lv/R7-370P-2SF5', 1, 34.44),
(571, 1, '02G-P3-2619-KR', 'http://Veikals1.lv/02G-P3-2619-KR', 1, 132.06),
(572, 1, 'VCGGTX9804XPB-CG', 'http://Veikals1.lv/VCGGTX9804XPB-CG', 0, 106.22),
(573, 2, 'VCGGTX9804XPB-CG', 'http://Veikals2.lv/VCGGTX9804XPB-CG', 0, 70.63),
(574, 3, 'VCGGTX9804XPB-CG', 'http://Veikals3.lv/VCGGTX9804XPB-CG', 0, 75.56),
(575, 1, 'N8400GS-MD1GD3H/LP', 'http://Veikals1.lv/N8400GS-MD1GD3H/LP', 1, 35.99),
(576, 2, 'N8400GS-MD1GD3H/LP', 'http://Veikals2.lv/N8400GS-MD1GD3H/LP', 0, 127.45),
(577, 1, 'R5 230 2GD3H LP', 'http://Veikals1.lv/R5 230 2GD3H LP', 0, 59.55),
(578, 2, 'R5 230 2GD3H LP', 'http://Veikals2.lv/R5 230 2GD3H LP', 1, 18.04),
(579, 1, 'VC-GTX950OC-2GB', 'http://Veikals1.lv/VC-GTX950OC-2GB', 0, 54.96),
(580, 2, 'VC-GTX950OC-2GB', 'http://Veikals2.lv/VC-GTX950OC-2GB', 0, 15.67),
(581, 3, 'VC-GTX950OC-2GB', 'http://Veikals3.lv/VC-GTX950OC-2GB', 1, 107.35),
(582, 1, 'R6450-2GD3H/LP', 'http://Veikals1.lv/R6450-2GD3H/LP', 0, 70.31),
(583, 2, 'R6450-2GD3H/LP', 'http://Veikals2.lv/R6450-2GD3H/LP', 1, 63.04),
(584, 1, 'GTX 950 2GD5T OCV2', 'http://Veikals1.lv/GTX 950 2GD5T OCV2', 0, 111.07),
(585, 2, 'GTX 950 2GD5T OCV2', 'http://Veikals2.lv/GTX 950 2GD5T OCV2', 0, 90.68),
(586, 3, 'GTX 950 2GD5T OCV2', 'http://Veikals3.lv/GTX 950 2GD5T OCV2', 0, 139.30),
(587, 1, 'R9-290X-EDBD', 'http://Veikals1.lv/R9-290X-EDBD', 1, 62.17),
(588, 2, 'R9-290X-EDBD', 'http://Veikals2.lv/R9-290X-EDBD', 0, 137.65),
(589, 1, '100388NTOC-2L', 'http://Veikals1.lv/100388NTOC-2L', 0, 121.05),
(590, 1, 'ZT-90503-10P', 'http://Veikals1.lv/ZT-90503-10P', 1, 96.56),
(591, 2, 'ZT-90503-10P', 'http://Veikals2.lv/ZT-90503-10P', 0, 63.65),
(592, 1, 'ZT-90106-10P', 'http://Veikals1.lv/ZT-90106-10P', 0, 103.45),
(593, 2, 'ZT-90106-10P', 'http://Veikals2.lv/ZT-90106-10P', 1, 103.14),
(594, 1, 'AXR7 370 4GBD5-DHE/OC', 'http://Veikals1.lv/AXR7 370 4GBD5-DHE/OC', 1, 65.82),
(595, 1, '04G-P4-1972-KR', 'http://Veikals1.lv/04G-P4-1972-KR', 1, 26.33),
(596, 1, 'R7-360P-2255', 'http://Veikals1.lv/R7-360P-2255', 0, 85.76),
(597, 2, 'R7-360P-2255', 'http://Veikals2.lv/R7-360P-2255', 0, 134.15),
(598, 3, 'R7-360P-2255', 'http://Veikals3.lv/R7-360P-2255', 1, 106.75),
(599, 1, 'ZT-90301-10M', 'http://Veikals1.lv/ZT-90301-10M', 1, 136.88),
(600, 2, 'ZT-90301-10M', 'http://Veikals2.lv/ZT-90301-10M', 1, 113.27),
(601, 3, 'ZT-90301-10M', 'http://Veikals3.lv/ZT-90301-10M', 1, 109.01),
(602, 1, '100372-2GL', 'http://Veikals1.lv/100372-2GL', 0, 126.85),
(603, 1, 'VCGGTX7501XPB', 'http://Veikals1.lv/VCGGTX7501XPB', 0, 120.03),
(604, 2, 'VCGGTX7501XPB', 'http://Veikals2.lv/VCGGTX7501XPB', 0, 37.55),
(605, 3, 'VCGGTX7501XPB', 'http://Veikals3.lv/VCGGTX7501XPB', 1, 41.78),
(606, 1, 'GV-N960OC-2GD', 'http://Veikals1.lv/GV-N960OC-2GD', 0, 95.85),
(607, 2, 'GV-N960OC-2GD', 'http://Veikals2.lv/GV-N960OC-2GD', 1, 20.26),
(608, 3, 'GV-N960OC-2GD', 'http://Veikals3.lv/GV-N960OC-2GD', 1, 82.80),
(609, 1, '02G-P4-1952-KR', 'http://Veikals1.lv/02G-P4-1952-KR', 0, 118.61),
(610, 2, '02G-P4-1952-KR', 'http://Veikals2.lv/02G-P4-1952-KR', 0, 31.47),
(611, 1, '100369-2GL', 'http://Veikals1.lv/100369-2GL', 1, 13.22),
(612, 1, 'GTX 980Ti 6GD5T OC', 'http://Veikals1.lv/GTX 980Ti 6GD5T OC', 1, 72.43),
(613, 2, 'GTX 980Ti 6GD5T OC', 'http://Veikals2.lv/GTX 980Ti 6GD5T OC', 1, 31.41),
(614, 3, 'GTX 980Ti 6GD5T OC', 'http://Veikals3.lv/GTX 980Ti 6GD5T OC', 0, 32.94),
(615, 1, 'GTX 950 2GD5 OCV1', 'http://Veikals1.lv/GTX 950 2GD5 OCV1', 1, 23.48),
(616, 1, '100386VXL', 'http://Veikals1.lv/100386VXL', 0, 43.63),
(617, 1, 'GV-N980OC-4GD', 'http://Veikals1.lv/GV-N980OC-4GD', 0, 129.19),
(618, 2, 'GV-N980OC-4GD', 'http://Veikals2.lv/GV-N980OC-4GD', 1, 63.78),
(619, 1, 'R7-250A-ELF4', 'http://Veikals1.lv/R7-250A-ELF4', 0, 66.52),
(620, 1, 'GV-R927XOC-2GD', 'http://Veikals1.lv/GV-R927XOC-2GD', 1, 89.20),
(621, 1, '02G-P4-2761-KR', 'http://Veikals1.lv/02G-P4-2761-KR', 0, 96.85),
(622, 1, '02G-P4-3765-KR', 'http://Veikals1.lv/02G-P4-3765-KR', 1, 88.41),
(623, 2, '02G-P4-3765-KR', 'http://Veikals2.lv/02G-P4-3765-KR', 1, 94.45),
(624, 3, '02G-P4-3765-KR', 'http://Veikals3.lv/02G-P4-3765-KR', 0, 18.92),
(625, 1, 'CMZ8GX3M2A1600C9', 'http://Veikals1.lv/CMZ8GX3M2A1600C9', 0, 20.09),
(626, 1, 'F4-3200C16D-16GVK', 'http://Veikals1.lv/F4-3200C16D-16GVK', 0, 73.21),
(627, 1, 'HX426C15FBK2/16', 'http://Veikals1.lv/HX426C15FBK2/16', 0, 124.34),
(628, 2, 'HX426C15FBK2/16', 'http://Veikals2.lv/HX426C15FBK2/16', 1, 61.28),
(629, 3, 'HX426C15FBK2/16', 'http://Veikals3.lv/HX426C15FBK2/16', 1, 108.08),
(630, 1, 'F4-3000C15Q-16GVR', 'http://Veikals1.lv/F4-3000C15Q-16GVR', 1, 68.44),
(631, 2, 'F4-3000C15Q-16GVR', 'http://Veikals2.lv/F4-3000C15Q-16GVR', 1, 68.82),
(632, 3, 'F4-3000C15Q-16GVR', 'http://Veikals3.lv/F4-3000C15Q-16GVR', 0, 55.98),
(633, 1, 'HX318C10F/8', 'http://Veikals1.lv/HX318C10F/8', 1, 106.32),
(634, 2, 'HX318C10F/8', 'http://Veikals2.lv/HX318C10F/8', 1, 90.85),
(635, 1, 'F3-12800CL9D-8GBRL', 'http://Veikals1.lv/F3-12800CL9D-8GBRL', 1, 54.47),
(636, 1, 'F3-1600C9D-16GXM', 'http://Veikals1.lv/F3-1600C9D-16GXM', 0, 77.65),
(637, 1, 'CMK32GX4M2A2666C16', 'http://Veikals1.lv/CMK32GX4M2A2666C16', 0, 58.84),
(638, 1, 'F3-2400C11D-16GAB', 'http://Veikals1.lv/F3-2400C11D-16GAB', 1, 45.80),
(639, 2, 'F3-2400C11D-16GAB', 'http://Veikals2.lv/F3-2400C11D-16GAB', 0, 28.95),
(640, 1, 'TDTRD416G2400HC15ADC01', 'http://Veikals1.lv/TDTRD416G2400HC15ADC01', 1, 71.86),
(641, 2, 'TDTRD416G2400HC15ADC01', 'http://Veikals2.lv/TDTRD416G2400HC15ADC01', 0, 70.70),
(642, 3, 'TDTRD416G2400HC15ADC01', 'http://Veikals3.lv/TDTRD416G2400HC15ADC01', 1, 18.43),
(643, 1, 'F4-3000C15Q-16GRBB', 'http://Veikals1.lv/F4-3000C15Q-16GRBB', 1, 113.79),
(644, 2, 'F4-3000C15Q-16GRBB', 'http://Veikals2.lv/F4-3000C15Q-16GRBB', 1, 57.06),
(645, 1, 'HX324C11SRK2/16', 'http://Veikals1.lv/HX324C11SRK2/16', 0, 25.32),
(646, 2, 'HX324C11SRK2/16', 'http://Veikals2.lv/HX324C11SRK2/16', 1, 134.01),
(647, 1, 'BLS4K4G4D240FSA', 'http://Veikals1.lv/BLS4K4G4D240FSA', 1, 99.57),
(648, 2, 'BLS4K4G4D240FSA', 'http://Veikals2.lv/BLS4K4G4D240FSA', 0, 92.46),
(649, 3, 'BLS4K4G4D240FSA', 'http://Veikals3.lv/BLS4K4G4D240FSA', 1, 83.04),
(650, 1, 'F3-2133C10D-16GAB', 'http://Veikals1.lv/F3-2133C10D-16GAB', 0, 119.73),
(651, 2, 'F3-2133C10D-16GAB', 'http://Veikals2.lv/F3-2133C10D-16GAB', 0, 79.64),
(652, 3, 'F3-2133C10D-16GAB', 'http://Veikals3.lv/F3-2133C10D-16GAB', 0, 51.57),
(653, 1, 'F4-3200C16D-16GTZB', 'http://Veikals1.lv/F4-3200C16D-16GTZB', 0, 13.45),
(654, 2, 'F4-3200C16D-16GTZB', 'http://Veikals2.lv/F4-3200C16D-16GTZB', 0, 21.94),
(655, 3, 'F4-3200C16D-16GTZB', 'http://Veikals3.lv/F4-3200C16D-16GTZB', 0, 97.57),
(656, 1, 'F3-14900CL9D-8GBSR', 'http://Veikals1.lv/F3-14900CL9D-8GBSR', 1, 46.26),
(657, 1, 'F3-2133C10D-16GXM', 'http://Veikals1.lv/F3-2133C10D-16GXM', 0, 69.52),
(658, 2, 'F3-2133C10D-16GXM', 'http://Veikals2.lv/F3-2133C10D-16GXM', 1, 50.70),
(659, 1, 'CMK16GX4M2A2666C16R', 'http://Veikals1.lv/CMK16GX4M2A2666C16R', 1, 139.69),
(660, 2, 'CMK16GX4M2A2666C16R', 'http://Veikals2.lv/CMK16GX4M2A2666C16R', 0, 108.51),
(661, 1, 'HX430C15PB2K4/16', 'http://Veikals1.lv/HX430C15PB2K4/16', 1, 130.03),
(662, 1, 'F3-1600C9D-8GAO', 'http://Veikals1.lv/F3-1600C9D-8GAO', 0, 33.05),
(663, 1, 'F4-3000C15Q-16GRR', 'http://Veikals1.lv/F4-3000C15Q-16GRR', 1, 33.00),
(664, 2, 'F4-3000C15Q-16GRR', 'http://Veikals2.lv/F4-3000C15Q-16GRR', 1, 120.55),
(665, 1, 'F3-12800CL9D-8GBXL', 'http://Veikals1.lv/F3-12800CL9D-8GBXL', 1, 131.10),
(666, 2, 'F3-12800CL9D-8GBXL', 'http://Veikals2.lv/F3-12800CL9D-8GBXL', 1, 106.12),
(667, 3, 'F3-12800CL9D-8GBXL', 'http://Veikals3.lv/F3-12800CL9D-8GBXL', 0, 112.07),
(668, 1, 'F4-2133C15D-16GVR', 'http://Veikals1.lv/F4-2133C15D-16GVR', 0, 128.20),
(669, 2, 'F4-2133C15D-16GVR', 'http://Veikals2.lv/F4-2133C15D-16GVR', 0, 115.31),
(670, 3, 'F4-2133C15D-16GVR', 'http://Veikals3.lv/F4-2133C15D-16GVR', 1, 92.62),
(671, 1, 'HX316C10FB/8', 'http://Veikals1.lv/HX316C10FB/8', 0, 16.02),
(672, 2, 'HX316C10FB/8', 'http://Veikals2.lv/HX316C10FB/8', 1, 35.51),
(673, 1, 'CMK16GX4M2A2666C16', 'http://Veikals1.lv/CMK16GX4M2A2666C16', 1, 114.38),
(674, 2, 'CMK16GX4M2A2666C16', 'http://Veikals2.lv/CMK16GX4M2A2666C16', 0, 15.60),
(675, 3, 'CMK16GX4M2A2666C16', 'http://Veikals3.lv/CMK16GX4M2A2666C16', 1, 20.96),
(676, 1, 'F3-10600CL9D-8GBNT', 'http://Veikals1.lv/F3-10600CL9D-8GBNT', 1, 83.92),
(677, 1, 'F3-1600C9Q-32GXM', 'http://Veikals1.lv/F3-1600C9Q-32GXM', 1, 51.13),
(678, 1, 'F3-1600C9D-16GAR', 'http://Veikals1.lv/F3-1600C9D-16GAR', 1, 93.14),
(679, 2, 'F3-1600C9D-16GAR', 'http://Veikals2.lv/F3-1600C9D-16GAR', 0, 82.94),
(680, 1, 'CT51264BA160B', 'http://Veikals1.lv/CT51264BA160B', 0, 89.06),
(681, 2, 'CT51264BA160B', 'http://Veikals2.lv/CT51264BA160B', 1, 66.47),
(682, 3, 'CT51264BA160B', 'http://Veikals3.lv/CT51264BA160B', 0, 20.47),
(683, 1, 'F3-2133C11D-16GXL', 'http://Veikals1.lv/F3-2133C11D-16GXL', 1, 45.99),
(684, 2, 'F3-2133C11D-16GXL', 'http://Veikals2.lv/F3-2133C11D-16GXL', 1, 68.27),
(685, 1, 'F3-1866C9D-16GXM', 'http://Veikals1.lv/F3-1866C9D-16GXM', 0, 70.72),
(686, 1, 'HX421C14FBK2/8', 'http://Veikals1.lv/HX421C14FBK2/8', 0, 48.65),
(687, 2, 'HX421C14FBK2/8', 'http://Veikals2.lv/HX421C14FBK2/8', 0, 87.79),
(688, 3, 'HX421C14FBK2/8', 'http://Veikals3.lv/HX421C14FBK2/8', 0, 24.33),
(689, 1, 'CMK16GX4M2A2400C16', 'http://Veikals1.lv/CMK16GX4M2A2400C16', 0, 16.76),
(690, 1, 'KVR13N9S6/2', 'http://Veikals1.lv/KVR13N9S6/2', 1, 85.06),
(691, 2, 'KVR13N9S6/2', 'http://Veikals2.lv/KVR13N9S6/2', 0, 119.71),
(692, 1, 'F4-3200C16D-32GVK', 'http://Veikals1.lv/F4-3200C16D-32GVK', 1, 22.61),
(693, 2, 'F4-3200C16D-32GVK', 'http://Veikals2.lv/F4-3200C16D-32GVK', 0, 84.55),
(694, 1, 'CT2KIT51264BA160BJ', 'http://Veikals1.lv/CT2KIT51264BA160BJ', 0, 25.64),
(695, 2, 'CT2KIT51264BA160BJ', 'http://Veikals2.lv/CT2KIT51264BA160BJ', 0, 127.17),
(696, 3, 'CT2KIT51264BA160BJ', 'http://Veikals3.lv/CT2KIT51264BA160BJ', 1, 30.08),
(697, 1, 'F4-3400C16D-16GTZ', 'http://Veikals1.lv/F4-3400C16D-16GTZ', 0, 60.23),
(698, 2, 'F4-3400C16D-16GTZ', 'http://Veikals2.lv/F4-3400C16D-16GTZ', 1, 114.03),
(699, 3, 'F4-3400C16D-16GTZ', 'http://Veikals3.lv/F4-3400C16D-16GTZ', 1, 89.40);
INSERT INTO `price` (`id`, `retailer_id`, `part_number`, `url`, `in_stock`, `price`) VALUES
(700, 1, 'BLS8G3D1609DS1S00', 'http://Veikals1.lv/BLS8G3D1609DS1S00', 1, 104.02),
(701, 2, 'BLS8G3D1609DS1S00', 'http://Veikals2.lv/BLS8G3D1609DS1S00', 0, 107.23),
(702, 3, 'BLS8G3D1609DS1S00', 'http://Veikals3.lv/BLS8G3D1609DS1S00', 0, 89.07),
(703, 1, 'F4-2400C15D-8GVR', 'http://Veikals1.lv/F4-2400C15D-8GVR', 0, 79.00),
(704, 2, 'F4-2400C15D-8GVR', 'http://Veikals2.lv/F4-2400C15D-8GVR', 1, 91.83),
(705, 3, 'F4-2400C15D-8GVR', 'http://Veikals3.lv/F4-2400C15D-8GVR', 1, 38.20),
(706, 1, 'F4-3200C16D-16GTZ', 'http://Veikals1.lv/F4-3200C16D-16GTZ', 0, 117.17),
(707, 1, 'CMK8GX4M1A2400C16', 'http://Veikals1.lv/CMK8GX4M1A2400C16', 1, 58.77),
(708, 1, 'F3-12800CL9Q-16GBXL', 'http://Veikals1.lv/F3-12800CL9Q-16GBXL', 1, 101.42),
(709, 2, 'F3-12800CL9Q-16GBXL', 'http://Veikals2.lv/F3-12800CL9Q-16GBXL', 0, 69.42),
(710, 3, 'F3-12800CL9Q-16GBXL', 'http://Veikals3.lv/F3-12800CL9Q-16GBXL', 0, 89.09),
(711, 1, 'CMK32GX4M2B3200C16', 'http://Veikals1.lv/CMK32GX4M2B3200C16', 1, 128.95),
(712, 1, 'F4-3000C15D-32GTZ', 'http://Veikals1.lv/F4-3000C15D-32GTZ', 1, 45.22),
(713, 1, 'F4-2400C15Q-32GRK', 'http://Veikals1.lv/F4-2400C15Q-32GRK', 1, 65.02),
(714, 2, 'F4-2400C15Q-32GRK', 'http://Veikals2.lv/F4-2400C15Q-32GRK', 1, 74.67),
(715, 1, 'F4-3400C16Q-32GTZ', 'http://Veikals1.lv/F4-3400C16Q-32GTZ', 0, 15.88),
(716, 1, 'F4-2133C15D-16GIS', 'http://Veikals1.lv/F4-2133C15D-16GIS', 1, 111.14),
(717, 2, 'F4-2133C15D-16GIS', 'http://Veikals2.lv/F4-2133C15D-16GIS', 0, 54.63),
(718, 3, 'F4-2133C15D-16GIS', 'http://Veikals3.lv/F4-2133C15D-16GIS', 1, 124.05),
(719, 1, 'HX318C10FK2/16', 'http://Veikals1.lv/HX318C10FK2/16', 1, 63.06),
(720, 2, 'HX318C10FK2/16', 'http://Veikals2.lv/HX318C10FK2/16', 0, 55.82),
(721, 3, 'HX318C10FK2/16', 'http://Veikals3.lv/HX318C10FK2/16', 1, 114.66),
(722, 1, 'HX316C10FBK2/8', 'http://Veikals1.lv/HX316C10FBK2/8', 1, 75.45),
(723, 2, 'HX316C10FBK2/8', 'http://Veikals2.lv/HX316C10FBK2/8', 1, 23.22),
(724, 3, 'HX316C10FBK2/8', 'http://Veikals3.lv/HX316C10FBK2/8', 0, 73.26),
(725, 1, 'F4-2400C15D-16GVB', 'http://Veikals1.lv/F4-2400C15D-16GVB', 0, 113.64),
(726, 2, 'F4-2400C15D-16GVB', 'http://Veikals2.lv/F4-2400C15D-16GVB', 1, 78.86),
(727, 3, 'F4-2400C15D-16GVB', 'http://Veikals3.lv/F4-2400C15D-16GVB', 1, 54.17),
(728, 1, 'CML8GX3M2A1600C9', 'http://Veikals1.lv/CML8GX3M2A1600C9', 1, 65.26),
(729, 2, 'CML8GX3M2A1600C9', 'http://Veikals2.lv/CML8GX3M2A1600C9', 0, 41.40),
(730, 3, 'CML8GX3M2A1600C9', 'http://Veikals3.lv/CML8GX3M2A1600C9', 0, 31.64),
(731, 1, 'F3-2400C10D-16GTX', 'http://Veikals1.lv/F3-2400C10D-16GTX', 1, 99.08),
(732, 2, 'F3-2400C10D-16GTX', 'http://Veikals2.lv/F3-2400C10D-16GTX', 0, 117.96),
(733, 3, 'F3-2400C10D-16GTX', 'http://Veikals3.lv/F3-2400C10D-16GTX', 0, 110.63),
(734, 1, 'F4-2666C15D-16GVR', 'http://Veikals1.lv/F4-2666C15D-16GVR', 1, 128.51),
(735, 1, 'F4-2400C15Q-32GRR', 'http://Veikals1.lv/F4-2400C15Q-32GRR', 0, 40.71),
(736, 2, 'F4-2400C15Q-32GRR', 'http://Veikals2.lv/F4-2400C15Q-32GRR', 1, 84.78),
(737, 3, 'F4-2400C15Q-32GRR', 'http://Veikals3.lv/F4-2400C15Q-32GRR', 1, 86.10),
(738, 1, 'F3-8500CL7D-8GBRL', 'http://Veikals1.lv/F3-8500CL7D-8GBRL', 0, 92.67),
(739, 2, 'F3-8500CL7D-8GBRL', 'http://Veikals2.lv/F3-8500CL7D-8GBRL', 1, 49.69),
(740, 3, 'F3-8500CL7D-8GBRL', 'http://Veikals3.lv/F3-8500CL7D-8GBRL', 1, 40.80),
(741, 1, 'F3-10666CL9D-16GBXL', 'http://Veikals1.lv/F3-10666CL9D-16GBXL', 1, 44.35),
(742, 2, 'F3-10666CL9D-16GBXL', 'http://Veikals2.lv/F3-10666CL9D-16GBXL', 1, 53.48),
(743, 3, 'F3-10666CL9D-16GBXL', 'http://Veikals3.lv/F3-10666CL9D-16GBXL', 0, 95.69),
(744, 1, 'KVR16N11S8/4', 'http://Veikals1.lv/KVR16N11S8/4', 0, 14.55),
(745, 1, 'F3-1866C9D-16GSR', 'http://Veikals1.lv/F3-1866C9D-16GSR', 1, 138.68),
(746, 1, 'F3-1866C10D-16GAB', 'http://Veikals1.lv/F3-1866C10D-16GAB', 0, 55.74),
(747, 2, 'F3-1866C10D-16GAB', 'http://Veikals2.lv/F3-1866C10D-16GAB', 1, 32.00),
(748, 1, 'BLT4G3D1608ET3LX0', 'http://Veikals1.lv/BLT4G3D1608ET3LX0', 1, 133.74),
(749, 2, 'BLT4G3D1608ET3LX0', 'http://Veikals2.lv/BLT4G3D1608ET3LX0', 1, 102.93),
(750, 1, 'PVE416G266C5KRD', 'http://Veikals1.lv/PVE416G266C5KRD', 0, 49.31),
(751, 2, 'PVE416G266C5KRD', 'http://Veikals2.lv/PVE416G266C5KRD', 1, 107.41),
(752, 3, 'PVE416G266C5KRD', 'http://Veikals3.lv/PVE416G266C5KRD', 1, 124.29),
(753, 1, '992029', 'http://Veikals1.lv/992029', 1, 130.96),
(754, 1, 'T4070713', 'http://Veikals1.lv/T4070713', 1, 34.90),
(755, 2, 'T4070713', 'http://Veikals2.lv/T4070713', 0, 112.12),
(756, 1, 'F3-12800CL10Q-32GBXL', 'http://Veikals1.lv/F3-12800CL10Q-32GBXL', 1, 126.45),
(757, 2, 'F3-12800CL10Q-32GBXL', 'http://Veikals2.lv/F3-12800CL10Q-32GBXL', 0, 51.14),
(758, 3, 'F3-12800CL10Q-32GBXL', 'http://Veikals3.lv/F3-12800CL10Q-32GBXL', 1, 13.01),
(759, 1, 'CT25664BA160BJ', 'http://Veikals1.lv/CT25664BA160BJ', 1, 52.14),
(760, 2, 'CT25664BA160BJ', 'http://Veikals2.lv/CT25664BA160BJ', 1, 105.92),
(761, 3, 'CT25664BA160BJ', 'http://Veikals3.lv/CT25664BA160BJ', 1, 75.19),
(762, 1, 'AVD3UH28001204G-2BZ1', 'http://Veikals1.lv/AVD3UH28001204G-2BZ1', 1, 50.06),
(763, 2, 'AVD3UH28001204G-2BZ1', 'http://Veikals2.lv/AVD3UH28001204G-2BZ1', 0, 101.70),
(764, 3, 'AVD3UH28001204G-2BZ1', 'http://Veikals3.lv/AVD3UH28001204G-2BZ1', 1, 124.69),
(765, 1, 'HX430C15SB2/4', 'http://Veikals1.lv/HX430C15SB2/4', 0, 131.13),
(766, 2, 'HX430C15SB2/4', 'http://Veikals2.lv/HX430C15SB2/4', 1, 38.74),
(767, 1, 'BLS8G4D240FSB', 'http://Veikals1.lv/BLS8G4D240FSB', 0, 83.02),
(768, 2, 'BLS8G4D240FSB', 'http://Veikals2.lv/BLS8G4D240FSB', 0, 25.86),
(769, 1, 'F3-10666CL9Q-16GBRL', 'http://Veikals1.lv/F3-10666CL9Q-16GBRL', 1, 129.23),
(770, 1, 'F3-1333C9D-16GAO', 'http://Veikals1.lv/F3-1333C9D-16GAO', 0, 47.35),
(771, 2, 'F3-1333C9D-16GAO', 'http://Veikals2.lv/F3-1333C9D-16GAO', 0, 72.59),
(772, 1, 'F4-2800C15Q-64GVR', 'http://Veikals1.lv/F4-2800C15Q-64GVR', 0, 83.42),
(773, 1, 'F3-17000CL9Q-8GBZH', 'http://Veikals1.lv/F3-17000CL9Q-8GBZH', 1, 27.52),
(774, 2, 'F3-17000CL9Q-8GBZH', 'http://Veikals2.lv/F3-17000CL9Q-8GBZH', 1, 137.59),
(775, 1, 'F4-2800C15S-8GVRB', 'http://Veikals1.lv/F4-2800C15S-8GVRB', 1, 12.61),
(776, 2, 'F4-2800C15S-8GVRB', 'http://Veikals2.lv/F4-2800C15S-8GVRB', 1, 83.38),
(777, 1, 'F4-3200C15D-16GVR', 'http://Veikals1.lv/F4-3200C15D-16GVR', 1, 76.95),
(778, 2, 'F4-3200C15D-16GVR', 'http://Veikals2.lv/F4-3200C15D-16GVR', 1, 124.40),
(779, 3, 'F4-3200C15D-16GVR', 'http://Veikals3.lv/F4-3200C15D-16GVR', 0, 122.35),
(780, 1, 'TED34096M1333HC9', 'http://Veikals1.lv/TED34096M1333HC9', 1, 51.68),
(781, 2, 'TED34096M1333HC9', 'http://Veikals2.lv/TED34096M1333HC9', 0, 43.67),
(782, 3, 'TED34096M1333HC9', 'http://Veikals3.lv/TED34096M1333HC9', 0, 35.23),
(783, 1, 'HX428C14SB2/4', 'http://Veikals1.lv/HX428C14SB2/4', 1, 139.12),
(784, 2, 'HX428C14SB2/4', 'http://Veikals2.lv/HX428C14SB2/4', 1, 89.71),
(785, 1, 'HX318C9SR/8', 'http://Veikals1.lv/HX318C9SR/8', 0, 55.19),
(786, 2, 'HX318C9SR/8', 'http://Veikals2.lv/HX318C9SR/8', 1, 128.93),
(787, 1, 'PVE416G266C5KBL', 'http://Veikals1.lv/PVE416G266C5KBL', 1, 136.13),
(788, 2, 'PVE416G266C5KBL', 'http://Veikals2.lv/PVE416G266C5KBL', 1, 113.42),
(789, 3, 'PVE416G266C5KBL', 'http://Veikals3.lv/PVE416G266C5KBL', 0, 130.39),
(790, 1, 'F4-3200C14Q-32GTZ', 'http://Veikals1.lv/F4-3200C14Q-32GTZ', 0, 134.77),
(791, 2, 'F4-3200C14Q-32GTZ', 'http://Veikals2.lv/F4-3200C14Q-32GTZ', 1, 78.81),
(792, 3, 'F4-3200C14Q-32GTZ', 'http://Veikals3.lv/F4-3200C14Q-32GTZ', 1, 66.55),
(793, 1, 'F4-2133C15Q-64GIS', 'http://Veikals1.lv/F4-2133C15Q-64GIS', 0, 54.76),
(794, 1, 'F3-12800CL9Q-8GBRL', 'http://Veikals1.lv/F3-12800CL9Q-8GBRL', 1, 108.62),
(795, 1, 'F4-3333C16Q-64GVK', 'http://Veikals1.lv/F4-3333C16Q-64GVK', 1, 87.39),
(796, 2, 'F4-3333C16Q-64GVK', 'http://Veikals2.lv/F4-3333C16Q-64GVK', 0, 14.32),
(797, 1, 'CMK8GX4M2A2400C14R', 'http://Veikals1.lv/CMK8GX4M2A2400C14R', 1, 79.69),
(798, 2, 'CMK8GX4M2A2400C14R', 'http://Veikals2.lv/CMK8GX4M2A2400C14R', 0, 31.20),
(799, 3, 'CMK8GX4M2A2400C14R', 'http://Veikals3.lv/CMK8GX4M2A2400C14R', 0, 136.16),
(800, 1, 'CMK32GX4M2B3000C15R', 'http://Veikals1.lv/CMK32GX4M2B3000C15R', 1, 79.57),
(801, 2, 'CMK32GX4M2B3000C15R', 'http://Veikals2.lv/CMK32GX4M2B3000C15R', 1, 124.41),
(802, 1, 'AVD3U16001008G-2RD', 'http://Veikals1.lv/AVD3U16001008G-2RD', 0, 14.68),
(803, 2, 'AVD3U16001008G-2RD', 'http://Veikals2.lv/AVD3U16001008G-2RD', 1, 133.36),
(804, 1, 'AVD4UZ124001608G-2COB', 'http://Veikals1.lv/AVD4UZ124001608G-2COB', 1, 66.87),
(805, 2, 'AVD4UZ124001608G-2COB', 'http://Veikals2.lv/AVD4UZ124001608G-2COB', 1, 42.46),
(806, 1, 'BLE2KIT8G3D1869DE1TX0', 'http://Veikals1.lv/BLE2KIT8G3D1869DE1TX0', 0, 34.17),
(807, 1, 'BLS4G4D240FSE', 'http://Veikals1.lv/BLS4G4D240FSE', 1, 85.53),
(808, 1, '996988S', 'http://Veikals1.lv/996988S', 1, 81.90),
(809, 1, 'F3-3000C12D-8GTXDG', 'http://Veikals1.lv/F3-3000C12D-8GTXDG', 1, 98.38),
(810, 2, 'F3-3000C12D-8GTXDG', 'http://Veikals2.lv/F3-3000C12D-8GTXDG', 0, 13.22),
(811, 1, 'F4-3200C16D-8GRB', 'http://Veikals1.lv/F4-3200C16D-8GRB', 0, 51.27),
(812, 2, 'F4-3200C16D-8GRB', 'http://Veikals2.lv/F4-3200C16D-8GRB', 0, 87.27),
(813, 1, 'F4-3000C14Q-32GTZ', 'http://Veikals1.lv/F4-3000C14Q-32GTZ', 0, 108.23),
(814, 1, 'PSD432G2133KH', 'http://Veikals1.lv/PSD432G2133KH', 0, 26.29),
(815, 2, 'PSD432G2133KH', 'http://Veikals2.lv/PSD432G2133KH', 0, 130.99),
(816, 3, 'PSD432G2133KH', 'http://Veikals3.lv/PSD432G2133KH', 1, 93.51),
(817, 1, 'F3-1600C9D-16GSR', 'http://Veikals1.lv/F3-1600C9D-16GSR', 1, 26.66),
(818, 1, 'F4-3200C14Q2-64GVK', 'http://Veikals1.lv/F4-3200C14Q2-64GVK', 1, 87.92),
(819, 2, 'F4-3200C14Q2-64GVK', 'http://Veikals2.lv/F4-3200C14Q2-64GVK', 1, 107.29),
(820, 3, 'F4-3200C14Q2-64GVK', 'http://Veikals3.lv/F4-3200C14Q2-64GVK', 1, 16.49),
(821, 1, 'CMK8GX4M1A2666C16', 'http://Veikals1.lv/CMK8GX4M1A2666C16', 0, 25.38),
(822, 2, 'CMK8GX4M1A2666C16', 'http://Veikals2.lv/CMK8GX4M1A2666C16', 0, 43.37),
(823, 3, 'CMK8GX4M1A2666C16', 'http://Veikals3.lv/CMK8GX4M1A2666C16', 1, 138.20),
(824, 1, '0A65729-AAK', 'http://Veikals1.lv/0A65729-AAK', 0, 85.08),
(825, 2, '0A65729-AAK', 'http://Veikals2.lv/0A65729-AAK', 0, 31.01),
(826, 1, 'BLT8G3D1608ET3LX0', 'http://Veikals1.lv/BLT8G3D1608ET3LX0', 0, 126.83),
(827, 2, 'BLT8G3D1608ET3LX0', 'http://Veikals2.lv/BLT8G3D1608ET3LX0', 1, 106.31),
(828, 3, 'BLT8G3D1608ET3LX0', 'http://Veikals3.lv/BLT8G3D1608ET3LX0', 0, 125.38),
(829, 1, 'F3-2133C10Q-16GXM', 'http://Veikals1.lv/F3-2133C10Q-16GXM', 1, 113.64),
(830, 2, 'F3-2133C10Q-16GXM', 'http://Veikals2.lv/F3-2133C10Q-16GXM', 0, 112.59),
(831, 3, 'F3-2133C10Q-16GXM', 'http://Veikals3.lv/F3-2133C10Q-16GXM', 0, 36.42),
(832, 1, 'F4-2400C15D-16GIS', 'http://Veikals1.lv/F4-2400C15D-16GIS', 0, 82.39),
(833, 2, 'F4-2400C15D-16GIS', 'http://Veikals2.lv/F4-2400C15D-16GIS', 1, 17.95),
(834, 1, 'F3-14900CL9S-4GBXL', 'http://Veikals1.lv/F3-14900CL9S-4GBXL', 1, 18.13),
(835, 1, 'F4-3000C15D-8GTZB', 'http://Veikals1.lv/F4-3000C15D-8GTZB', 0, 68.49),
(836, 2, 'F4-3000C15D-8GTZB', 'http://Veikals2.lv/F4-3000C15D-8GTZB', 0, 83.65),
(837, 3, 'F4-3000C15D-8GTZB', 'http://Veikals3.lv/F4-3000C15D-8GTZB', 1, 118.91),
(838, 1, 'AA1066D3N7/2G', 'http://Veikals1.lv/AA1066D3N7/2G', 0, 65.64),
(839, 1, '998995S', 'http://Veikals1.lv/998995S', 0, 85.23),
(840, 2, '998995S', 'http://Veikals2.lv/998995S', 0, 128.53),
(841, 3, '998995S', 'http://Veikals3.lv/998995S', 1, 119.42),
(842, 1, 'F3-10666CL7D-8GBRH', 'http://Veikals1.lv/F3-10666CL7D-8GBRH', 0, 90.10),
(843, 1, 'F3-17000CL11Q-32GBZLD', 'http://Veikals1.lv/F3-17000CL11Q-32GBZLD', 0, 116.14),
(844, 1, 'F4-2666C16Q2-64GRB', 'http://Veikals1.lv/F4-2666C16Q2-64GRB', 1, 129.26),
(845, 1, 'CML8GX3M1C1600C9R', 'http://Veikals1.lv/CML8GX3M1C1600C9R', 1, 68.83),
(846, 2, 'CML8GX3M1C1600C9R', 'http://Veikals2.lv/CML8GX3M1C1600C9R', 0, 48.15),
(847, 3, 'CML8GX3M1C1600C9R', 'http://Veikals3.lv/CML8GX3M1C1600C9R', 0, 94.57),
(848, 1, 'CMD8GX3M2B2666C11', 'http://Veikals1.lv/CMD8GX3M2B2666C11', 1, 90.54),
(849, 2, 'CMD8GX3M2B2666C11', 'http://Veikals2.lv/CMD8GX3M2B2666C11', 1, 132.59),
(850, 1, 'PVE416G300C6KBL', 'http://Veikals1.lv/PVE416G300C6KBL', 0, 98.97),
(851, 2, 'PVE416G300C6KBL', 'http://Veikals2.lv/PVE416G300C6KBL', 0, 72.78),
(852, 1, 'F3-2400C11D-16GSR', 'http://Veikals1.lv/F3-2400C11D-16GSR', 0, 102.01),
(853, 2, 'F3-2400C11D-16GSR', 'http://Veikals2.lv/F3-2400C11D-16GSR', 0, 15.80),
(854, 3, 'F3-2400C11D-16GSR', 'http://Veikals3.lv/F3-2400C11D-16GSR', 0, 31.56),
(855, 1, 'F3-1600C9S-4GAB', 'http://Veikals1.lv/F3-1600C9S-4GAB', 0, 48.94),
(856, 2, 'F3-1600C9S-4GAB', 'http://Veikals2.lv/F3-1600C9S-4GAB', 1, 65.35),
(857, 1, 'CT4K16G4DFD8213', 'http://Veikals1.lv/CT4K16G4DFD8213', 1, 83.57),
(858, 2, 'CT4K16G4DFD8213', 'http://Veikals2.lv/CT4K16G4DFD8213', 0, 67.71),
(859, 3, 'CT4K16G4DFD8213', 'http://Veikals3.lv/CT4K16G4DFD8213', 0, 132.11),
(860, 1, 'F4-3000C15D-8GVR', 'http://Veikals1.lv/F4-3000C15D-8GVR', 0, 134.39),
(861, 2, 'F4-3000C15D-8GVR', 'http://Veikals2.lv/F4-3000C15D-8GVR', 1, 59.90),
(862, 1, 'CMK128GX4M8B3000C16', 'http://Veikals1.lv/CMK128GX4M8B3000C16', 0, 48.88),
(863, 2, 'CMK128GX4M8B3000C16', 'http://Veikals2.lv/CMK128GX4M8B3000C16', 0, 64.85),
(864, 3, 'CMK128GX4M8B3000C16', 'http://Veikals3.lv/CMK128GX4M8B3000C16', 0, 111.19),
(865, 1, 'PSD34G13332', 'http://Veikals1.lv/PSD34G13332', 1, 127.35),
(866, 1, 'F3-2400C11Q-16GSR', 'http://Veikals1.lv/F3-2400C11Q-16GSR', 0, 49.09),
(867, 2, 'F3-2400C11Q-16GSR', 'http://Veikals2.lv/F3-2400C11Q-16GSR', 1, 67.93),
(868, 1, 'F4-2800C15Q-32GRBB', 'http://Veikals1.lv/F4-2800C15Q-32GRBB', 0, 76.68),
(869, 2, 'F4-2800C15Q-32GRBB', 'http://Veikals2.lv/F4-2800C15Q-32GRBB', 1, 106.33),
(870, 1, 'HX424C15FBK4/32', 'http://Veikals1.lv/HX424C15FBK4/32', 1, 66.47),
(871, 2, 'HX424C15FBK4/32', 'http://Veikals2.lv/HX424C15FBK4/32', 1, 14.91),
(872, 1, 'CT25664BA160B', 'http://Veikals1.lv/CT25664BA160B', 0, 68.16),
(873, 1, 'BLS2K8G4D240FSB', 'http://Veikals1.lv/BLS2K8G4D240FSB', 1, 72.35),
(874, 2, 'BLS2K8G4D240FSB', 'http://Veikals2.lv/BLS2K8G4D240FSB', 0, 107.22),
(875, 3, 'BLS2K8G4D240FSB', 'http://Veikals3.lv/BLS2K8G4D240FSB', 1, 125.14),
(876, 1, 'PVE432G240C5KRD', 'http://Veikals1.lv/PVE432G240C5KRD', 0, 10.39),
(877, 2, 'PVE432G240C5KRD', 'http://Veikals2.lv/PVE432G240C5KRD', 1, 35.72),
(878, 1, 'F4-3000C15S-16GVR', 'http://Veikals1.lv/F4-3000C15S-16GVR', 0, 45.69),
(879, 2, 'F4-3000C15S-16GVR', 'http://Veikals2.lv/F4-3000C15S-16GVR', 1, 134.14),
(880, 3, 'F4-3000C15S-16GVR', 'http://Veikals3.lv/F4-3000C15S-16GVR', 0, 39.04),
(881, 1, 'F4-2800C16Q-16GRK', 'http://Veikals1.lv/F4-2800C16Q-16GRK', 0, 116.28),
(882, 2, 'F4-2800C16Q-16GRK', 'http://Veikals2.lv/F4-2800C16Q-16GRK', 1, 69.40),
(883, 3, 'F4-2800C16Q-16GRK', 'http://Veikals3.lv/F4-2800C16Q-16GRK', 1, 101.40),
(884, 1, 'KVR16N11S6/2', 'http://Veikals1.lv/KVR16N11S6/2', 0, 92.22),
(885, 1, 'HX426C13SB2K4/32', 'http://Veikals1.lv/HX426C13SB2K4/32', 0, 77.38),
(886, 1, 'BLT4G3D1608DT1TX0', 'http://Veikals1.lv/BLT4G3D1608DT1TX0', 0, 84.14),
(887, 1, '994069S', 'http://Veikals1.lv/994069S', 0, 134.60),
(888, 2, '994069S', 'http://Veikals2.lv/994069S', 0, 58.45),
(889, 3, '994069S', 'http://Veikals3.lv/994069S', 1, 63.91),
(890, 1, 'F4-3300C16Q-16GRRD', 'http://Veikals1.lv/F4-3300C16Q-16GRRD', 0, 89.21),
(891, 2, 'F4-3300C16Q-16GRRD', 'http://Veikals2.lv/F4-3300C16Q-16GRRD', 0, 75.21),
(892, 1, 'HX426C15SBK2/32', 'http://Veikals1.lv/HX426C15SBK2/32', 0, 77.77),
(893, 2, 'HX426C15SBK2/32', 'http://Veikals2.lv/HX426C15SBK2/32', 0, 119.88),
(894, 1, 'PVE48G300C6KBL', 'http://Veikals1.lv/PVE48G300C6KBL', 0, 120.35),
(895, 2, 'PVE48G300C6KBL', 'http://Veikals2.lv/PVE48G300C6KBL', 1, 56.94),
(896, 1, 'F3-1600C9S-8GXM', 'http://Veikals1.lv/F3-1600C9S-8GXM', 1, 133.36),
(897, 2, 'F3-1600C9S-8GXM', 'http://Veikals2.lv/F3-1600C9S-8GXM', 1, 67.37),
(898, 1, 'F3-2133C10Q2-64GZM', 'http://Veikals1.lv/F3-2133C10Q2-64GZM', 1, 112.81),
(899, 2, 'F3-2133C10Q2-64GZM', 'http://Veikals2.lv/F3-2133C10Q2-64GZM', 1, 25.31),
(900, 1, 'F4-2400C15Q-16GRK', 'http://Veikals1.lv/F4-2400C15Q-16GRK', 1, 112.54),
(901, 1, 'F4-3000C15D-8GRK', 'http://Veikals1.lv/F4-3000C15D-8GRK', 0, 81.12),
(902, 2, 'F4-3000C15D-8GRK', 'http://Veikals2.lv/F4-3000C15D-8GRK', 1, 23.02),
(903, 1, 'CMK8GX4M2A2133C13', 'http://Veikals1.lv/CMK8GX4M2A2133C13', 1, 12.00),
(904, 1, 'F4-3200C16Q-32GVK', 'http://Veikals1.lv/F4-3200C16Q-32GVK', 1, 61.20),
(905, 2, 'F4-3200C16Q-32GVK', 'http://Veikals2.lv/F4-3200C16Q-32GVK', 0, 16.87),
(906, 1, 'CMK8GX4M2B3000C15', 'http://Veikals1.lv/CMK8GX4M2B3000C15', 0, 48.77),
(907, 2, 'CMK8GX4M2B3000C15', 'http://Veikals2.lv/CMK8GX4M2B3000C15', 1, 56.03),
(908, 3, 'CMK8GX4M2B3000C15', 'http://Veikals3.lv/CMK8GX4M2B3000C15', 1, 85.68),
(909, 1, 'HX321C11T2K2/16', 'http://Veikals1.lv/HX321C11T2K2/16', 0, 54.12),
(910, 1, 'BLS4K16G4D240FSE', 'http://Veikals1.lv/BLS4K16G4D240FSE', 0, 37.65),
(911, 2, 'BLS4K16G4D240FSE', 'http://Veikals2.lv/BLS4K16G4D240FSE', 0, 70.02),
(912, 1, 'F3-1333C9S-4GIS', 'http://Veikals1.lv/F3-1333C9S-4GIS', 0, 45.65),
(913, 2, 'F3-1333C9S-4GIS', 'http://Veikals2.lv/F3-1333C9S-4GIS', 0, 103.56),
(914, 3, 'F3-1333C9S-4GIS', 'http://Veikals3.lv/F3-1333C9S-4GIS', 0, 98.10),
(915, 1, 'F4-3200C15Q-32GTZ', 'http://Veikals1.lv/F4-3200C15Q-32GTZ', 1, 79.01),
(916, 2, 'F4-3200C15Q-32GTZ', 'http://Veikals2.lv/F4-3200C15Q-32GTZ', 1, 81.42),
(917, 3, 'F4-3200C15Q-32GTZ', 'http://Veikals3.lv/F4-3200C15Q-32GTZ', 0, 85.27),
(918, 1, '993995S', 'http://Veikals1.lv/993995S', 1, 39.15),
(919, 1, 'F3-17000CL11Q2-64GBZLD', 'http://Veikals1.lv/F3-17000CL11Q2-64GBZLD', 1, 45.12),
(920, 2, 'F3-17000CL11Q2-64GBZLD', 'http://Veikals2.lv/F3-17000CL11Q2-64GBZLD', 1, 93.52),
(921, 3, 'F3-17000CL11Q2-64GBZLD', 'http://Veikals3.lv/F3-17000CL11Q2-64GBZLD', 1, 56.22),
(922, 1, 'F4-2800C16D-16GVG', 'http://Veikals1.lv/F4-2800C16D-16GVG', 0, 98.14),
(923, 2, 'F4-2800C16D-16GVG', 'http://Veikals2.lv/F4-2800C16D-16GVG', 0, 76.12),
(924, 1, 'F3-2400C11Q-16GXM', 'http://Veikals1.lv/F3-2400C11Q-16GXM', 0, 69.53),
(925, 2, 'F3-2400C11Q-16GXM', 'http://Veikals2.lv/F3-2400C11Q-16GXM', 0, 100.74),
(926, 1, 'F4-2666C15Q-32GVR', 'http://Veikals1.lv/F4-2666C15Q-32GVR', 1, 60.92),
(927, 2, 'F4-2666C15Q-32GVR', 'http://Veikals2.lv/F4-2666C15Q-32GVR', 1, 30.83),
(928, 3, 'F4-2666C15Q-32GVR', 'http://Veikals3.lv/F4-2666C15Q-32GVR', 1, 61.04),
(929, 1, 'CML8GX3M1A1600C9', 'http://Veikals1.lv/CML8GX3M1A1600C9', 0, 37.80),
(930, 2, 'CML8GX3M1A1600C9', 'http://Veikals2.lv/CML8GX3M1A1600C9', 0, 58.13),
(931, 3, 'CML8GX3M1A1600C9', 'http://Veikals3.lv/CML8GX3M1A1600C9', 1, 134.84),
(932, 1, 'CMK32GX4M4A2400C16R', 'http://Veikals1.lv/CMK32GX4M4A2400C16R', 1, 42.64),
(933, 2, 'CMK32GX4M4A2400C16R', 'http://Veikals2.lv/CMK32GX4M4A2400C16R', 1, 118.27),
(934, 1, 'HX426C13SB2/8', 'http://Veikals1.lv/HX426C13SB2/8', 0, 39.58),
(935, 2, 'HX426C13SB2/8', 'http://Veikals2.lv/HX426C13SB2/8', 0, 42.92),
(936, 3, 'HX426C13SB2/8', 'http://Veikals3.lv/HX426C13SB2/8', 1, 137.20),
(937, 1, 'BLE3KIT4G3D1608DE1TX0', 'http://Veikals1.lv/BLE3KIT4G3D1608DE1TX0', 0, 130.44),
(938, 2, 'BLE3KIT4G3D1608DE1TX0', 'http://Veikals2.lv/BLE3KIT4G3D1608DE1TX0', 0, 112.12),
(939, 3, 'BLE3KIT4G3D1608DE1TX0', 'http://Veikals3.lv/BLE3KIT4G3D1608DE1TX0', 0, 28.69),
(940, 1, 'F3-10666CL7D-4GBRH', 'http://Veikals1.lv/F3-10666CL7D-4GBRH', 0, 139.76),
(941, 2, 'F3-10666CL7D-4GBRH', 'http://Veikals2.lv/F3-10666CL7D-4GBRH', 1, 70.75),
(942, 1, 'F3-12800CL9T2-24GBRL', 'http://Veikals1.lv/F3-12800CL9T2-24GBRL', 1, 48.11),
(943, 1, 'CMD16GX4M4A2800C16', 'http://Veikals1.lv/CMD16GX4M4A2800C16', 0, 124.51),
(944, 1, '900424', 'http://Veikals1.lv/900424', 1, 83.95),
(945, 2, '900424', 'http://Veikals2.lv/900424', 0, 96.35),
(946, 3, '900424', 'http://Veikals3.lv/900424', 0, 54.86),
(947, 1, 'T4070709', 'http://Veikals1.lv/T4070709', 0, 82.53),
(948, 1, 'AVD3U16001104G-2CW', 'http://Veikals1.lv/AVD3U16001104G-2CW', 0, 117.50),
(949, 2, 'AVD3U16001104G-2CW', 'http://Veikals2.lv/AVD3U16001104G-2CW', 1, 57.50),
(950, 3, 'AVD3U16001104G-2CW', 'http://Veikals3.lv/AVD3U16001104G-2CW', 1, 50.20),
(951, 1, '900626', 'http://Veikals1.lv/900626', 0, 38.07),
(952, 1, 'T4070715', 'http://Veikals1.lv/T4070715', 1, 130.07),
(953, 2, 'T4070715', 'http://Veikals2.lv/T4070715', 0, 52.85),
(954, 1, 'T4070708', 'http://Veikals1.lv/T4070708', 1, 77.95),
(955, 2, 'T4070708', 'http://Veikals2.lv/T4070708', 1, 45.74),
(956, 3, 'T4070708', 'http://Veikals3.lv/T4070708', 1, 89.00),
(957, 1, 'CML16GX3M2A1600C9', 'http://Veikals1.lv/CML16GX3M2A1600C9', 1, 18.06),
(958, 2, 'CML16GX3M2A1600C9', 'http://Veikals2.lv/CML16GX3M2A1600C9', 0, 27.16),
(959, 3, 'CML16GX3M2A1600C9', 'http://Veikals3.lv/CML16GX3M2A1600C9', 0, 37.13),
(960, 1, 'T4070710', 'http://Veikals1.lv/T4070710', 1, 78.49),
(961, 2, 'T4070710', 'http://Veikals2.lv/T4070710', 0, 107.38),
(962, 1, 'T4070806', 'http://Veikals1.lv/T4070806', 0, 133.98),
(963, 2, 'T4070806', 'http://Veikals2.lv/T4070806', 1, 55.72),
(964, 3, 'T4070806', 'http://Veikals3.lv/T4070806', 1, 36.80),
(965, 1, 'T4070801', 'http://Veikals1.lv/T4070801', 0, 77.98),
(966, 1, 'T4070804', 'http://Veikals1.lv/T4070804', 0, 42.71),
(967, 1, 'T4030147', 'http://Veikals1.lv/T4030147', 0, 45.77),
(968, 2, 'T4030147', 'http://Veikals2.lv/T4030147', 0, 15.41),
(969, 3, 'T4030147', 'http://Veikals3.lv/T4030147', 0, 36.47),
(970, 1, 'T4070808', 'http://Veikals1.lv/T4070808', 1, 33.21),
(971, 2, 'T4070808', 'http://Veikals2.lv/T4070808', 0, 100.05),
(972, 3, 'T4070808', 'http://Veikals3.lv/T4070808', 0, 98.53),
(973, 1, 'CMZ8GX3M2B1600C9G', 'http://Veikals1.lv/CMZ8GX3M2B1600C9G', 1, 93.06),
(974, 2, 'CMZ8GX3M2B1600C9G', 'http://Veikals2.lv/CMZ8GX3M2B1600C9G', 0, 29.85),
(975, 3, 'CMZ8GX3M2B1600C9G', 'http://Veikals3.lv/CMZ8GX3M2B1600C9G', 1, 40.74),
(976, 1, 'T4070711', 'http://Veikals1.lv/T4070711', 1, 35.78),
(977, 1, 'F3-1600C9D-8GAB', 'http://Veikals1.lv/F3-1600C9D-8GAB', 1, 26.04),
(978, 2, 'F3-1600C9D-8GAB', 'http://Veikals2.lv/F3-1600C9D-8GAB', 0, 100.81),
(979, 1, 'F3-2400C11Q-16GAB', 'http://Veikals1.lv/F3-2400C11Q-16GAB', 0, 101.95),
(980, 2, 'F3-2400C11Q-16GAB', 'http://Veikals2.lv/F3-2400C11Q-16GAB', 1, 115.36),
(981, 1, 'F4-2400C14Q2-128GRK', 'http://Veikals1.lv/F4-2400C14Q2-128GRK', 1, 120.67),
(982, 1, 'F3-1600C9S-8GXLL', 'http://Veikals1.lv/F3-1600C9S-8GXLL', 0, 76.88),
(983, 1, 'BLE4G3D1608DE1TX0', 'http://Veikals1.lv/BLE4G3D1608DE1TX0', 0, 93.10),
(984, 2, 'BLE4G3D1608DE1TX0', 'http://Veikals2.lv/BLE4G3D1608DE1TX0', 1, 116.23),
(985, 1, 'PSD416G21332', 'http://Veikals1.lv/PSD416G21332', 0, 36.40),
(986, 2, 'PSD416G21332', 'http://Veikals2.lv/PSD416G21332', 0, 82.13),
(987, 3, 'PSD416G21332', 'http://Veikals3.lv/PSD416G21332', 1, 89.80),
(988, 1, 'CT2K8G4DFS8213', 'http://Veikals1.lv/CT2K8G4DFS8213', 0, 87.91),
(989, 1, 'F3-12800CL9S-4GBSR', 'http://Veikals1.lv/F3-12800CL9S-4GBSR', 0, 59.18),
(990, 1, 'F3-1600C10D-16GSR', 'http://Veikals1.lv/F3-1600C10D-16GSR', 1, 10.86),
(991, 1, 'KVR13N9S8/4', 'http://Veikals1.lv/KVR13N9S8/4', 1, 116.45),
(992, 2, 'KVR13N9S8/4', 'http://Veikals2.lv/KVR13N9S8/4', 0, 81.26),
(993, 3, 'KVR13N9S8/4', 'http://Veikals3.lv/KVR13N9S8/4', 0, 29.36),
(994, 1, 'F4-2666C15D-16GVB', 'http://Veikals1.lv/F4-2666C15D-16GVB', 0, 31.68),
(995, 1, 'F4-3200C14Q-32GVK', 'http://Veikals1.lv/F4-3200C14Q-32GVK', 1, 11.68),
(996, 2, 'F4-3200C14Q-32GVK', 'http://Veikals2.lv/F4-3200C14Q-32GVK', 0, 51.45),
(997, 1, 'CMV4GX3M2A1333C9', 'http://Veikals1.lv/CMV4GX3M2A1333C9', 1, 20.38),
(998, 2, 'CMV4GX3M2A1333C9', 'http://Veikals2.lv/CMV4GX3M2A1333C9', 0, 66.10),
(999, 3, 'CMV4GX3M2A1333C9', 'http://Veikals3.lv/CMV4GX3M2A1333C9', 1, 91.44),
(1000, 1, 'HX430C15SB2K2/8', 'http://Veikals1.lv/HX430C15SB2K2/8', 1, 98.96),
(1001, 2, 'HX430C15SB2K2/8', 'http://Veikals2.lv/HX430C15SB2K2/8', 1, 102.62),
(1002, 1, 'F4-3200C16Q-16GRKD', 'http://Veikals1.lv/F4-3200C16Q-16GRKD', 0, 119.50),
(1003, 1, 'F4-3200C16S-16GVK', 'http://Veikals1.lv/F4-3200C16S-16GVK', 0, 22.31),
(1004, 2, 'F4-3200C16S-16GVK', 'http://Veikals2.lv/F4-3200C16S-16GVK', 0, 47.35),
(1005, 3, 'F4-3200C16S-16GVK', 'http://Veikals3.lv/F4-3200C16S-16GVK', 0, 116.59),
(1006, 1, 'F4-3333C16D-32GTZ', 'http://Veikals1.lv/F4-3333C16D-32GTZ', 1, 32.12),
(1007, 2, 'F4-3333C16D-32GTZ', 'http://Veikals2.lv/F4-3333C16D-32GTZ', 1, 78.67),
(1008, 1, 'F4-2666C15D-32GVR', 'http://Veikals1.lv/F4-2666C15D-32GVR', 0, 22.79),
(1009, 2, 'F4-2666C15D-32GVR', 'http://Veikals2.lv/F4-2666C15D-32GVR', 1, 17.89),
(1010, 1, 'F4-3200C14D-16GVK', 'http://Veikals1.lv/F4-3200C14D-16GVK', 0, 74.72),
(1011, 1, 'CMD16GX4M4C3200C15', 'http://Veikals1.lv/CMD16GX4M4C3200C15', 1, 45.11),
(1012, 2, 'CMD16GX4M4C3200C15', 'http://Veikals2.lv/CMD16GX4M4C3200C15', 1, 139.33),
(1013, 1, 'AVD3U21330904G-2BZ1SE', 'http://Veikals1.lv/AVD3U21330904G-2BZ1SE', 1, 110.46),
(1014, 2, 'AVD3U21330904G-2BZ1SE', 'http://Veikals2.lv/AVD3U21330904G-2BZ1SE', 0, 100.46),
(1015, 3, 'AVD3U21330904G-2BZ1SE', 'http://Veikals3.lv/AVD3U21330904G-2BZ1SE', 1, 82.80),
(1016, 1, 'BLT2K8G3D1608ET3LX0', 'http://Veikals1.lv/BLT2K8G3D1608ET3LX0', 1, 45.09),
(1017, 2, 'BLT2K8G3D1608ET3LX0', 'http://Veikals2.lv/BLT2K8G3D1608ET3LX0', 0, 109.19),
(1018, 3, 'BLT2K8G3D1608ET3LX0', 'http://Veikals3.lv/BLT2K8G3D1608ET3LX0', 1, 27.51),
(1019, 1, 'CT2KIT25664BA160BJ', 'http://Veikals1.lv/CT2KIT25664BA160BJ', 0, 138.34),
(1020, 1, 'F3-12800CL9Q-8GBXL', 'http://Veikals1.lv/F3-12800CL9Q-8GBXL', 1, 12.26),
(1021, 2, 'F3-12800CL9Q-8GBXL', 'http://Veikals2.lv/F3-12800CL9Q-8GBXL', 0, 112.45),
(1022, 1, 'F4-3000C14D-32GVK', 'http://Veikals1.lv/F4-3000C14D-32GVK', 0, 69.21),
(1023, 1, 'F4-3333C16Q-64GTZ', 'http://Veikals1.lv/F4-3333C16Q-64GTZ', 1, 63.24),
(1024, 2, 'F4-3333C16Q-64GTZ', 'http://Veikals2.lv/F4-3333C16Q-64GTZ', 0, 88.69),
(1025, 1, 'F4-2400C15Q-16GIS', 'http://Veikals1.lv/F4-2400C15Q-16GIS', 0, 135.23),
(1026, 2, 'F4-2400C15Q-16GIS', 'http://Veikals2.lv/F4-2400C15Q-16GIS', 0, 121.53),
(1027, 1, 'CMD64GX4M4C3200C16', 'http://Veikals1.lv/CMD64GX4M4C3200C16', 0, 136.88),
(1028, 1, 'TDKED316G1600HC9DC01', 'http://Veikals1.lv/TDKED316G1600HC9DC01', 1, 47.40),
(1029, 2, 'TDKED316G1600HC9DC01', 'http://Veikals2.lv/TDKED316G1600HC9DC01', 0, 123.71),
(1030, 1, 'HX424C15FB/8', 'http://Veikals1.lv/HX424C15FB/8', 1, 80.60),
(1031, 1, 'HX318C9T2K2/8', 'http://Veikals1.lv/HX318C9T2K2/8', 0, 91.35),
(1032, 2, 'HX318C9T2K2/8', 'http://Veikals2.lv/HX318C9T2K2/8', 0, 97.90),
(1033, 3, 'HX318C9T2K2/8', 'http://Veikals3.lv/HX318C9T2K2/8', 1, 60.74),
(1034, 1, 'CT2K16G4DFD8213', 'http://Veikals1.lv/CT2K16G4DFD8213', 1, 47.04),
(1035, 1, '994110S', 'http://Veikals1.lv/994110S', 1, 100.77),
(1036, 1, 'F4-2800C15Q-32GVR', 'http://Veikals1.lv/F4-2800C15Q-32GVR', 0, 104.02),
(1037, 1, 'CMK64GX4M8B2800C14', 'http://Veikals1.lv/CMK64GX4M8B2800C14', 1, 125.50),
(1038, 1, 'AA160D3N/4G', 'http://Veikals1.lv/AA160D3N/4G', 0, 107.47),
(1039, 2, 'AA160D3N/4G', 'http://Veikals2.lv/AA160D3N/4G', 1, 91.30),
(1040, 3, 'AA160D3N/4G', 'http://Veikals3.lv/AA160D3N/4G', 0, 139.11),
(1041, 1, 'HX321C11SRK2/16', 'http://Veikals1.lv/HX321C11SRK2/16', 0, 83.72),
(1042, 1, '994029', 'http://Veikals1.lv/994029', 0, 13.46),
(1043, 2, '994029', 'http://Veikals2.lv/994029', 0, 22.58),
(1044, 1, 'F3-2133C10Q-16GSR', 'http://Veikals1.lv/F3-2133C10Q-16GSR', 1, 73.13),
(1045, 2, 'F3-2133C10Q-16GSR', 'http://Veikals2.lv/F3-2133C10Q-16GSR', 0, 25.48),
(1046, 3, 'F3-2133C10Q-16GSR', 'http://Veikals3.lv/F3-2133C10Q-16GSR', 1, 53.54),
(1047, 1, 'F3-2133C10Q-16GZM', 'http://Veikals1.lv/F3-2133C10Q-16GZM', 1, 138.80),
(1048, 1, 'BLT4G3D1869DT1TX0', 'http://Veikals1.lv/BLT4G3D1869DT1TX0', 1, 100.56),
(1049, 2, 'BLT4G3D1869DT1TX0', 'http://Veikals2.lv/BLT4G3D1869DT1TX0', 0, 80.98),
(1050, 3, 'BLT4G3D1869DT1TX0', 'http://Veikals3.lv/BLT4G3D1869DT1TX0', 0, 26.71),
(1051, 1, 'F3-10600CL9S-2GBNS', 'http://Veikals1.lv/F3-10600CL9S-2GBNS', 1, 124.13),
(1052, 1, 'F4-2133C15Q-16GRK', 'http://Veikals1.lv/F4-2133C15Q-16GRK', 0, 137.18),
(1053, 2, 'F4-2133C15Q-16GRK', 'http://Veikals2.lv/F4-2133C15Q-16GRK', 1, 20.09),
(1054, 3, 'F4-2133C15Q-16GRK', 'http://Veikals3.lv/F4-2133C15Q-16GRK', 0, 118.01),
(1055, 1, 'CMK64GX4M4B3200C16', 'http://Veikals1.lv/CMK64GX4M4B3200C16', 0, 40.33),
(1056, 2, 'CMK64GX4M4B3200C16', 'http://Veikals2.lv/CMK64GX4M4B3200C16', 1, 60.28),
(1057, 1, 'A3414609-AA', 'http://Veikals1.lv/A3414609-AA', 0, 66.07),
(1058, 2, 'A3414609-AA', 'http://Veikals2.lv/A3414609-AA', 0, 14.01),
(1059, 1, 'HX426C15FBK2/8', 'http://Veikals1.lv/HX426C15FBK2/8', 1, 18.84),
(1060, 2, 'HX426C15FBK2/8', 'http://Veikals2.lv/HX426C15FBK2/8', 0, 67.03),
(1061, 3, 'HX426C15FBK2/8', 'http://Veikals3.lv/HX426C15FBK2/8', 1, 54.32),
(1062, 1, 'PVE48G266C5KRD', 'http://Veikals1.lv/PVE48G266C5KRD', 1, 139.71),
(1063, 2, 'PVE48G266C5KRD', 'http://Veikals2.lv/PVE48G266C5KRD', 0, 119.52),
(1064, 3, 'PVE48G266C5KRD', 'http://Veikals3.lv/PVE48G266C5KRD', 0, 25.06),
(1065, 1, 'CMK8GX4M2B3000C15R', 'http://Veikals1.lv/CMK8GX4M2B3000C15R', 0, 110.31),
(1066, 2, 'CMK8GX4M2B3000C15R', 'http://Veikals2.lv/CMK8GX4M2B3000C15R', 1, 71.66),
(1067, 1, 'F3-2400C11Q-32GXM', 'http://Veikals1.lv/F3-2400C11Q-32GXM', 1, 136.95),
(1068, 1, 'F3-1600C9S-8GSR', 'http://Veikals1.lv/F3-1600C9S-8GSR', 1, 82.73),
(1069, 2, 'F3-1600C9S-8GSR', 'http://Veikals2.lv/F3-1600C9S-8GSR', 0, 29.33),
(1070, 1, 'KHX16C9B1RK2/8X', 'http://Veikals1.lv/KHX16C9B1RK2/8X', 0, 110.31),
(1071, 2, 'KHX16C9B1RK2/8X', 'http://Veikals2.lv/KHX16C9B1RK2/8X', 0, 98.82),
(1072, 1, 'KVR1333D3N9/8G', 'http://Veikals1.lv/KVR1333D3N9/8G', 0, 51.64),
(1073, 1, '992017', 'http://Veikals1.lv/992017', 1, 110.64),
(1074, 1, 'F4-2400C15Q-16GNT', 'http://Veikals1.lv/F4-2400C15Q-16GNT', 0, 129.34),
(1075, 1, 'F4-2800C17S-8GIS', 'http://Veikals1.lv/F4-2800C17S-8GIS', 0, 50.77),
(1076, 2, 'F4-2800C17S-8GIS', 'http://Veikals2.lv/F4-2800C17S-8GIS', 1, 92.33),
(1077, 3, 'F4-2800C17S-8GIS', 'http://Veikals3.lv/F4-2800C17S-8GIS', 0, 84.11),
(1078, 1, 'KVR16N11/8', 'http://Veikals1.lv/KVR16N11/8', 1, 97.94),
(1079, 1, 'KVR16N11S8K2/8', 'http://Veikals1.lv/KVR16N11S8K2/8', 1, 126.80),
(1080, 1, 'TED38192M1333HC9DC', 'http://Veikals1.lv/TED38192M1333HC9DC', 0, 132.20),
(1081, 1, 'F3-1600C7D-16GTX', 'http://Veikals1.lv/F3-1600C7D-16GTX', 0, 38.30),
(1082, 2, 'F3-1600C7D-16GTX', 'http://Veikals2.lv/F3-1600C7D-16GTX', 1, 93.58),
(1083, 1, '900379', 'http://Veikals1.lv/900379', 0, 109.93),
(1084, 1, 'HX424C15FBK2/8', 'http://Veikals1.lv/HX424C15FBK2/8', 0, 77.19),
(1085, 2, 'HX424C15FBK2/8', 'http://Veikals2.lv/HX424C15FBK2/8', 1, 11.82),
(1086, 1, '997110S', 'http://Veikals1.lv/997110S', 0, 87.61),
(1087, 1, 'F3-12800CL9T-12GBSR2', 'http://Veikals1.lv/F3-12800CL9T-12GBSR2', 1, 88.70),
(1088, 2, 'F3-12800CL9T-12GBSR2', 'http://Veikals2.lv/F3-12800CL9T-12GBSR2', 0, 89.36),
(1089, 1, 'F4-3000C14D-32GVR', 'http://Veikals1.lv/F4-3000C14D-32GVR', 1, 23.05),
(1090, 1, 'F3-1866C10Q-32GSR', 'http://Veikals1.lv/F3-1866C10Q-32GSR', 1, 89.26),
(1091, 1, 'F4-3200C16D-8GVKB', 'http://Veikals1.lv/F4-3200C16D-8GVKB', 0, 110.60),
(1092, 1, 'CMK64GX4M4B3333C16R', 'http://Veikals1.lv/CMK64GX4M4B3333C16R', 1, 86.65),
(1093, 2, 'CMK64GX4M4B3333C16R', 'http://Veikals2.lv/CMK64GX4M4B3333C16R', 0, 62.98),
(1094, 1, 'HX318C10FB/4', 'http://Veikals1.lv/HX318C10FB/4', 1, 24.55),
(1095, 2, 'HX318C10FB/4', 'http://Veikals2.lv/HX318C10FB/4', 0, 32.58),
(1096, 1, 'HX324C11SRK4/32', 'http://Veikals1.lv/HX324C11SRK4/32', 1, 74.40),
(1097, 1, '993988S', 'http://Veikals1.lv/993988S', 1, 93.44),
(1098, 2, '993988S', 'http://Veikals2.lv/993988S', 0, 91.66),
(1099, 1, 'F4-2400C15S-8GNS', 'http://Veikals1.lv/F4-2400C15S-8GNS', 0, 95.99),
(1100, 2, 'F4-2400C15S-8GNS', 'http://Veikals2.lv/F4-2400C15S-8GNS', 0, 20.66),
(1101, 1, 'CMZ4GX3M1A1600C9', 'http://Veikals1.lv/CMZ4GX3M1A1600C9', 1, 107.20),
(1102, 2, 'CMZ4GX3M1A1600C9', 'http://Veikals2.lv/CMZ4GX3M1A1600C9', 0, 104.80),
(1103, 3, 'CMZ4GX3M1A1600C9', 'http://Veikals3.lv/CMZ4GX3M1A1600C9', 0, 54.37),
(1104, 1, 'KVR13N9S8H/4', 'http://Veikals1.lv/KVR13N9S8H/4', 0, 87.88),
(1105, 2, 'KVR13N9S8H/4', 'http://Veikals2.lv/KVR13N9S8H/4', 1, 78.40),
(1106, 3, 'KVR13N9S8H/4', 'http://Veikals3.lv/KVR13N9S8H/4', 1, 82.94),
(1107, 1, 'F4-3000C15Q-64GVR', 'http://Veikals1.lv/F4-3000C15Q-64GVR', 1, 118.75),
(1108, 1, 'F3-2400C10D-8GTX', 'http://Veikals1.lv/F3-2400C10D-8GTX', 1, 92.14),
(1109, 1, 'F4-3000C14D-16GVR', 'http://Veikals1.lv/F4-3000C14D-16GVR', 1, 72.95),
(1110, 2, 'F4-3000C14D-16GVR', 'http://Veikals2.lv/F4-3000C14D-16GVR', 1, 76.27),
(1111, 3, 'F4-3000C14D-16GVR', 'http://Veikals3.lv/F4-3000C14D-16GVR', 0, 118.24),
(1112, 1, 'F4-3400C16Q-64GVK', 'http://Veikals1.lv/F4-3400C16Q-64GVK', 0, 88.93),
(1113, 1, 'CMY8GX3M2C1600C9R', 'http://Veikals1.lv/CMY8GX3M2C1600C9R', 0, 80.29),
(1114, 2, 'CMY8GX3M2C1600C9R', 'http://Veikals2.lv/CMY8GX3M2C1600C9R', 1, 71.24),
(1115, 3, 'CMY8GX3M2C1600C9R', 'http://Veikals3.lv/CMY8GX3M2C1600C9R', 1, 50.76),
(1116, 1, 'F3-10666CL9D-8GBXL', 'http://Veikals1.lv/F3-10666CL9D-8GBXL', 0, 125.09),
(1117, 1, 'T4070802', 'http://Veikals1.lv/T4070802', 1, 107.77),
(1118, 1, 'CMX8GX3M2A1600C9', 'http://Veikals1.lv/CMX8GX3M2A1600C9', 0, 91.23),
(1119, 2, 'CMX8GX3M2A1600C9', 'http://Veikals2.lv/CMX8GX3M2A1600C9', 1, 99.45),
(1120, 3, 'CMX8GX3M2A1600C9', 'http://Veikals3.lv/CMX8GX3M2A1600C9', 0, 31.27),
(1121, 1, 'BLS2K4G3D1609ES2LX0', 'http://Veikals1.lv/BLS2K4G3D1609ES2LX0', 0, 40.36),
(1122, 1, 'HX424C12SB2K4/32', 'http://Veikals1.lv/HX424C12SB2K4/32', 1, 97.92),
(1123, 2, 'HX424C12SB2K4/32', 'http://Veikals2.lv/HX424C12SB2K4/32', 1, 123.05),
(1124, 3, 'HX424C12SB2K4/32', 'http://Veikals3.lv/HX424C12SB2K4/32', 0, 76.58),
(1125, 1, 'F3-10666CL9T2-24GBRL', 'http://Veikals1.lv/F3-10666CL9T2-24GBRL', 1, 116.05),
(1126, 2, 'F3-10666CL9T2-24GBRL', 'http://Veikals2.lv/F3-10666CL9T2-24GBRL', 1, 94.93),
(1127, 1, 'F3-10666CL9D-4GBNS', 'http://Veikals1.lv/F3-10666CL9D-4GBNS', 0, 86.50),
(1128, 2, 'F3-10666CL9D-4GBNS', 'http://Veikals2.lv/F3-10666CL9D-4GBNS', 1, 133.57),
(1129, 1, 'F3-1866C9D-16GZH', 'http://Veikals1.lv/F3-1866C9D-16GZH', 1, 14.57),
(1130, 1, 'F3-10666CL9D-4GBRL', 'http://Veikals1.lv/F3-10666CL9D-4GBRL', 0, 65.74),
(1131, 1, 'F3-12800CL9D-8GBSR1', 'http://Veikals1.lv/F3-12800CL9D-8GBSR1', 1, 18.48),
(1132, 2, 'F3-12800CL9D-8GBSR1', 'http://Veikals2.lv/F3-12800CL9D-8GBSR1', 1, 53.48),
(1133, 1, '900391', 'http://Veikals1.lv/900391', 0, 18.21),
(1134, 2, '900391', 'http://Veikals2.lv/900391', 0, 54.93),
(1135, 1, 'HX318C10FBK2/8', 'http://Veikals1.lv/HX318C10FBK2/8', 1, 118.58),
(1136, 2, 'HX318C10FBK2/8', 'http://Veikals2.lv/HX318C10FBK2/8', 1, 55.08),
(1137, 3, 'HX318C10FBK2/8', 'http://Veikals3.lv/HX318C10FBK2/8', 0, 69.19),
(1138, 1, 'KHX1333C9D3B1/4G', 'http://Veikals1.lv/KHX1333C9D3B1/4G', 0, 54.30),
(1139, 2, 'KHX1333C9D3B1/4G', 'http://Veikals2.lv/KHX1333C9D3B1/4G', 0, 33.90),
(1140, 1, 'BLS8G4D240FSE', 'http://Veikals1.lv/BLS8G4D240FSE', 0, 48.12),
(1141, 2, 'BLS8G4D240FSE', 'http://Veikals2.lv/BLS8G4D240FSE', 1, 80.97),
(1142, 3, 'BLS8G4D240FSE', 'http://Veikals3.lv/BLS8G4D240FSE', 1, 41.89),
(1143, 1, 'PVE48G280C6KBL', 'http://Veikals1.lv/PVE48G280C6KBL', 0, 13.84),
(1144, 1, 'F3-2133C10Q-32GZM', 'http://Veikals1.lv/F3-2133C10Q-32GZM', 0, 25.81),
(1145, 2, 'F3-2133C10Q-32GZM', 'http://Veikals2.lv/F3-2133C10Q-32GZM', 0, 93.47),
(1146, 1, 'F4-3000C14Q-64GTZ', 'http://Veikals1.lv/F4-3000C14Q-64GTZ', 1, 100.44),
(1147, 2, 'F4-3000C14Q-64GTZ', 'http://Veikals2.lv/F4-3000C14Q-64GTZ', 0, 97.79),
(1148, 3, 'F4-3000C14Q-64GTZ', 'http://Veikals3.lv/F4-3000C14Q-64GTZ', 0, 82.77),
(1149, 1, 'F3-12800CL8D-4GBTD', 'http://Veikals1.lv/F3-12800CL8D-4GBTD', 0, 65.80),
(1150, 2, 'F3-12800CL8D-4GBTD', 'http://Veikals2.lv/F3-12800CL8D-4GBTD', 0, 95.12),
(1151, 1, 'F3-10666CL7T-12GBRH', 'http://Veikals1.lv/F3-10666CL7T-12GBRH', 0, 49.10),
(1152, 1, 'F3-14900CL10S-8GBXL', 'http://Veikals1.lv/F3-14900CL10S-8GBXL', 0, 98.03),
(1153, 2, 'F3-14900CL10S-8GBXL', 'http://Veikals2.lv/F3-14900CL10S-8GBXL', 0, 97.87),
(1154, 3, 'F3-14900CL10S-8GBXL', 'http://Veikals3.lv/F3-14900CL10S-8GBXL', 1, 38.49),
(1155, 1, 'KHX16C9T3K4/32X', 'http://Veikals1.lv/KHX16C9T3K4/32X', 1, 102.29),
(1156, 2, 'KHX16C9T3K4/32X', 'http://Veikals2.lv/KHX16C9T3K4/32X', 0, 101.14),
(1157, 3, 'KHX16C9T3K4/32X', 'http://Veikals3.lv/KHX16C9T3K4/32X', 1, 106.86),
(1158, 1, 'CT2KIT25664BA1339', 'http://Veikals1.lv/CT2KIT25664BA1339', 1, 104.77),
(1159, 2, 'CT2KIT25664BA1339', 'http://Veikals2.lv/CT2KIT25664BA1339', 0, 80.96),
(1160, 1, 'HX318C9T3K2/8', 'http://Veikals1.lv/HX318C9T3K2/8', 1, 58.36),
(1161, 2, 'HX318C9T3K2/8', 'http://Veikals2.lv/HX318C9T3K2/8', 0, 131.25),
(1162, 3, 'HX318C9T3K2/8', 'http://Veikals3.lv/HX318C9T3K2/8', 0, 10.85),
(1163, 1, 'BLS4K4G4D240FSE', 'http://Veikals1.lv/BLS4K4G4D240FSE', 1, 100.15),
(1164, 2, 'BLS4K4G4D240FSE', 'http://Veikals2.lv/BLS4K4G4D240FSE', 0, 54.14),
(1165, 3, 'BLS4K4G4D240FSE', 'http://Veikals3.lv/BLS4K4G4D240FSE', 1, 57.05),
(1166, 1, 'F4-3200C14D-16GVR', 'http://Veikals1.lv/F4-3200C14D-16GVR', 1, 115.25),
(1167, 1, 'F4-2400C15S-4GNT', 'http://Veikals1.lv/F4-2400C15S-4GNT', 0, 113.17),
(1168, 2, 'F4-2400C15S-4GNT', 'http://Veikals2.lv/F4-2400C15S-4GNT', 0, 59.37),
(1169, 3, 'F4-2400C15S-4GNT', 'http://Veikals3.lv/F4-2400C15S-4GNT', 0, 84.38),
(1170, 1, '997030', 'http://Veikals1.lv/997030', 1, 59.65),
(1171, 1, 'F3-2666C11D-16GTXD', 'http://Veikals1.lv/F3-2666C11D-16GTXD', 0, 105.29),
(1172, 1, 'AA1333D3N9/4G', 'http://Veikals1.lv/AA1333D3N9/4G', 1, 77.47),
(1173, 2, 'AA1333D3N9/4G', 'http://Veikals2.lv/AA1333D3N9/4G', 1, 78.72),
(1174, 3, 'AA1333D3N9/4G', 'http://Veikals3.lv/AA1333D3N9/4G', 0, 18.61),
(1175, 1, 'T4070706', 'http://Veikals1.lv/T4070706', 0, 80.58),
(1176, 2, 'T4070706', 'http://Veikals2.lv/T4070706', 1, 20.30),
(1177, 3, 'T4070706', 'http://Veikals3.lv/T4070706', 0, 100.27),
(1178, 1, 'F4-3200C15Q2-64GVR', 'http://Veikals1.lv/F4-3200C15Q2-64GVR', 0, 103.54),
(1179, 1, 'T4070714', 'http://Veikals1.lv/T4070714', 1, 129.21),
(1180, 2, 'T4070714', 'http://Veikals2.lv/T4070714', 0, 29.34),
(1181, 3, 'T4070714', 'http://Veikals3.lv/T4070714', 0, 60.59),
(1182, 1, 'CMZ8GX3M2A1600C9B', 'http://Veikals1.lv/CMZ8GX3M2A1600C9B', 1, 22.17),
(1183, 2, 'CMZ8GX3M2A1600C9B', 'http://Veikals2.lv/CMZ8GX3M2A1600C9B', 0, 41.90),
(1184, 3, 'CMZ8GX3M2A1600C9B', 'http://Veikals3.lv/CMZ8GX3M2A1600C9B', 1, 15.74),
(1185, 1, 'T4070712', 'http://Veikals1.lv/T4070712', 1, 133.63),
(1186, 1, 'HX324C11T3K2/16', 'http://Veikals1.lv/HX324C11T3K2/16', 0, 58.75),
(1187, 2, 'HX324C11T3K2/16', 'http://Veikals2.lv/HX324C11T3K2/16', 1, 37.18),
(1188, 1, 'HX424C12SB2K4/16', 'http://Veikals1.lv/HX424C12SB2K4/16', 0, 96.88),
(1189, 2, 'HX424C12SB2K4/16', 'http://Veikals2.lv/HX424C12SB2K4/16', 1, 90.91),
(1190, 1, 'PVE464G266C5QKR', 'http://Veikals1.lv/PVE464G266C5QKR', 0, 86.60),
(1191, 1, 'F4-2666C15Q-64GVR', 'http://Veikals1.lv/F4-2666C15Q-64GVR', 1, 37.22),
(1192, 2, 'F4-2666C15Q-64GVR', 'http://Veikals2.lv/F4-2666C15Q-64GVR', 0, 66.75),
(1193, 1, 'F3-10666CL9T-12GBRL', 'http://Veikals1.lv/F3-10666CL9T-12GBRL', 0, 15.63),
(1194, 2, 'F3-10666CL9T-12GBRL', 'http://Veikals2.lv/F3-10666CL9T-12GBRL', 1, 56.78),
(1195, 3, 'F3-10666CL9T-12GBRL', 'http://Veikals3.lv/F3-10666CL9T-12GBRL', 0, 71.52),
(1196, 1, 'F3-10666CL7D-4GBXH', 'http://Veikals1.lv/F3-10666CL7D-4GBXH', 1, 95.03),
(1197, 2, 'F3-10666CL7D-4GBXH', 'http://Veikals2.lv/F3-10666CL7D-4GBXH', 0, 77.44),
(1198, 1, 'F4-2133C15S-8GNS', 'http://Veikals1.lv/F4-2133C15S-8GNS', 0, 44.91),
(1199, 1, 'A3708119-AA', 'http://Veikals1.lv/A3708119-AA', 0, 128.49),
(1200, 2, 'A3708119-AA', 'http://Veikals2.lv/A3708119-AA', 1, 97.55),
(1201, 3, 'A3708119-AA', 'http://Veikals3.lv/A3708119-AA', 0, 31.22),
(1202, 1, 'HX316C9SRK4/32', 'http://Veikals1.lv/HX316C9SRK4/32', 1, 116.74),
(1203, 2, 'HX316C9SRK4/32', 'http://Veikals2.lv/HX316C9SRK4/32', 1, 108.22),
(1204, 3, 'HX316C9SRK4/32', 'http://Veikals3.lv/HX316C9SRK4/32', 0, 108.51),
(1205, 1, 'F3-10666CL9Q-8GBRL', 'http://Veikals1.lv/F3-10666CL9Q-8GBRL', 0, 19.44),
(1206, 2, 'F3-10666CL9Q-8GBRL', 'http://Veikals2.lv/F3-10666CL9Q-8GBRL', 1, 34.21),
(1207, 1, 'F4-2133C15S-4GNT', 'http://Veikals1.lv/F4-2133C15S-4GNT', 0, 28.06),
(1208, 1, 'CMK32GX4M2B3200C16R', 'http://Veikals1.lv/CMK32GX4M2B3200C16R', 0, 70.83),
(1209, 1, 'HX426C15FB/4', 'http://Veikals1.lv/HX426C15FB/4', 1, 85.97),
(1210, 1, 'PVE48G240C5KRD', 'http://Veikals1.lv/PVE48G240C5KRD', 0, 96.10),
(1211, 2, 'PVE48G240C5KRD', 'http://Veikals2.lv/PVE48G240C5KRD', 0, 110.50),
(1212, 1, 'F3-10666CL9Q2-64GBZL', 'http://Veikals1.lv/F3-10666CL9Q2-64GBZL', 1, 34.02),
(1213, 2, 'F3-10666CL9Q2-64GBZL', 'http://Veikals2.lv/F3-10666CL9Q2-64GBZL', 1, 32.10),
(1214, 3, 'F3-10666CL9Q2-64GBZL', 'http://Veikals3.lv/F3-10666CL9Q2-64GBZL', 1, 62.12),
(1215, 1, 'F3-2400C11Q2-64GZM', 'http://Veikals1.lv/F3-2400C11Q2-64GZM', 1, 90.37),
(1216, 2, 'F3-2400C11Q2-64GZM', 'http://Veikals2.lv/F3-2400C11Q2-64GZM', 0, 83.48),
(1217, 3, 'F3-2400C11Q2-64GZM', 'http://Veikals3.lv/F3-2400C11Q2-64GZM', 1, 120.99),
(1218, 1, 'F4-2400C15Q-32GNT', 'http://Veikals1.lv/F4-2400C15Q-32GNT', 0, 111.87),
(1219, 2, 'F4-2400C15Q-32GNT', 'http://Veikals2.lv/F4-2400C15Q-32GNT', 1, 47.55),
(1220, 3, 'F4-2400C15Q-32GNT', 'http://Veikals3.lv/F4-2400C15Q-32GNT', 0, 19.31),
(1221, 1, 'F4-3200C16D-8GVK', 'http://Veikals1.lv/F4-3200C16D-8GVK', 1, 128.27),
(1222, 2, 'F4-3200C16D-8GVK', 'http://Veikals2.lv/F4-3200C16D-8GVK', 1, 29.05),
(1223, 1, 'AVD3U16001104G-1CIG', 'http://Veikals1.lv/AVD3U16001104G-1CIG', 1, 123.99),
(1224, 2, 'AVD3U16001104G-1CIG', 'http://Veikals2.lv/AVD3U16001104G-1CIG', 1, 77.90),
(1225, 3, 'AVD3U16001104G-1CIG', 'http://Veikals3.lv/AVD3U16001104G-1CIG', 1, 77.95),
(1226, 1, 'PSD432G2133K', 'http://Veikals1.lv/PSD432G2133K', 0, 18.96),
(1227, 1, 'CMK4GX4M1A2400C16R', 'http://Veikals1.lv/CMK4GX4M1A2400C16R', 1, 102.96),
(1228, 2, 'CMK4GX4M1A2400C16R', 'http://Veikals2.lv/CMK4GX4M1A2400C16R', 1, 36.27),
(1229, 1, 'F4-3200C16D-8GRK', 'http://Veikals1.lv/F4-3200C16D-8GRK', 0, 28.55),
(1230, 2, 'F4-3200C16D-8GRK', 'http://Veikals2.lv/F4-3200C16D-8GRK', 0, 138.71),
(1231, 1, 'F3-12800CL8D-4GBECO', 'http://Veikals1.lv/F3-12800CL8D-4GBECO', 1, 79.39),
(1232, 2, 'F3-12800CL8D-4GBECO', 'http://Veikals2.lv/F3-12800CL8D-4GBECO', 0, 12.15),
(1233, 3, 'F3-12800CL8D-4GBECO', 'http://Veikals3.lv/F3-12800CL8D-4GBECO', 1, 106.70),
(1234, 1, 'F3-2133C9Q-32GZH', 'http://Veikals1.lv/F3-2133C9Q-32GZH', 0, 138.21),
(1235, 2, 'F3-2133C9Q-32GZH', 'http://Veikals2.lv/F3-2133C9Q-32GZH', 1, 24.26),
(1236, 1, 'F3-1866C10Q-32GZM', 'http://Veikals1.lv/F3-1866C10Q-32GZM', 1, 71.21),
(1237, 2, 'F3-1866C10Q-32GZM', 'http://Veikals2.lv/F3-1866C10Q-32GZM', 0, 72.57),
(1238, 1, 'F4-3200C16Q-32GTZ', 'http://Veikals1.lv/F4-3200C16Q-32GTZ', 0, 72.29),
(1239, 2, 'F4-3200C16Q-32GTZ', 'http://Veikals2.lv/F4-3200C16Q-32GTZ', 0, 61.42),
(1240, 1, 'CMK32GX4M4A2400C14', 'http://Veikals1.lv/CMK32GX4M4A2400C14', 0, 95.50),
(1241, 2, 'CMK32GX4M4A2400C14', 'http://Veikals2.lv/CMK32GX4M4A2400C14', 1, 45.69),
(1242, 3, 'CMK32GX4M4A2400C14', 'http://Veikals3.lv/CMK32GX4M4A2400C14', 1, 58.87),
(1243, 1, 'PVE48G240C5KBL', 'http://Veikals1.lv/PVE48G240C5KBL', 0, 78.33),
(1244, 1, 'F3-12800CL9D-4GBNQ', 'http://Veikals1.lv/F3-12800CL9D-4GBNQ', 0, 91.62),
(1245, 2, 'F3-12800CL9D-4GBNQ', 'http://Veikals2.lv/F3-12800CL9D-4GBNQ', 0, 104.88),
(1246, 3, 'F3-12800CL9D-4GBNQ', 'http://Veikals3.lv/F3-12800CL9D-4GBNQ', 1, 107.56),
(1247, 1, 'F3-2400C11D-8GXM', 'http://Veikals1.lv/F3-2400C11D-8GXM', 0, 49.11),
(1248, 2, 'F3-2400C11D-8GXM', 'http://Veikals2.lv/F3-2400C11D-8GXM', 0, 96.05),
(1249, 3, 'F3-2400C11D-8GXM', 'http://Veikals3.lv/F3-2400C11D-8GXM', 0, 63.32),
(1250, 1, 'F4-3400C16Q-16GRBD', 'http://Veikals1.lv/F4-3400C16Q-16GRBD', 1, 116.97),
(1251, 2, 'F4-3400C16Q-16GRBD', 'http://Veikals2.lv/F4-3400C16Q-16GRBD', 1, 34.58),
(1252, 3, 'F4-3400C16Q-16GRBD', 'http://Veikals3.lv/F4-3400C16Q-16GRBD', 0, 56.16),
(1253, 1, 'F4-3400C16Q-64GTZ', 'http://Veikals1.lv/F4-3400C16Q-64GTZ', 0, 136.69),
(1254, 1, 'CMD64GX4M4A2400C14', 'http://Veikals1.lv/CMD64GX4M4A2400C14', 0, 89.87),
(1255, 1, 'HX426C13SB2K2/16', 'http://Veikals1.lv/HX426C13SB2K2/16', 1, 115.83),
(1256, 1, 'CT51264BD160BJ', 'http://Veikals1.lv/CT51264BD160BJ', 0, 87.90),
(1257, 1, '997002', 'http://Veikals1.lv/997002', 0, 132.63),
(1258, 2, '997002', 'http://Veikals2.lv/997002', 0, 19.02),
(1259, 3, '997002', 'http://Veikals3.lv/997002', 0, 112.69),
(1260, 1, 'F3-1600C9Q-16GAO', 'http://Veikals1.lv/F3-1600C9Q-16GAO', 1, 115.21),
(1261, 2, 'F3-1600C9Q-16GAO', 'http://Veikals2.lv/F3-1600C9Q-16GAO', 1, 58.19),
(1262, 1, 'F3-2400C11D-8GSR', 'http://Veikals1.lv/F3-2400C11D-8GSR', 0, 90.86),
(1263, 2, 'F3-2400C11D-8GSR', 'http://Veikals2.lv/F3-2400C11D-8GSR', 1, 98.81),
(1264, 1, 'CML8GX3M2C1600C9', 'http://Veikals1.lv/CML8GX3M2C1600C9', 0, 87.01),
(1265, 2, 'CML8GX3M2C1600C9', 'http://Veikals2.lv/CML8GX3M2C1600C9', 1, 18.27),
(1266, 3, 'CML8GX3M2C1600C9', 'http://Veikals3.lv/CML8GX3M2C1600C9', 0, 10.32),
(1267, 1, 'CMK64GX4M4B2800C14', 'http://Veikals1.lv/CMK64GX4M4B2800C14', 0, 78.69),
(1268, 2, 'CMK64GX4M4B2800C14', 'http://Veikals2.lv/CMK64GX4M4B2800C14', 0, 118.59),
(1269, 1, 'F3-12800CL8D-4GBRM', 'http://Veikals1.lv/F3-12800CL8D-4GBRM', 0, 20.06),
(1270, 2, 'F3-12800CL8D-4GBRM', 'http://Veikals2.lv/F3-12800CL8D-4GBRM', 1, 45.67),
(1271, 3, 'F3-12800CL8D-4GBRM', 'http://Veikals3.lv/F3-12800CL8D-4GBRM', 1, 22.88),
(1272, 1, 'A3414608-AA', 'http://Veikals1.lv/A3414608-AA', 0, 59.26),
(1273, 2, 'A3414608-AA', 'http://Veikals2.lv/A3414608-AA', 0, 129.62),
(1274, 1, 'F3-17000CL11Q-16GBSR', 'http://Veikals1.lv/F3-17000CL11Q-16GBSR', 0, 107.42),
(1275, 2, 'F3-17000CL11Q-16GBSR', 'http://Veikals2.lv/F3-17000CL11Q-16GBSR', 0, 71.75),
(1276, 1, 'F3-2133C11D-16GAR', 'http://Veikals1.lv/F3-2133C11D-16GAR', 1, 138.20),
(1277, 2, 'F3-2133C11D-16GAR', 'http://Veikals2.lv/F3-2133C11D-16GAR', 1, 126.48),
(1278, 1, 'F4-3200C16Q-16GVKB', 'http://Veikals1.lv/F4-3200C16Q-16GVKB', 0, 121.93),
(1279, 1, 'F4-3000C15D-16GRK', 'http://Veikals1.lv/F4-3000C15D-16GRK', 0, 35.13),
(1280, 2, 'F4-3000C15D-16GRK', 'http://Veikals2.lv/F4-3000C15D-16GRK', 1, 67.31),
(1281, 3, 'F4-3000C15D-16GRK', 'http://Veikals3.lv/F4-3000C15D-16GRK', 1, 104.95),
(1282, 1, 'F3-2133C11Q-16GAO', 'http://Veikals1.lv/F3-2133C11Q-16GAO', 0, 110.17),
(1283, 2, 'F3-2133C11Q-16GAO', 'http://Veikals2.lv/F3-2133C11Q-16GAO', 0, 43.72),
(1284, 3, 'F3-2133C11Q-16GAO', 'http://Veikals3.lv/F3-2133C11Q-16GAO', 1, 32.78),
(1285, 1, 'F3-1600C11S-8GNT', 'http://Veikals1.lv/F3-1600C11S-8GNT', 0, 33.06),
(1286, 1, 'F4-3200C14Q2-64GTZ', 'http://Veikals1.lv/F4-3200C14Q2-64GTZ', 1, 106.95),
(1287, 1, 'HX430C15SB2K4/32', 'http://Veikals1.lv/HX430C15SB2K4/32', 0, 103.71),
(1288, 2, 'HX430C15SB2K4/32', 'http://Veikals2.lv/HX430C15SB2K4/32', 1, 124.70),
(1289, 1, 'F3-1600C11S-4GNS', 'http://Veikals1.lv/F3-1600C11S-4GNS', 0, 78.20),
(1290, 1, 'F4-2400C15S-16GIS', 'http://Veikals1.lv/F4-2400C15S-16GIS', 0, 93.26),
(1291, 1, 'BLT4KIT4G3D1608DT1TX0', 'http://Veikals1.lv/BLT4KIT4G3D1608DT1TX0', 1, 96.39),
(1292, 2, 'BLT4KIT4G3D1608DT1TX0', 'http://Veikals2.lv/BLT4KIT4G3D1608DT1TX0', 1, 126.46),
(1293, 1, 'HX328C12T2K2/8', 'http://Veikals1.lv/HX328C12T2K2/8', 1, 42.56),
(1294, 2, 'HX328C12T2K2/8', 'http://Veikals2.lv/HX328C12T2K2/8', 1, 64.23),
(1295, 3, 'HX328C12T2K2/8', 'http://Veikals3.lv/HX328C12T2K2/8', 1, 21.05),
(1296, 1, 'BLT2KIT4G3D1869DT1TX0', 'http://Veikals1.lv/BLT2KIT4G3D1869DT1TX0', 1, 95.89),
(1297, 1, 'PSD416G21332H', 'http://Veikals1.lv/PSD416G21332H', 0, 85.67),
(1298, 1, 'MES3U1609M8GX2', 'http://Veikals1.lv/MES3U1609M8GX2', 1, 48.40),
(1299, 2, 'MES3U1609M8GX2', 'http://Veikals2.lv/MES3U1609M8GX2', 1, 25.58),
(1300, 3, 'MES3U1609M8GX2', 'http://Veikals3.lv/MES3U1609M8GX2', 0, 40.52),
(1301, 1, 'F3-10666CL7D-8GBXH', 'http://Veikals1.lv/F3-10666CL7D-8GBXH', 1, 93.23),
(1302, 1, 'F3-19200CL10Q2-64GBZHD', 'http://Veikals1.lv/F3-19200CL10Q2-64GBZHD', 0, 11.02),
(1303, 2, 'F3-19200CL10Q2-64GBZHD', 'http://Veikals2.lv/F3-19200CL10Q2-64GBZHD', 0, 127.12),
(1304, 3, 'F3-19200CL10Q2-64GBZHD', 'http://Veikals3.lv/F3-19200CL10Q2-64GBZHD', 1, 46.66),
(1305, 1, 'F4-2400C15Q-32GVR', 'http://Veikals1.lv/F4-2400C15Q-32GVR', 1, 61.60),
(1306, 2, 'F4-2400C15Q-32GVR', 'http://Veikals2.lv/F4-2400C15Q-32GVR', 1, 33.04),
(1307, 3, 'F4-2400C15Q-32GVR', 'http://Veikals3.lv/F4-2400C15Q-32GVR', 0, 131.33),
(1308, 1, 'CMZ16GX3M2A1600C10B', 'http://Veikals1.lv/CMZ16GX3M2A1600C10B', 0, 20.83),
(1309, 1, 'KHX16C9T3K2/16X', 'http://Veikals1.lv/KHX16C9T3K2/16X', 1, 81.65),
(1310, 2, 'KHX16C9T3K2/16X', 'http://Veikals2.lv/KHX16C9T3K2/16X', 1, 60.51),
(1311, 1, 'HX426C15SBK8/128', 'http://Veikals1.lv/HX426C15SBK8/128', 1, 11.93),
(1312, 2, 'HX426C15SBK8/128', 'http://Veikals2.lv/HX426C15SBK8/128', 0, 128.20),
(1313, 1, 'CMY16GX3M2C1600C9R', 'http://Veikals1.lv/CMY16GX3M2C1600C9R', 1, 39.51),
(1314, 2, 'CMY16GX3M2C1600C9R', 'http://Veikals2.lv/CMY16GX3M2C1600C9R', 0, 49.01),
(1315, 3, 'CMY16GX3M2C1600C9R', 'http://Veikals3.lv/CMY16GX3M2C1600C9R', 1, 133.10),
(1316, 1, 'HX426C15SBK4/64', 'http://Veikals1.lv/HX426C15SBK4/64', 0, 114.64),
(1317, 1, 'BLS2K4G4D240FSE', 'http://Veikals1.lv/BLS2K4G4D240FSE', 1, 126.29),
(1318, 2, 'BLS2K4G4D240FSE', 'http://Veikals2.lv/BLS2K4G4D240FSE', 1, 60.66),
(1319, 1, 'F3-12800CL9D-4GBXL', 'http://Veikals1.lv/F3-12800CL9D-4GBXL', 0, 22.80),
(1320, 1, 'CMY16GX3M2C1600C9', 'http://Veikals1.lv/CMY16GX3M2C1600C9', 0, 49.51),
(1321, 2, 'CMY16GX3M2C1600C9', 'http://Veikals2.lv/CMY16GX3M2C1600C9', 0, 44.11),
(1322, 3, 'CMY16GX3M2C1600C9', 'http://Veikals3.lv/CMY16GX3M2C1600C9', 1, 115.57),
(1323, 1, 'HX426C13SB2/4', 'http://Veikals1.lv/HX426C13SB2/4', 0, 107.35),
(1324, 2, 'HX426C13SB2/4', 'http://Veikals2.lv/HX426C13SB2/4', 0, 49.17),
(1325, 3, 'HX426C13SB2/4', 'http://Veikals3.lv/HX426C13SB2/4', 1, 102.84),
(1326, 1, 'F3-10600CL9S-4GBNT', 'http://Veikals1.lv/F3-10600CL9S-4GBNT', 1, 48.84),
(1327, 2, 'F3-10600CL9S-4GBNT', 'http://Veikals2.lv/F3-10600CL9S-4GBNT', 1, 72.82),
(1328, 3, 'F3-10600CL9S-4GBNT', 'http://Veikals3.lv/F3-10600CL9S-4GBNT', 1, 19.35),
(1329, 1, 'F3-17000CL9Q2-32GBZH', 'http://Veikals1.lv/F3-17000CL9Q2-32GBZH', 1, 92.66),
(1330, 1, 'F4-2800C15D-16GVRB', 'http://Veikals1.lv/F4-2800C15D-16GVRB', 1, 57.94),
(1331, 1, 'F4-3200C16D-32GTZA', 'http://Veikals1.lv/F4-3200C16D-32GTZA', 1, 40.17),
(1332, 2, 'F4-3200C16D-32GTZA', 'http://Veikals2.lv/F4-3200C16D-32GTZA', 0, 89.56),
(1333, 1, 'F4-3000C15D-32GVR', 'http://Veikals1.lv/F4-3000C15D-32GVR', 1, 39.12),
(1334, 2, 'F4-3000C15D-32GVR', 'http://Veikals2.lv/F4-3000C15D-32GVR', 0, 32.52),
(1335, 1, 'F3-2133C9Q2-64GZH', 'http://Veikals1.lv/F3-2133C9Q2-64GZH', 1, 138.96),
(1336, 2, 'F3-2133C9Q2-64GZH', 'http://Veikals2.lv/F3-2133C9Q2-64GZH', 1, 94.16),
(1337, 1, 'BLS4K4G4D240FSB', 'http://Veikals1.lv/BLS4K4G4D240FSB', 1, 139.86),
(1338, 2, 'BLS4K4G4D240FSB', 'http://Veikals2.lv/BLS4K4G4D240FSB', 1, 16.30),
(1339, 3, 'BLS4K4G4D240FSB', 'http://Veikals3.lv/BLS4K4G4D240FSB', 0, 10.23),
(1340, 1, 'PVE432G266C5KRD', 'http://Veikals1.lv/PVE432G266C5KRD', 0, 62.37),
(1341, 2, 'PVE432G266C5KRD', 'http://Veikals2.lv/PVE432G266C5KRD', 1, 111.64),
(1342, 3, 'PVE432G266C5KRD', 'http://Veikals3.lv/PVE432G266C5KRD', 1, 42.13),
(1343, 1, 'F3-1600C10Q-32GAO', 'http://Veikals1.lv/F3-1600C10Q-32GAO', 0, 62.00),
(1344, 1, 'F3-2133C10D-16GSR', 'http://Veikals1.lv/F3-2133C10D-16GSR', 1, 43.60),
(1345, 1, 'F3-1600C11D-8GIS', 'http://Veikals1.lv/F3-1600C11D-8GIS', 0, 73.27);
INSERT INTO `price` (`id`, `retailer_id`, `part_number`, `url`, `in_stock`, `price`) VALUES
(1346, 2, 'F3-1600C11D-8GIS', 'http://Veikals2.lv/F3-1600C11D-8GIS', 1, 120.46),
(1347, 3, 'F3-1600C11D-8GIS', 'http://Veikals3.lv/F3-1600C11D-8GIS', 0, 46.25),
(1348, 1, 'F4-2400C15D-8GRR', 'http://Veikals1.lv/F4-2400C15D-8GRR', 1, 39.49),
(1349, 1, 'BLT2KIT4G3D1608DT2TXRG', 'http://Veikals1.lv/BLT2KIT4G3D1608DT2TXRG', 0, 78.35),
(1350, 2, 'BLT2KIT4G3D1608DT2TXRG', 'http://Veikals2.lv/BLT2KIT4G3D1608DT2TXRG', 1, 16.93),
(1351, 1, 'BLS4G3D1609ES2LX0', 'http://Veikals1.lv/BLS4G3D1609ES2LX0', 1, 104.41),
(1352, 1, 'CT2KIT102464BA160B', 'http://Veikals1.lv/CT2KIT102464BA160B', 0, 83.09),
(1353, 1, 'BLS2K8G4D240FSA', 'http://Veikals1.lv/BLS2K8G4D240FSA', 0, 64.60),
(1354, 2, 'BLS2K8G4D240FSA', 'http://Veikals2.lv/BLS2K8G4D240FSA', 1, 12.76),
(1355, 3, 'BLS2K8G4D240FSA', 'http://Veikals3.lv/BLS2K8G4D240FSA', 1, 84.02),
(1356, 1, 'PVE48G280C6KRD', 'http://Veikals1.lv/PVE48G280C6KRD', 1, 32.72),
(1357, 1, 'F4-2400C14Q-64GVK', 'http://Veikals1.lv/F4-2400C14Q-64GVK', 0, 37.91),
(1358, 2, 'F4-2400C14Q-64GVK', 'http://Veikals2.lv/F4-2400C14Q-64GVK', 1, 64.28),
(1359, 3, 'F4-2400C14Q-64GVK', 'http://Veikals3.lv/F4-2400C14Q-64GVK', 0, 29.54),
(1360, 1, 'F4-2400C15S-8GVR', 'http://Veikals1.lv/F4-2400C15S-8GVR', 0, 20.31),
(1361, 2, 'F4-2400C15S-8GVR', 'http://Veikals2.lv/F4-2400C15S-8GVR', 1, 109.04),
(1362, 3, 'F4-2400C15S-8GVR', 'http://Veikals3.lv/F4-2400C15S-8GVR', 0, 61.83),
(1363, 1, 'HX324C11SR/4', 'http://Veikals1.lv/HX324C11SR/4', 0, 109.37),
(1364, 2, 'HX324C11SR/4', 'http://Veikals2.lv/HX324C11SR/4', 1, 50.86),
(1365, 1, '994030', 'http://Veikals1.lv/994030', 0, 60.35),
(1366, 2, '994030', 'http://Veikals2.lv/994030', 0, 76.20),
(1367, 3, '994030', 'http://Veikals3.lv/994030', 0, 136.16),
(1368, 1, 'F3-14900CL9Q-16GBXL', 'http://Veikals1.lv/F3-14900CL9Q-16GBXL', 0, 50.49),
(1369, 2, 'F3-14900CL9Q-16GBXL', 'http://Veikals2.lv/F3-14900CL9Q-16GBXL', 0, 100.50),
(1370, 1, 'F3-14900CL8Q-16GBZM', 'http://Veikals1.lv/F3-14900CL8Q-16GBZM', 1, 127.29),
(1371, 1, 'F3-2666C11Q-32GTXD', 'http://Veikals1.lv/F3-2666C11Q-32GTXD', 1, 112.11),
(1372, 2, 'F3-2666C11Q-32GTXD', 'http://Veikals2.lv/F3-2666C11Q-32GTXD', 0, 127.09),
(1373, 1, 'F4-2400C15Q-32GIS\r\nF4-2400C15Q-32GIS', 'http://Veikals1.lv/F4-2400C15Q-32GIS\r\nF4-2400C15Q-32GIS', 0, 72.40),
(1374, 1, 'AVD3U16001104G-1CIR', 'http://Veikals1.lv/AVD3U16001104G-1CIR', 1, 14.14),
(1375, 1, 'PVE416G300C6KRD', 'http://Veikals1.lv/PVE416G300C6KRD', 1, 68.00),
(1376, 2, 'PVE416G300C6KRD', 'http://Veikals2.lv/PVE416G300C6KRD', 0, 90.77),
(1377, 1, 'F4-3000C14D-16GVK', 'http://Veikals1.lv/F4-3000C14D-16GVK', 1, 93.08),
(1378, 2, 'F4-3000C14D-16GVK', 'http://Veikals2.lv/F4-3000C14D-16GVK', 1, 76.89),
(1379, 1, 'F4-3333C16Q-32GTZ', 'http://Veikals1.lv/F4-3333C16Q-32GTZ', 1, 105.10),
(1380, 2, 'F4-3333C16Q-32GTZ', 'http://Veikals2.lv/F4-3333C16Q-32GTZ', 1, 58.20),
(1381, 1, 'BLS4G3D1609DS1S00', 'http://Veikals1.lv/BLS4G3D1609DS1S00', 0, 106.17),
(1382, 1, 'CT8G4DFS8213', 'http://Veikals1.lv/CT8G4DFS8213', 1, 43.59),
(1383, 2, 'CT8G4DFS8213', 'http://Veikals2.lv/CT8G4DFS8213', 1, 75.52),
(1384, 1, 'CT2KIT51264BA160B', 'http://Veikals1.lv/CT2KIT51264BA160B', 0, 62.01),
(1385, 2, 'CT2KIT51264BA160B', 'http://Veikals2.lv/CT2KIT51264BA160B', 0, 71.91),
(1386, 1, 'F3-12800CL9Q-16GBZL', 'http://Veikals1.lv/F3-12800CL9Q-16GBZL', 1, 41.77),
(1387, 1, 'F4-3000C15D-16GTZ', 'http://Veikals1.lv/F4-3000C15D-16GTZ', 0, 85.29),
(1388, 2, 'F4-3000C15D-16GTZ', 'http://Veikals2.lv/F4-3000C15D-16GTZ', 0, 54.34),
(1389, 1, 'F4-2800C16Q-32GVR', 'http://Veikals1.lv/F4-2800C16Q-32GVR', 0, 62.21),
(1390, 2, 'F4-2800C16Q-32GVR', 'http://Veikals2.lv/F4-2800C16Q-32GVR', 1, 100.43),
(1391, 1, 'F4-2400C15S-8GIS', 'http://Veikals1.lv/F4-2400C15S-8GIS', 1, 92.00),
(1392, 2, 'F4-2400C15S-8GIS', 'http://Veikals2.lv/F4-2400C15S-8GIS', 0, 132.08),
(1393, 3, 'F4-2400C15S-8GIS', 'http://Veikals3.lv/F4-2400C15S-8GIS', 0, 112.79),
(1394, 1, 'F3-2133C10D-8GSR', 'http://Veikals1.lv/F3-2133C10D-8GSR', 1, 47.86),
(1395, 1, 'F3-3100C12D-8GTXDG', 'http://Veikals1.lv/F3-3100C12D-8GTXDG', 1, 27.53),
(1396, 2, 'F3-3100C12D-8GTXDG', 'http://Veikals2.lv/F3-3100C12D-8GTXDG', 1, 132.91),
(1397, 3, 'F3-3100C12D-8GTXDG', 'http://Veikals3.lv/F3-3100C12D-8GTXDG', 1, 43.67),
(1398, 1, 'PVE48G300C6KRD', 'http://Veikals1.lv/PVE48G300C6KRD', 0, 91.85),
(1399, 2, 'PVE48G300C6KRD', 'http://Veikals2.lv/PVE48G300C6KRD', 0, 24.38),
(1400, 1, 'F4-2666C16Q-32GRB', 'http://Veikals1.lv/F4-2666C16Q-32GRB', 1, 18.29),
(1401, 1, 'CMK32GX4M2A2400C16', 'http://Veikals1.lv/CMK32GX4M2A2400C16', 0, 120.43),
(1402, 1, 'HX321C11T3K2/16', 'http://Veikals1.lv/HX321C11T3K2/16', 1, 116.94),
(1403, 2, 'HX321C11T3K2/16', 'http://Veikals2.lv/HX321C11T3K2/16', 1, 60.24),
(1404, 1, 'BLS2K4G4D240FSB', 'http://Veikals1.lv/BLS2K4G4D240FSB', 0, 27.24),
(1405, 2, 'BLS2K4G4D240FSB', 'http://Veikals2.lv/BLS2K4G4D240FSB', 1, 76.09),
(1406, 3, 'BLS2K4G4D240FSB', 'http://Veikals3.lv/BLS2K4G4D240FSB', 0, 51.17),
(1407, 1, 'F3-12800CL9S-4GBRL', 'http://Veikals1.lv/F3-12800CL9S-4GBRL', 0, 91.50),
(1408, 2, 'F3-12800CL9S-4GBRL', 'http://Veikals2.lv/F3-12800CL9S-4GBRL', 0, 121.63),
(1409, 3, 'F3-12800CL9S-4GBRL', 'http://Veikals3.lv/F3-12800CL9S-4GBRL', 1, 135.06),
(1410, 1, 'F4-2800C15S-16GVR', 'http://Veikals1.lv/F4-2800C15S-16GVR', 0, 138.54),
(1411, 2, 'F4-2800C15S-16GVR', 'http://Veikals2.lv/F4-2800C15S-16GVR', 1, 131.32),
(1412, 3, 'F4-2800C15S-16GVR', 'http://Veikals3.lv/F4-2800C15S-16GVR', 0, 80.46),
(1413, 1, 'HX324C11T3K4/32', 'http://Veikals1.lv/HX324C11T3K4/32', 1, 93.09),
(1414, 1, 'BLS2K4G4D240FSC', 'http://Veikals1.lv/BLS2K4G4D240FSC', 1, 18.18),
(1415, 2, 'BLS2K4G4D240FSC', 'http://Veikals2.lv/BLS2K4G4D240FSC', 1, 44.44),
(1416, 1, 'F4-2400C15D-8GIS', 'http://Veikals1.lv/F4-2400C15D-8GIS', 0, 113.46),
(1417, 2, 'F4-2400C15D-8GIS', 'http://Veikals2.lv/F4-2400C15D-8GIS', 1, 12.03),
(1418, 1, '997069S', 'http://Veikals1.lv/997069S', 1, 101.13),
(1419, 2, '997069S', 'http://Veikals2.lv/997069S', 0, 105.72),
(1420, 1, '999017', 'http://Veikals1.lv/999017', 1, 79.38),
(1421, 2, '999017', 'http://Veikals2.lv/999017', 0, 120.45),
(1422, 1, 'F3-12800CL9T-12GBSR', 'http://Veikals1.lv/F3-12800CL9T-12GBSR', 1, 116.56),
(1423, 1, 'F3-12800CL10Q2-64GBZL', 'http://Veikals1.lv/F3-12800CL10Q2-64GBZL', 0, 106.79),
(1424, 1, 'CMY8GX3M2C1600C9', 'http://Veikals1.lv/CMY8GX3M2C1600C9', 1, 89.44),
(1425, 2, 'CMY8GX3M2C1600C9', 'http://Veikals2.lv/CMY8GX3M2C1600C9', 0, 83.92),
(1426, 1, 'KVR1333D3N9H/8G', 'http://Veikals1.lv/KVR1333D3N9H/8G', 0, 90.23),
(1427, 1, 'F3-1600C9D-16GXLL', 'http://Veikals1.lv/F3-1600C9D-16GXLL', 1, 133.50),
(1428, 2, 'F3-1600C9D-16GXLL', 'http://Veikals2.lv/F3-1600C9D-16GXLL', 0, 125.72),
(1429, 1, 'F4-3200C16D-32GVKA', 'http://Veikals1.lv/F4-3200C16D-32GVKA', 0, 35.15),
(1430, 2, 'F4-3200C16D-32GVKA', 'http://Veikals2.lv/F4-3200C16D-32GVKA', 1, 107.11),
(1431, 1, 'F4-3200C15D-16GVK', 'http://Veikals1.lv/F4-3200C15D-16GVK', 0, 131.86),
(1432, 1, 'CMK64GX4M8A2666C16', 'http://Veikals1.lv/CMK64GX4M8A2666C16', 1, 23.81),
(1433, 2, 'CMK64GX4M8A2666C16', 'http://Veikals2.lv/CMK64GX4M8A2666C16', 0, 52.77),
(1434, 1, 'HX426C15FB/8', 'http://Veikals1.lv/HX426C15FB/8', 1, 20.21),
(1435, 2, 'HX426C15FB/8', 'http://Veikals2.lv/HX426C15FB/8', 1, 79.31),
(1436, 1, 'F3-1600C11D-16GNT', 'http://Veikals1.lv/F3-1600C11D-16GNT', 0, 51.68),
(1437, 1, 'F4-2666C15Q-32GRR', 'http://Veikals1.lv/F4-2666C15Q-32GRR', 1, 132.87),
(1438, 2, 'F4-2666C15Q-32GRR', 'http://Veikals2.lv/F4-2666C15Q-32GRR', 0, 127.89),
(1439, 3, 'F4-2666C15Q-32GRR', 'http://Veikals3.lv/F4-2666C15Q-32GRR', 1, 125.41),
(1440, 1, 'F3-12800CL9Q-8GBZL', 'http://Veikals1.lv/F3-12800CL9Q-8GBZL', 0, 60.44),
(1441, 2, 'F3-12800CL9Q-8GBZL', 'http://Veikals2.lv/F3-12800CL9Q-8GBZL', 0, 77.41),
(1442, 1, 'F4-2400C14D-32GVK', 'http://Veikals1.lv/F4-2400C14D-32GVK', 0, 60.83),
(1443, 2, 'F4-2400C14D-32GVK', 'http://Veikals2.lv/F4-2400C14D-32GVK', 1, 25.89),
(1444, 3, 'F4-2400C14D-32GVK', 'http://Veikals3.lv/F4-2400C14D-32GVK', 0, 68.68),
(1445, 1, 'HX430C15SB2/8', 'http://Veikals1.lv/HX430C15SB2/8', 1, 42.22),
(1446, 2, 'HX430C15SB2/8', 'http://Veikals2.lv/HX430C15SB2/8', 0, 90.23),
(1447, 3, 'HX430C15SB2/8', 'http://Veikals3.lv/HX430C15SB2/8', 0, 29.23),
(1448, 1, 'BLT4G4D26AFTA', 'http://Veikals1.lv/BLT4G4D26AFTA', 1, 33.90),
(1449, 1, 'PVE416G320C6KRD', 'http://Veikals1.lv/PVE416G320C6KRD', 1, 40.27),
(1450, 2, 'PVE416G320C6KRD', 'http://Veikals2.lv/PVE416G320C6KRD', 1, 84.72),
(1451, 3, 'PVE416G320C6KRD', 'http://Veikals3.lv/PVE416G320C6KRD', 1, 132.81),
(1452, 1, 'F3-14900CL9D-4GBXM', 'http://Veikals1.lv/F3-14900CL9D-4GBXM', 0, 38.29),
(1453, 2, 'F3-14900CL9D-4GBXM', 'http://Veikals2.lv/F3-14900CL9D-4GBXM', 0, 113.59),
(1454, 3, 'F3-14900CL9D-4GBXM', 'http://Veikals3.lv/F3-14900CL9D-4GBXM', 0, 90.99),
(1455, 1, 'CMD64GX4M8B2800C14', 'http://Veikals1.lv/CMD64GX4M8B2800C14', 1, 85.66),
(1456, 2, 'CMD64GX4M8B2800C14', 'http://Veikals2.lv/CMD64GX4M8B2800C14', 0, 110.31),
(1457, 1, 'BLE2K4G3D21BCE1J', 'http://Veikals1.lv/BLE2K4G3D21BCE1J', 0, 72.55),
(1458, 1, 'HX321C11T3K2/8', 'http://Veikals1.lv/HX321C11T3K2/8', 0, 24.65),
(1459, 1, 'HX430C15SB2K2/16', 'http://Veikals1.lv/HX430C15SB2K2/16', 0, 41.57),
(1460, 2, 'HX430C15SB2K2/16', 'http://Veikals2.lv/HX430C15SB2K2/16', 1, 119.67),
(1461, 1, 'BLT8G4D26AFTA', 'http://Veikals1.lv/BLT8G4D26AFTA', 1, 61.32),
(1462, 2, 'BLT8G4D26AFTA', 'http://Veikals2.lv/BLT8G4D26AFTA', 0, 129.62),
(1463, 1, 'F4-3200C15Q-32GVR', 'http://Veikals1.lv/F4-3200C15Q-32GVR', 1, 101.28),
(1464, 1, 'F3-1600C11S-4GIS', 'http://Veikals1.lv/F3-1600C11S-4GIS', 0, 68.98),
(1465, 2, 'F3-1600C11S-4GIS', 'http://Veikals2.lv/F3-1600C11S-4GIS', 1, 84.45),
(1466, 3, 'F3-1600C11S-4GIS', 'http://Veikals3.lv/F3-1600C11S-4GIS', 0, 93.66),
(1467, 1, 'F4-2400C15D-16GRR', 'http://Veikals1.lv/F4-2400C15D-16GRR', 0, 85.86),
(1468, 2, 'F4-2400C15D-16GRR', 'http://Veikals2.lv/F4-2400C15D-16GRR', 1, 120.66),
(1469, 1, 'CMK64GX4M4A2400C14', 'http://Veikals1.lv/CMK64GX4M4A2400C14', 1, 106.61),
(1470, 1, 'AVD3U16001108G-1CIG', 'http://Veikals1.lv/AVD3U16001108G-1CIG', 1, 72.33),
(1471, 1, 'CMK8GX4M1A2666C16R', 'http://Veikals1.lv/CMK8GX4M1A2666C16R', 0, 64.06),
(1472, 2, 'CMK8GX4M1A2666C16R', 'http://Veikals2.lv/CMK8GX4M1A2666C16R', 0, 30.37),
(1473, 3, 'CMK8GX4M1A2666C16R', 'http://Veikals3.lv/CMK8GX4M1A2666C16R', 0, 98.62),
(1474, 1, 'F4-2666C15Q-16GVR', 'http://Veikals1.lv/F4-2666C15Q-16GVR', 1, 72.11),
(1475, 2, 'F4-2666C15Q-16GVR', 'http://Veikals2.lv/F4-2666C15Q-16GVR', 1, 131.68),
(1476, 3, 'F4-2666C15Q-16GVR', 'http://Veikals3.lv/F4-2666C15Q-16GVR', 1, 66.54),
(1477, 1, 'F4-3000C15D-8GVRB', 'http://Veikals1.lv/F4-3000C15D-8GVRB', 1, 71.54),
(1478, 2, 'F4-3000C15D-8GVRB', 'http://Veikals2.lv/F4-3000C15D-8GVRB', 1, 61.12),
(1479, 1, 'F4-3200C15D-32GVK', 'http://Veikals1.lv/F4-3200C15D-32GVK', 1, 105.88),
(1480, 1, 'HX428C14SB2K2/16', 'http://Veikals1.lv/HX428C14SB2K2/16', 1, 124.79),
(1481, 1, 'BLT2KIT8G3D1608DT1TX0', 'http://Veikals1.lv/BLT2KIT8G3D1608DT1TX0', 1, 71.81),
(1482, 1, 'F3-10666CL9Q-16GBXL', 'http://Veikals1.lv/F3-10666CL9Q-16GBXL', 0, 20.54),
(1483, 2, 'F3-10666CL9Q-16GBXL', 'http://Veikals2.lv/F3-10666CL9Q-16GBXL', 1, 76.47),
(1484, 3, 'F3-10666CL9Q-16GBXL', 'http://Veikals3.lv/F3-10666CL9Q-16GBXL', 0, 134.81),
(1485, 1, 'F4-3000C15Q-16GRK', 'http://Veikals1.lv/F4-3000C15Q-16GRK', 0, 14.60),
(1486, 1, 'F4-3000C14Q2-128GVKD', 'http://Veikals1.lv/F4-3000C14Q2-128GVKD', 1, 36.04),
(1487, 2, 'F4-3000C14Q2-128GVKD', 'http://Veikals2.lv/F4-3000C14Q2-128GVKD', 1, 139.08),
(1488, 3, 'F4-3000C14Q2-128GVKD', 'http://Veikals3.lv/F4-3000C14Q2-128GVKD', 1, 93.28),
(1489, 1, 'AVD3U16001104G-1CW', 'http://Veikals1.lv/AVD3U16001104G-1CW', 1, 21.71),
(1490, 2, 'AVD3U16001104G-1CW', 'http://Veikals2.lv/AVD3U16001104G-1CW', 1, 111.72),
(1491, 1, 'CT16G4DFD8213', 'http://Veikals1.lv/CT16G4DFD8213', 0, 134.67),
(1492, 2, 'CT16G4DFD8213', 'http://Veikals2.lv/CT16G4DFD8213', 0, 13.40),
(1493, 1, '997029', 'http://Veikals1.lv/997029', 0, 126.71),
(1494, 2, '997029', 'http://Veikals2.lv/997029', 1, 24.27),
(1495, 3, '997029', 'http://Veikals3.lv/997029', 0, 62.11),
(1496, 1, 'F4-3200C16Q-16GRK', 'http://Veikals1.lv/F4-3200C16Q-16GRK', 0, 18.30),
(1497, 2, 'F4-3200C16Q-16GRK', 'http://Veikals2.lv/F4-3200C16Q-16GRK', 1, 67.05),
(1498, 1, 'F4-3200C15Q-64GTZ', 'http://Veikals1.lv/F4-3200C15Q-64GTZ', 0, 42.03),
(1499, 2, 'F4-3200C15Q-64GTZ', 'http://Veikals2.lv/F4-3200C15Q-64GTZ', 0, 114.06),
(1500, 3, 'F4-3200C15Q-64GTZ', 'http://Veikals3.lv/F4-3200C15Q-64GTZ', 0, 75.86),
(1501, 1, 'F4-3333C16D-16GTZ', 'http://Veikals1.lv/F4-3333C16D-16GTZ', 1, 95.33),
(1502, 2, 'F4-3333C16D-16GTZ', 'http://Veikals2.lv/F4-3333C16D-16GTZ', 0, 98.19),
(1503, 1, 'BLE8G3D21BCE1', 'http://Veikals1.lv/BLE8G3D21BCE1', 1, 33.99),
(1504, 1, 'HX428C14PB2K4/16', 'http://Veikals1.lv/HX428C14PB2K4/16', 0, 74.31),
(1505, 1, '994017', 'http://Veikals1.lv/994017', 1, 58.07),
(1506, 2, '994017', 'http://Veikals2.lv/994017', 1, 139.45),
(1507, 1, 'F4-3000C15Q-32GVRB', 'http://Veikals1.lv/F4-3000C15Q-32GVRB', 1, 13.76),
(1508, 1, 'CMK64GX4M4B3333C16', 'http://Veikals1.lv/CMK64GX4M4B3333C16', 1, 26.21),
(1509, 2, 'CMK64GX4M4B3333C16', 'http://Veikals2.lv/CMK64GX4M4B3333C16', 0, 128.70),
(1510, 1, 'T4070716', 'http://Veikals1.lv/T4070716', 0, 42.82),
(1511, 2, 'T4070716', 'http://Veikals2.lv/T4070716', 0, 25.18),
(1512, 3, 'T4070716', 'http://Veikals3.lv/T4070716', 0, 90.08),
(1513, 1, 'HX428C14SB2K2/8', 'http://Veikals1.lv/HX428C14SB2K2/8', 0, 61.93),
(1514, 2, 'HX428C14SB2K2/8', 'http://Veikals2.lv/HX428C14SB2K2/8', 1, 131.92),
(1515, 3, 'HX428C14SB2K2/8', 'http://Veikals3.lv/HX428C14SB2K2/8', 1, 124.06),
(1516, 1, '994018', 'http://Veikals1.lv/994018', 0, 103.53),
(1517, 2, '994018', 'http://Veikals2.lv/994018', 0, 62.91),
(1518, 1, 'F4-3200C16Q-32GVKB', 'http://Veikals1.lv/F4-3200C16Q-32GVKB', 0, 25.69),
(1519, 1, 'F4-2133C15S-16GIS', 'http://Veikals1.lv/F4-2133C15S-16GIS', 1, 18.67),
(1520, 1, 'F3-2400C11Q-32GAB', 'http://Veikals1.lv/F3-2400C11Q-32GAB', 1, 46.94),
(1521, 1, 'F4-3000C14Q2-64GTZ', 'http://Veikals1.lv/F4-3000C14Q2-64GTZ', 1, 123.08),
(1522, 2, 'F4-3000C14Q2-64GTZ', 'http://Veikals2.lv/F4-3000C14Q2-64GTZ', 1, 14.30),
(1523, 3, 'F4-3000C14Q2-64GTZ', 'http://Veikals3.lv/F4-3000C14Q2-64GTZ', 1, 23.85),
(1524, 1, 'BLT4G3D1869DT2TXOB', 'http://Veikals1.lv/BLT4G3D1869DT2TXOB', 0, 32.34),
(1525, 2, 'BLT4G3D1869DT2TXOB', 'http://Veikals2.lv/BLT4G3D1869DT2TXOB', 1, 103.05),
(1526, 1, 'F3-10666CL9S-4GBRL', 'http://Veikals1.lv/F3-10666CL9S-4GBRL', 0, 133.02),
(1527, 2, 'F3-10666CL9S-4GBRL', 'http://Veikals2.lv/F3-10666CL9S-4GBRL', 0, 124.08),
(1528, 3, 'F3-10666CL9S-4GBRL', 'http://Veikals3.lv/F3-10666CL9S-4GBRL', 0, 100.57),
(1529, 1, 'F3-2133C9D-8GAB', 'http://Veikals1.lv/F3-2133C9D-8GAB', 1, 91.20),
(1530, 2, 'F3-2133C9D-8GAB', 'http://Veikals2.lv/F3-2133C9D-8GAB', 1, 137.41),
(1531, 1, 'F3-10600CL8D-4GBHK', 'http://Veikals1.lv/F3-10600CL8D-4GBHK', 1, 19.35),
(1532, 1, 'F3-2133C10D-8GAB', 'http://Veikals1.lv/F3-2133C10D-8GAB', 1, 117.36),
(1533, 1, 'AA160D3N/8G', 'http://Veikals1.lv/AA160D3N/8G', 1, 101.47),
(1534, 2, 'AA160D3N/8G', 'http://Veikals2.lv/AA160D3N/8G', 0, 110.84),
(1535, 3, 'AA160D3N/8G', 'http://Veikals3.lv/AA160D3N/8G', 1, 125.20),
(1536, 1, 'PVE416G280C6KBL', 'http://Veikals1.lv/PVE416G280C6KBL', 1, 132.46),
(1537, 2, 'PVE416G280C6KBL', 'http://Veikals2.lv/PVE416G280C6KBL', 0, 54.47),
(1538, 1, 'T4070812', 'http://Veikals1.lv/T4070812', 1, 137.75),
(1539, 2, 'T4070812', 'http://Veikals2.lv/T4070812', 0, 109.93),
(1540, 3, 'T4070812', 'http://Veikals3.lv/T4070812', 0, 37.28),
(1541, 1, 'AVD3U16001104G-2CIG', 'http://Veikals1.lv/AVD3U16001104G-2CIG', 0, 48.03),
(1542, 2, 'AVD3U16001104G-2CIG', 'http://Veikals2.lv/AVD3U16001104G-2CIG', 1, 118.08),
(1543, 1, 'BLE4G3D1869DE1TX0', 'http://Veikals1.lv/BLE4G3D1869DE1TX0', 1, 115.19),
(1544, 2, 'BLE4G3D1869DE1TX0', 'http://Veikals2.lv/BLE4G3D1869DE1TX0', 0, 55.86),
(1545, 1, '996995S', 'http://Veikals1.lv/996995S', 0, 63.49),
(1546, 1, 'F4-2666C15D-16GVS', 'http://Veikals1.lv/F4-2666C15D-16GVS', 0, 95.30),
(1547, 2, 'F4-2666C15D-16GVS', 'http://Veikals2.lv/F4-2666C15D-16GVS', 0, 21.96),
(1548, 1, 'CML8GX3M1C1600C9', 'http://Veikals1.lv/CML8GX3M1C1600C9', 0, 94.11),
(1549, 1, 'CMK32GX4M2A2800C16', 'http://Veikals1.lv/CMK32GX4M2A2800C16', 0, 136.47),
(1550, 1, 'A2578594-AA', 'http://Veikals1.lv/A2578594-AA', 0, 103.98),
(1551, 2, 'A2578594-AA', 'http://Veikals2.lv/A2578594-AA', 0, 71.60),
(1552, 1, 'F4-3000C15Q-32GRBB', 'http://Veikals1.lv/F4-3000C15Q-32GRBB', 1, 26.05),
(1553, 1, 'HX321C11T2K2/8', 'http://Veikals1.lv/HX321C11T2K2/8', 0, 52.06),
(1554, 1, 'BLT4G3D1608DT2TXOB', 'http://Veikals1.lv/BLT4G3D1608DT2TXOB', 0, 85.10),
(1555, 2, 'BLT4G3D1608DT2TXOB', 'http://Veikals2.lv/BLT4G3D1608DT2TXOB', 0, 127.62),
(1556, 3, 'BLT4G3D1608DT2TXOB', 'http://Veikals3.lv/BLT4G3D1608DT2TXOB', 0, 30.47),
(1557, 1, 'BLS4G4D240FSB', 'http://Veikals1.lv/BLS4G4D240FSB', 0, 134.74),
(1558, 2, 'BLS4G4D240FSB', 'http://Veikals2.lv/BLS4G4D240FSB', 0, 121.77),
(1559, 3, 'BLS4G4D240FSB', 'http://Veikals3.lv/BLS4G4D240FSB', 0, 139.54),
(1560, 1, 'F3-1333C9D-8GIS', 'http://Veikals1.lv/F3-1333C9D-8GIS', 1, 128.98),
(1561, 2, 'F3-1333C9D-8GIS', 'http://Veikals2.lv/F3-1333C9D-8GIS', 1, 17.93),
(1562, 1, 'MES3U1609T4G', 'http://Veikals1.lv/MES3U1609T4G', 1, 53.48),
(1563, 2, 'MES3U1609T4G', 'http://Veikals2.lv/MES3U1609T4G', 0, 85.11),
(1564, 1, 'F4-2666C15S-8GVR', 'http://Veikals1.lv/F4-2666C15S-8GVR', 0, 63.24),
(1565, 2, 'F4-2666C15S-8GVR', 'http://Veikals2.lv/F4-2666C15S-8GVR', 0, 14.40),
(1566, 1, 'BLS4KIT4G3D1609DS1S00', 'http://Veikals1.lv/BLS4KIT4G3D1609DS1S00', 1, 65.08),
(1567, 2, 'BLS4KIT4G3D1609DS1S00', 'http://Veikals2.lv/BLS4KIT4G3D1609DS1S00', 0, 61.69),
(1568, 3, 'BLS4KIT4G3D1609DS1S00', 'http://Veikals3.lv/BLS4KIT4G3D1609DS1S00', 0, 49.01),
(1569, 1, 'F3-10666CL9D-8GBSR', 'http://Veikals1.lv/F3-10666CL9D-8GBSR', 0, 29.71),
(1570, 2, 'F3-10666CL9D-8GBSR', 'http://Veikals2.lv/F3-10666CL9D-8GBSR', 0, 119.00),
(1571, 1, 'F4-2400C15Q-64GVR', 'http://Veikals1.lv/F4-2400C15Q-64GVR', 1, 24.90),
(1572, 2, 'F4-2400C15Q-64GVR', 'http://Veikals2.lv/F4-2400C15Q-64GVR', 1, 111.60),
(1573, 1, 'F4-3000C14Q-64GVK', 'http://Veikals1.lv/F4-3000C14Q-64GVK', 1, 85.17),
(1574, 2, 'F4-3000C14Q-64GVK', 'http://Veikals2.lv/F4-3000C14Q-64GVK', 1, 39.02),
(1575, 3, 'F4-3000C14Q-64GVK', 'http://Veikals3.lv/F4-3000C14Q-64GVK', 1, 11.41),
(1576, 1, 'HX421C14FB/8', 'http://Veikals1.lv/HX421C14FB/8', 1, 10.10),
(1577, 2, 'HX421C14FB/8', 'http://Veikals2.lv/HX421C14FB/8', 1, 96.29),
(1578, 3, 'HX421C14FB/8', 'http://Veikals3.lv/HX421C14FB/8', 1, 36.50),
(1579, 1, 'F3-1600C11S-4GNT', 'http://Veikals1.lv/F3-1600C11S-4GNT', 0, 81.45),
(1580, 2, 'F3-1600C11S-4GNT', 'http://Veikals2.lv/F3-1600C11S-4GNT', 1, 72.89),
(1581, 1, 'F3-2133C11Q-32GAR', 'http://Veikals1.lv/F3-2133C11Q-32GAR', 0, 127.48),
(1582, 1, 'F3-12800CL10S-8GBXL', 'http://Veikals1.lv/F3-12800CL10S-8GBXL', 1, 70.36),
(1583, 2, 'F3-12800CL10S-8GBXL', 'http://Veikals2.lv/F3-12800CL10S-8GBXL', 1, 35.74),
(1584, 3, 'F3-12800CL10S-8GBXL', 'http://Veikals3.lv/F3-12800CL10S-8GBXL', 1, 105.31),
(1585, 1, 'F3-1866C9Q-16GAB', 'http://Veikals1.lv/F3-1866C9Q-16GAB', 1, 57.44),
(1586, 2, 'F3-1866C9Q-16GAB', 'http://Veikals2.lv/F3-1866C9Q-16GAB', 0, 35.93),
(1587, 3, 'F3-1866C9Q-16GAB', 'http://Veikals3.lv/F3-1866C9Q-16GAB', 0, 40.67),
(1588, 1, 'F4-3000C15D-16GVR', 'http://Veikals1.lv/F4-3000C15D-16GVR', 0, 48.28),
(1589, 1, 'CMK8GX4M2A2666C16R', 'http://Veikals1.lv/CMK8GX4M2A2666C16R', 0, 72.18),
(1590, 2, 'CMK8GX4M2A2666C16R', 'http://Veikals2.lv/CMK8GX4M2A2666C16R', 1, 128.31),
(1591, 1, 'HX318C9SR/4', 'http://Veikals1.lv/HX318C9SR/4', 0, 25.94),
(1592, 1, 'F3-10666CL9S-8GBXL', 'http://Veikals1.lv/F3-10666CL9S-8GBXL', 1, 122.52),
(1593, 2, 'F3-10666CL9S-8GBXL', 'http://Veikals2.lv/F3-10666CL9S-8GBXL', 1, 17.32),
(1594, 1, 'F4-3000C15D-16GRBB', 'http://Veikals1.lv/F4-3000C15D-16GRBB', 0, 36.05),
(1595, 1, 'CMK16GX4M4C3200C15', 'http://Veikals1.lv/CMK16GX4M4C3200C15', 1, 110.14),
(1596, 2, 'CMK16GX4M4C3200C15', 'http://Veikals2.lv/CMK16GX4M4C3200C15', 0, 138.42),
(1597, 1, 'F3-14900CL10Q-32GBZL', 'http://Veikals1.lv/F3-14900CL10Q-32GBZL', 1, 131.23),
(1598, 1, 'F3-2400C11Q-32GZM', 'http://Veikals1.lv/F3-2400C11Q-32GZM', 1, 114.19),
(1599, 2, 'F3-2400C11Q-32GZM', 'http://Veikals2.lv/F3-2400C11Q-32GZM', 0, 80.79),
(1600, 1, 'HX424C15FB2K2/16', 'http://Veikals1.lv/HX424C15FB2K2/16', 1, 106.54),
(1601, 1, 'F3-1600C11S-8GIS', 'http://Veikals1.lv/F3-1600C11S-8GIS', 1, 135.85),
(1602, 2, 'F3-1600C11S-8GIS', 'http://Veikals2.lv/F3-1600C11S-8GIS', 0, 90.65),
(1603, 1, 'F3-10600CL9D-4GBNS', 'http://Veikals1.lv/F3-10600CL9D-4GBNS', 0, 22.41),
(1604, 2, 'F3-10600CL9D-4GBNS', 'http://Veikals2.lv/F3-10600CL9D-4GBNS', 0, 83.96),
(1605, 1, 'F3-10666CL8D-4GBXM', 'http://Veikals1.lv/F3-10666CL8D-4GBXM', 0, 93.59),
(1606, 2, 'F3-10666CL8D-4GBXM', 'http://Veikals2.lv/F3-10666CL8D-4GBXM', 1, 139.64),
(1607, 3, 'F3-10666CL8D-4GBXM', 'http://Veikals3.lv/F3-10666CL8D-4GBXM', 0, 123.10),
(1608, 1, 'F4-2800C16D-16GRR', 'http://Veikals1.lv/F4-2800C16D-16GRR', 1, 128.44),
(1609, 2, 'F4-2800C16D-16GRR', 'http://Veikals2.lv/F4-2800C16D-16GRR', 0, 85.82),
(1610, 1, 'F4-3200C16Q-32GTZB', 'http://Veikals1.lv/F4-3200C16Q-32GTZB', 1, 92.98),
(1611, 1, 'A3414614-AA', 'http://Veikals1.lv/A3414614-AA', 0, 139.66),
(1612, 2, 'A3414614-AA', 'http://Veikals2.lv/A3414614-AA', 0, 123.61),
(1613, 1, 'F3-2400C11D-16GXM', 'http://Veikals1.lv/F3-2400C11D-16GXM', 1, 25.44),
(1614, 1, '997018', 'http://Veikals1.lv/997018', 1, 94.23),
(1615, 2, '997018', 'http://Veikals2.lv/997018', 1, 74.80),
(1616, 3, '997018', 'http://Veikals3.lv/997018', 1, 58.22),
(1617, 1, 'F3-2133C9Q-16GZH', 'http://Veikals1.lv/F3-2133C9Q-16GZH', 0, 131.13),
(1618, 2, 'F3-2133C9Q-16GZH', 'http://Veikals2.lv/F3-2133C9Q-16GZH', 1, 38.38),
(1619, 1, 'F4-2400C15Q-32GRB', 'http://Veikals1.lv/F4-2400C15Q-32GRB', 1, 92.69),
(1620, 2, 'F4-2400C15Q-32GRB', 'http://Veikals2.lv/F4-2400C15Q-32GRB', 0, 121.23),
(1621, 1, 'F4-3200C16Q-16GVK', 'http://Veikals1.lv/F4-3200C16Q-16GVK', 1, 115.07),
(1622, 2, 'F4-3200C16Q-16GVK', 'http://Veikals2.lv/F4-3200C16Q-16GVK', 1, 34.84),
(1623, 3, 'F4-3200C16Q-16GVK', 'http://Veikals3.lv/F4-3200C16Q-16GVK', 1, 40.53),
(1624, 1, 'F4-2800C15D-8GVRB', 'http://Veikals1.lv/F4-2800C15D-8GVRB', 0, 80.40),
(1625, 2, 'F4-2800C15D-8GVRB', 'http://Veikals2.lv/F4-2800C15D-8GVRB', 0, 72.19),
(1626, 1, 'TLRED48G3000HC16ADC01', 'http://Veikals1.lv/TLRED48G3000HC16ADC01', 0, 115.39),
(1627, 2, 'TLRED48G3000HC16ADC01', 'http://Veikals2.lv/TLRED48G3000HC16ADC01', 1, 49.23),
(1628, 3, 'TLRED48G3000HC16ADC01', 'http://Veikals3.lv/TLRED48G3000HC16ADC01', 0, 124.34),
(1629, 1, 'BLT4K4G4D26AFTA', 'http://Veikals1.lv/BLT4K4G4D26AFTA', 0, 22.54),
(1630, 2, 'BLT4K4G4D26AFTA', 'http://Veikals2.lv/BLT4K4G4D26AFTA', 1, 85.21),
(1631, 3, 'BLT4K4G4D26AFTA', 'http://Veikals3.lv/BLT4K4G4D26AFTA', 0, 35.29),
(1632, 1, 'F4-3200C16D-8GTZ', 'http://Veikals1.lv/F4-3200C16D-8GTZ', 0, 58.37),
(1633, 1, 'VH638AT-AA', 'http://Veikals1.lv/VH638AT-AA', 0, 83.73),
(1634, 2, 'VH638AT-AA', 'http://Veikals2.lv/VH638AT-AA', 1, 83.33),
(1635, 3, 'VH638AT-AA', 'http://Veikals3.lv/VH638AT-AA', 1, 120.00),
(1636, 1, 'BLS2K4G3D169DS3J', 'http://Veikals1.lv/BLS2K4G3D169DS3J', 1, 133.83),
(1637, 1, 'F4-2800C15D-16GVSB', 'http://Veikals1.lv/F4-2800C15D-16GVSB', 0, 50.61),
(1638, 2, 'F4-2800C15D-16GVSB', 'http://Veikals2.lv/F4-2800C15D-16GVSB', 1, 91.58),
(1639, 1, 'F4-3200C16D-32GVR', 'http://Veikals1.lv/F4-3200C16D-32GVR', 1, 55.28),
(1640, 2, 'F4-3200C16D-32GVR', 'http://Veikals2.lv/F4-3200C16D-32GVR', 1, 71.02),
(1641, 1, 'CMK4GX4M1A2400C16', 'http://Veikals1.lv/CMK4GX4M1A2400C16', 1, 56.53),
(1642, 1, 'F4-2666C15D-8GRR', 'http://Veikals1.lv/F4-2666C15D-8GRR', 1, 42.13),
(1643, 2, 'F4-2666C15D-8GRR', 'http://Veikals2.lv/F4-2666C15D-8GRR', 0, 45.85),
(1644, 1, 'F4-3000C14D-16GTZ', 'http://Veikals1.lv/F4-3000C14D-16GTZ', 1, 69.94),
(1645, 1, 'CMD16GX4M4C3200C16', 'http://Veikals1.lv/CMD16GX4M4C3200C16', 1, 136.49),
(1646, 2, 'CMD16GX4M4C3200C16', 'http://Veikals2.lv/CMD16GX4M4C3200C16', 0, 135.30),
(1647, 1, 'F3-1600C10D-16GAB', 'http://Veikals1.lv/F3-1600C10D-16GAB', 1, 48.46),
(1648, 2, 'F3-1600C10D-16GAB', 'http://Veikals2.lv/F3-1600C10D-16GAB', 1, 121.52),
(1649, 1, 'AA1066D3N7/4G', 'http://Veikals1.lv/AA1066D3N7/4G', 0, 136.53),
(1650, 2, 'AA1066D3N7/4G', 'http://Veikals2.lv/AA1066D3N7/4G', 0, 112.05),
(1651, 1, 'F3-1333C9S-4GNS', 'http://Veikals1.lv/F3-1333C9S-4GNS', 0, 49.62),
(1652, 2, 'F3-1333C9S-4GNS', 'http://Veikals2.lv/F3-1333C9S-4GNS', 1, 135.04),
(1653, 3, 'F3-1333C9S-4GNS', 'http://Veikals3.lv/F3-1333C9S-4GNS', 0, 19.34),
(1654, 1, 'F4-3000C15D-8GTZ', 'http://Veikals1.lv/F4-3000C15D-8GTZ', 0, 38.34),
(1655, 1, 'HX324C11T3K4/16', 'http://Veikals1.lv/HX324C11T3K4/16', 1, 18.21),
(1656, 2, 'HX324C11T3K4/16', 'http://Veikals2.lv/HX324C11T3K4/16', 1, 115.37),
(1657, 1, 'F3-12800CL9T-12GBRL', 'http://Veikals1.lv/F3-12800CL9T-12GBRL', 1, 14.82),
(1658, 1, 'F3-17000CL9D-8GBXM', 'http://Veikals1.lv/F3-17000CL9D-8GBXM', 0, 119.89),
(1659, 2, 'F3-17000CL9D-8GBXM', 'http://Veikals2.lv/F3-17000CL9D-8GBXM', 1, 53.95),
(1660, 1, 'F4-3200C15Q-64GVR', 'http://Veikals1.lv/F4-3200C15Q-64GVR', 0, 103.14),
(1661, 2, 'F4-3200C15Q-64GVR', 'http://Veikals2.lv/F4-3200C15Q-64GVR', 1, 117.54),
(1662, 1, 'F3-1600C11D-8GNS', 'http://Veikals1.lv/F3-1600C11D-8GNS', 1, 129.15),
(1663, 2, 'F3-1600C11D-8GNS', 'http://Veikals2.lv/F3-1600C11D-8GNS', 1, 47.46),
(1664, 1, 'F4-3200C16Q-16GTZ', 'http://Veikals1.lv/F4-3200C16Q-16GTZ', 0, 69.83),
(1665, 2, 'F4-3200C16Q-16GTZ', 'http://Veikals2.lv/F4-3200C16Q-16GTZ', 0, 56.85),
(1666, 3, 'F4-3200C16Q-16GTZ', 'http://Veikals3.lv/F4-3200C16Q-16GTZ', 0, 69.07),
(1667, 1, 'KHX16C9T3K2/8X', 'http://Veikals1.lv/KHX16C9T3K2/8X', 1, 91.62),
(1668, 2, 'KHX16C9T3K2/8X', 'http://Veikals2.lv/KHX16C9T3K2/8X', 1, 92.93),
(1669, 3, 'KHX16C9T3K2/8X', 'http://Veikals3.lv/KHX16C9T3K2/8X', 1, 55.16),
(1670, 1, 'HX424C12SB2/8', 'http://Veikals1.lv/HX424C12SB2/8', 1, 124.66),
(1671, 2, 'HX424C12SB2/8', 'http://Veikals2.lv/HX424C12SB2/8', 1, 16.85),
(1672, 3, 'HX424C12SB2/8', 'http://Veikals3.lv/HX424C12SB2/8', 1, 66.38),
(1673, 1, 'CMK16GX4M2A2400C14R', 'http://Veikals1.lv/CMK16GX4M2A2400C14R', 1, 21.88),
(1674, 1, 'AVD3U16001108G-1CW', 'http://Veikals1.lv/AVD3U16001108G-1CW', 1, 96.09),
(1675, 2, 'AVD3U16001108G-1CW', 'http://Veikals2.lv/AVD3U16001108G-1CW', 0, 47.16),
(1676, 3, 'AVD3U16001108G-1CW', 'http://Veikals3.lv/AVD3U16001108G-1CW', 0, 80.74),
(1677, 1, '992030', 'http://Veikals1.lv/992030', 0, 77.92),
(1678, 1, 'F3-12800CL7Q-16GBZM', 'http://Veikals1.lv/F3-12800CL7Q-16GBZM', 0, 25.16),
(1679, 2, 'F3-12800CL7Q-16GBZM', 'http://Veikals2.lv/F3-12800CL7Q-16GBZM', 1, 36.65),
(1680, 3, 'F3-12800CL7Q-16GBZM', 'http://Veikals3.lv/F3-12800CL7Q-16GBZM', 0, 95.95),
(1681, 1, 'F4-2133C15Q-64GVR', 'http://Veikals1.lv/F4-2133C15Q-64GVR', 0, 56.30),
(1682, 1, 'CMK16GX4M2A2133C13R', 'http://Veikals1.lv/CMK16GX4M2A2133C13R', 1, 71.63),
(1683, 2, 'CMK16GX4M2A2133C13R', 'http://Veikals2.lv/CMK16GX4M2A2133C13R', 0, 132.49),
(1684, 1, 'TPD38G1600C11DC01', 'http://Veikals1.lv/TPD38G1600C11DC01', 0, 112.87),
(1685, 2, 'TPD38G1600C11DC01', 'http://Veikals2.lv/TPD38G1600C11DC01', 0, 12.91),
(1686, 1, 'HX424C15FBK4/16', 'http://Veikals1.lv/HX424C15FBK4/16', 0, 136.20),
(1687, 2, 'HX424C15FBK4/16', 'http://Veikals2.lv/HX424C15FBK4/16', 0, 113.68),
(1688, 3, 'HX424C15FBK4/16', 'http://Veikals3.lv/HX424C15FBK4/16', 0, 61.98),
(1689, 1, 'F3-1333C9D-16GIS', 'http://Veikals1.lv/F3-1333C9D-16GIS', 1, 18.04),
(1690, 2, 'F3-1333C9D-16GIS', 'http://Veikals2.lv/F3-1333C9D-16GIS', 0, 59.85),
(1691, 3, 'F3-1333C9D-16GIS', 'http://Veikals3.lv/F3-1333C9D-16GIS', 0, 53.41),
(1692, 1, 'F4-2800C16D-8GVR', 'http://Veikals1.lv/F4-2800C16D-8GVR', 0, 63.23),
(1693, 2, 'F4-2800C16D-8GVR', 'http://Veikals2.lv/F4-2800C16D-8GVR', 1, 90.42),
(1694, 3, 'F4-2800C16D-8GVR', 'http://Veikals3.lv/F4-2800C16D-8GVR', 0, 63.20),
(1695, 1, 'F4-3200C15D-32GVR', 'http://Veikals1.lv/F4-3200C15D-32GVR', 1, 20.54),
(1696, 2, 'F4-3200C15D-32GVR', 'http://Veikals2.lv/F4-3200C15D-32GVR', 0, 89.11),
(1697, 1, 'BLT2K4G3D1608ET3LX0', 'http://Veikals1.lv/BLT2K4G3D1608ET3LX0', 1, 117.89),
(1698, 2, 'BLT2K4G3D1608ET3LX0', 'http://Veikals2.lv/BLT2K4G3D1608ET3LX0', 0, 107.38),
(1699, 1, 'PSD38G1600KH', 'http://Veikals1.lv/PSD38G1600KH', 1, 137.30),
(1700, 2, 'PSD38G1600KH', 'http://Veikals2.lv/PSD38G1600KH', 1, 73.06),
(1701, 1, 'AA1333D3N9/2G', 'http://Veikals1.lv/AA1333D3N9/2G', 1, 82.88),
(1702, 2, 'AA1333D3N9/2G', 'http://Veikals2.lv/AA1333D3N9/2G', 0, 54.62),
(1703, 3, 'AA1333D3N9/2G', 'http://Veikals3.lv/AA1333D3N9/2G', 0, 78.07),
(1704, 1, 'HX318C9T2K4/16', 'http://Veikals1.lv/HX318C9T2K4/16', 1, 115.11),
(1705, 2, 'HX318C9T2K4/16', 'http://Veikals2.lv/HX318C9T2K4/16', 1, 32.42),
(1706, 1, 'BLS4CP8G3D1609DS1S00BEU', 'http://Veikals1.lv/BLS4CP8G3D1609DS1S00BEU', 0, 68.60),
(1707, 2, 'BLS4CP8G3D1609DS1S00BEU', 'http://Veikals2.lv/BLS4CP8G3D1609DS1S00BEU', 1, 119.62),
(1708, 1, 'BLS2K16G4D240FSE', 'http://Veikals1.lv/BLS2K16G4D240FSE', 1, 130.75),
(1709, 2, 'BLS2K16G4D240FSE', 'http://Veikals2.lv/BLS2K16G4D240FSE', 1, 41.43),
(1710, 3, 'BLS2K16G4D240FSE', 'http://Veikals3.lv/BLS2K16G4D240FSE', 1, 46.18),
(1711, 1, 'CML4GX3M1C1600C9', 'http://Veikals1.lv/CML4GX3M1C1600C9', 1, 95.35),
(1712, 1, 'HX426C15FBK4/32', 'http://Veikals1.lv/HX426C15FBK4/32', 1, 23.28),
(1713, 1, 'F4-2133C15Q-16GRR', 'http://Veikals1.lv/F4-2133C15Q-16GRR', 0, 35.84),
(1714, 2, 'F4-2133C15Q-16GRR', 'http://Veikals2.lv/F4-2133C15Q-16GRR', 1, 99.67),
(1715, 3, 'F4-2133C15Q-16GRR', 'http://Veikals3.lv/F4-2133C15Q-16GRR', 1, 116.86),
(1716, 1, 'F4-3333C16Q-32GVR', 'http://Veikals1.lv/F4-3333C16Q-32GVR', 1, 113.55),
(1717, 1, 'HX426C13SB2K2/8', 'http://Veikals1.lv/HX426C13SB2K2/8', 1, 79.43),
(1718, 2, 'HX426C13SB2K2/8', 'http://Veikals2.lv/HX426C13SB2K2/8', 1, 139.61),
(1719, 1, 'BLT2KIT8G3D1608DT2TXRG', 'http://Veikals1.lv/BLT2KIT8G3D1608DT2TXRG', 1, 138.14),
(1720, 2, 'BLT2KIT8G3D1608DT2TXRG', 'http://Veikals2.lv/BLT2KIT8G3D1608DT2TXRG', 0, 132.54),
(1721, 3, 'BLT2KIT8G3D1608DT2TXRG', 'http://Veikals3.lv/BLT2KIT8G3D1608DT2TXRG', 1, 86.34),
(1722, 1, 'F3-12800CL10Q-32GBZL', 'http://Veikals1.lv/F3-12800CL10Q-32GBZL', 1, 38.13),
(1723, 2, 'F3-12800CL10Q-32GBZL', 'http://Veikals2.lv/F3-12800CL10Q-32GBZL', 1, 108.29),
(1724, 1, 'F3-2400C10D-8GZH', 'http://Veikals1.lv/F3-2400C10D-8GZH', 1, 74.47),
(1725, 2, 'F3-2400C10D-8GZH', 'http://Veikals2.lv/F3-2400C10D-8GZH', 0, 125.71),
(1726, 1, 'F4-3000C15Q-16GVRB', 'http://Veikals1.lv/F4-3000C15Q-16GVRB', 1, 69.14),
(1727, 1, 'F4-2800C14Q-64GVK', 'http://Veikals1.lv/F4-2800C14Q-64GVK', 1, 10.39),
(1728, 2, 'F4-2800C14Q-64GVK', 'http://Veikals2.lv/F4-2800C14Q-64GVK', 0, 95.45),
(1729, 1, 'CML8GX3M2C1600C9R', 'http://Veikals1.lv/CML8GX3M2C1600C9R', 1, 99.12),
(1730, 1, 'F3-1600C7Q-32GTX', 'http://Veikals1.lv/F3-1600C7Q-32GTX', 1, 20.27),
(1731, 1, 'F4-3200C16D-8GVRB', 'http://Veikals1.lv/F4-3200C16D-8GVRB', 1, 18.49),
(1732, 2, 'F4-3200C16D-8GVRB', 'http://Veikals2.lv/F4-3200C16D-8GVRB', 1, 81.48),
(1733, 1, 'F4-3200C15Q-32GVK', 'http://Veikals1.lv/F4-3200C15Q-32GVK', 1, 56.16),
(1734, 1, 'CMK16GX4M4A2400C16R', 'http://Veikals1.lv/CMK16GX4M4A2400C16R', 1, 86.87),
(1735, 1, 'HX318C9SRK4/32', 'http://Veikals1.lv/HX318C9SRK4/32', 0, 51.12),
(1736, 2, 'HX318C9SRK4/32', 'http://Veikals2.lv/HX318C9SRK4/32', 0, 113.78),
(1737, 3, 'HX318C9SRK4/32', 'http://Veikals3.lv/HX318C9SRK4/32', 0, 55.86),
(1738, 1, 'F3-1866C9Q-32GXM', 'http://Veikals1.lv/F3-1866C9Q-32GXM', 0, 130.36),
(1739, 2, 'F3-1866C9Q-32GXM', 'http://Veikals2.lv/F3-1866C9Q-32GXM', 0, 33.38),
(1740, 3, 'F3-1866C9Q-32GXM', 'http://Veikals3.lv/F3-1866C9Q-32GXM', 1, 21.67),
(1741, 1, 'F4-2400C15D-8GNT', 'http://Veikals1.lv/F4-2400C15D-8GNT', 1, 68.31),
(1742, 1, 'F4-3200C15D-32GTZ', 'http://Veikals1.lv/F4-3200C15D-32GTZ', 0, 137.77),
(1743, 1, 'F4-2400C15Q-16GRR', 'http://Veikals1.lv/F4-2400C15Q-16GRR', 0, 98.89),
(1744, 2, 'F4-2400C15Q-16GRR', 'http://Veikals2.lv/F4-2400C15Q-16GRR', 1, 127.21),
(1745, 3, 'F4-2400C15Q-16GRR', 'http://Veikals3.lv/F4-2400C15Q-16GRR', 0, 39.29),
(1746, 1, 'F3-2133C10D-8GXM', 'http://Veikals1.lv/F3-2133C10D-8GXM', 0, 58.22),
(1747, 2, 'F3-2133C10D-8GXM', 'http://Veikals2.lv/F3-2133C10D-8GXM', 1, 113.39),
(1748, 1, 'CMY8GX3M2B2133C11', 'http://Veikals1.lv/CMY8GX3M2B2133C11', 0, 50.97),
(1749, 2, 'CMY8GX3M2B2133C11', 'http://Veikals2.lv/CMY8GX3M2B2133C11', 1, 12.64),
(1750, 1, 'HX324C11SRK2/8', 'http://Veikals1.lv/HX324C11SRK2/8', 0, 77.39),
(1751, 2, 'HX324C11SRK2/8', 'http://Veikals2.lv/HX324C11SRK2/8', 1, 98.65),
(1752, 3, 'HX324C11SRK2/8', 'http://Veikals3.lv/HX324C11SRK2/8', 0, 41.84),
(1753, 1, 'F3-1333C9D-8GAO', 'http://Veikals1.lv/F3-1333C9D-8GAO', 0, 63.08),
(1754, 1, 'F4-2666C15D-16GRR', 'http://Veikals1.lv/F4-2666C15D-16GRR', 0, 17.83),
(1755, 1, 'F4-2800C15Q-16GVRB', 'http://Veikals1.lv/F4-2800C15Q-16GVRB', 1, 137.11),
(1756, 1, 'CMD8GX3M2A3200C13', 'http://Veikals1.lv/CMD8GX3M2A3200C13', 0, 98.05),
(1757, 2, 'CMD8GX3M2A3200C13', 'http://Veikals2.lv/CMD8GX3M2A3200C13', 1, 90.75),
(1758, 1, 'A3708120-AA', 'http://Veikals1.lv/A3708120-AA', 0, 77.49),
(1759, 1, 'F4-2133C15D-8GRR', 'http://Veikals1.lv/F4-2133C15D-8GRR', 0, 72.41),
(1760, 2, 'F4-2133C15D-8GRR', 'http://Veikals2.lv/F4-2133C15D-8GRR', 1, 124.74),
(1761, 3, 'F4-2133C15D-8GRR', 'http://Veikals3.lv/F4-2133C15D-8GRR', 0, 10.56),
(1762, 1, 'HX430C16PBK2/32', 'http://Veikals1.lv/HX430C16PBK2/32', 1, 82.82),
(1763, 2, 'HX430C16PBK2/32', 'http://Veikals2.lv/HX430C16PBK2/32', 1, 102.37),
(1764, 3, 'HX430C16PBK2/32', 'http://Veikals3.lv/HX430C16PBK2/32', 1, 108.06),
(1765, 1, 'KVR13N9S8K2/8', 'http://Veikals1.lv/KVR13N9S8K2/8', 0, 44.13),
(1766, 1, 'F4-3200C16D-16GVRB', 'http://Veikals1.lv/F4-3200C16D-16GVRB', 0, 96.97),
(1767, 1, 'BLS2K8G4D240FSE', 'http://Veikals1.lv/BLS2K8G4D240FSE', 1, 69.81),
(1768, 2, 'BLS2K8G4D240FSE', 'http://Veikals2.lv/BLS2K8G4D240FSE', 1, 110.07),
(1769, 1, 'F4-2133C15D-8GVR', 'http://Veikals1.lv/F4-2133C15D-8GVR', 1, 93.93),
(1770, 2, 'F4-2133C15D-8GVR', 'http://Veikals2.lv/F4-2133C15D-8GVR', 1, 51.90),
(1771, 3, 'F4-2133C15D-8GVR', 'http://Veikals3.lv/F4-2133C15D-8GVR', 0, 45.87),
(1772, 1, 'TLRED316G1600HC9DC01', 'http://Veikals1.lv/TLRED316G1600HC9DC01', 1, 40.04),
(1773, 2, 'TLRED316G1600HC9DC01', 'http://Veikals2.lv/TLRED316G1600HC9DC01', 0, 123.29),
(1774, 1, 'F4-2133C15Q-16GIS', 'http://Veikals1.lv/F4-2133C15Q-16GIS', 1, 40.86),
(1775, 2, 'F4-2133C15Q-16GIS', 'http://Veikals2.lv/F4-2133C15Q-16GIS', 1, 120.22),
(1776, 1, 'CMK8GX4M2A2666C16', 'http://Veikals1.lv/CMK8GX4M2A2666C16', 0, 24.21),
(1777, 2, 'CMK8GX4M2A2666C16', 'http://Veikals2.lv/CMK8GX4M2A2666C16', 1, 32.28),
(1778, 3, 'CMK8GX4M2A2666C16', 'http://Veikals3.lv/CMK8GX4M2A2666C16', 0, 88.68),
(1779, 1, 'HX424C12SB2K2/16', 'http://Veikals1.lv/HX424C12SB2K2/16', 1, 108.39),
(1780, 2, 'HX424C12SB2K2/16', 'http://Veikals2.lv/HX424C12SB2K2/16', 0, 110.53),
(1781, 3, 'HX424C12SB2K2/16', 'http://Veikals3.lv/HX424C12SB2K2/16', 0, 137.92),
(1782, 1, 'F4-2800C14D-32GTZ', 'http://Veikals1.lv/F4-2800C14D-32GTZ', 1, 41.35),
(1783, 1, 'F4-3000C15Q-32GVR', 'http://Veikals1.lv/F4-3000C15Q-32GVR', 0, 46.54),
(1784, 1, 'KVR21N15S8/8', 'http://Veikals1.lv/KVR21N15S8/8', 0, 101.14),
(1785, 2, 'KVR21N15S8/8', 'http://Veikals2.lv/KVR21N15S8/8', 1, 54.20),
(1786, 3, 'KVR21N15S8/8', 'http://Veikals3.lv/KVR21N15S8/8', 1, 103.24),
(1787, 1, 'HX424C15FB/4', 'http://Veikals1.lv/HX424C15FB/4', 1, 55.75),
(1788, 1, 'F4-3000C15D-16GVGB', 'http://Veikals1.lv/F4-3000C15D-16GVGB', 1, 87.89),
(1789, 2, 'F4-3000C15D-16GVGB', 'http://Veikals2.lv/F4-3000C15D-16GVGB', 1, 108.36),
(1790, 3, 'F4-3000C15D-16GVGB', 'http://Veikals3.lv/F4-3000C15D-16GVGB', 1, 13.22),
(1791, 1, 'TED38G1600C1101', 'http://Veikals1.lv/TED38G1600C1101', 0, 75.22),
(1792, 2, 'TED38G1600C1101', 'http://Veikals2.lv/TED38G1600C1101', 1, 133.73),
(1793, 3, 'TED38G1600C1101', 'http://Veikals3.lv/TED38G1600C1101', 1, 93.51),
(1794, 1, 'F3-2133C11Q-32GXL', 'http://Veikals1.lv/F3-2133C11Q-32GXL', 1, 70.24),
(1795, 2, 'F3-2133C11Q-32GXL', 'http://Veikals2.lv/F3-2133C11Q-32GXL', 1, 115.94),
(1796, 1, 'F3-12800CL8Q-8GBZH', 'http://Veikals1.lv/F3-12800CL8Q-8GBZH', 0, 15.32),
(1797, 2, 'F3-12800CL8Q-8GBZH', 'http://Veikals2.lv/F3-12800CL8Q-8GBZH', 0, 12.45),
(1798, 1, 'F3-17000CL11D-8GBSR', 'http://Veikals1.lv/F3-17000CL11D-8GBSR', 1, 106.11),
(1799, 1, 'HX421C14FBK2/16', 'http://Veikals1.lv/HX421C14FBK2/16', 0, 121.30),
(1800, 2, 'HX421C14FBK2/16', 'http://Veikals2.lv/HX421C14FBK2/16', 0, 78.08),
(1801, 1, 'F3-12800CL9Q-16GBSR1', 'http://Veikals1.lv/F3-12800CL9Q-16GBSR1', 1, 77.09),
(1802, 2, 'F3-12800CL9Q-16GBSR1', 'http://Veikals2.lv/F3-12800CL9Q-16GBSR1', 0, 36.42),
(1803, 3, 'F3-12800CL9Q-16GBSR1', 'http://Veikals3.lv/F3-12800CL9Q-16GBSR1', 1, 20.66),
(1804, 1, 'BLS8G4D240FSA', 'http://Veikals1.lv/BLS8G4D240FSA', 1, 28.58),
(1805, 1, 'F3-1866C10Q-32GAB', 'http://Veikals1.lv/F3-1866C10Q-32GAB', 1, 80.40),
(1806, 2, 'F3-1866C10Q-32GAB', 'http://Veikals2.lv/F3-1866C10Q-32GAB', 0, 96.23),
(1807, 1, 'TPD316G1600C11DC01', 'http://Veikals1.lv/TPD316G1600C11DC01', 0, 133.44),
(1808, 1, 'F3-8500CL7S-4GBRL', 'http://Veikals1.lv/F3-8500CL7S-4GBRL', 0, 88.01),
(1809, 2, 'F3-8500CL7S-4GBRL', 'http://Veikals2.lv/F3-8500CL7S-4GBRL', 0, 110.35),
(1810, 3, 'F3-8500CL7S-4GBRL', 'http://Veikals3.lv/F3-8500CL7S-4GBRL', 0, 83.37),
(1811, 1, 'F4-2400C15D-32GIS', 'http://Veikals1.lv/F4-2400C15D-32GIS', 1, 19.58),
(1812, 1, 'CMK64GX4M4B3000C15', 'http://Veikals1.lv/CMK64GX4M4B3000C15', 1, 57.86),
(1813, 1, 'F3-1866C9D-8GAB', 'http://Veikals1.lv/F3-1866C9D-8GAB', 1, 120.27),
(1814, 2, 'F3-1866C9D-8GAB', 'http://Veikals2.lv/F3-1866C9D-8GAB', 1, 103.04),
(1815, 1, 'F4-3200C16D-16GVS', 'http://Veikals1.lv/F4-3200C16D-16GVS', 0, 43.34),
(1816, 2, 'F4-3200C16D-16GVS', 'http://Veikals2.lv/F4-3200C16D-16GVS', 0, 23.95),
(1817, 1, 'F4-2666C15Q-16GRR', 'http://Veikals1.lv/F4-2666C15Q-16GRR', 0, 89.06),
(1818, 1, 'F4-3000C15D-8GRBB', 'http://Veikals1.lv/F4-3000C15D-8GRBB', 0, 132.39),
(1819, 1, 'F3-17000CL11D-8GBXL', 'http://Veikals1.lv/F3-17000CL11D-8GBXL', 1, 112.73),
(1820, 2, 'F3-17000CL11D-8GBXL', 'http://Veikals2.lv/F3-17000CL11D-8GBXL', 0, 79.91),
(1821, 1, 'BLT2KIT4G3D1869DT2TXOB', 'http://Veikals1.lv/BLT2KIT4G3D1869DT2TXOB', 0, 120.70),
(1822, 2, 'BLT2KIT4G3D1869DT2TXOB', 'http://Veikals2.lv/BLT2KIT4G3D1869DT2TXOB', 1, 137.78),
(1823, 3, 'BLT2KIT4G3D1869DT2TXOB', 'http://Veikals3.lv/BLT2KIT4G3D1869DT2TXOB', 1, 88.31),
(1824, 1, 'F3-1333C9S-8GIS', 'http://Veikals1.lv/F3-1333C9S-8GIS', 0, 40.49),
(1825, 1, 'HX316C9SRK2/16', 'http://Veikals1.lv/HX316C9SRK2/16', 1, 11.80),
(1826, 2, 'HX316C9SRK2/16', 'http://Veikals2.lv/HX316C9SRK2/16', 0, 127.43),
(1827, 3, 'HX316C9SRK2/16', 'http://Veikals3.lv/HX316C9SRK2/16', 1, 64.64),
(1828, 1, 'KVR21N15S8K2/16', 'http://Veikals1.lv/KVR21N15S8K2/16', 1, 124.77),
(1829, 2, 'KVR21N15S8K2/16', 'http://Veikals2.lv/KVR21N15S8K2/16', 0, 89.32),
(1830, 1, 'F3-12800CL9D-8GBSR', 'http://Veikals1.lv/F3-12800CL9D-8GBSR', 1, 95.17),
(1831, 2, 'F3-12800CL9D-8GBSR', 'http://Veikals2.lv/F3-12800CL9D-8GBSR', 0, 65.92),
(1832, 3, 'F3-12800CL9D-8GBSR', 'http://Veikals3.lv/F3-12800CL9D-8GBSR', 0, 57.09),
(1833, 1, 'F4-2133C15D-8GIS', 'http://Veikals1.lv/F4-2133C15D-8GIS', 1, 83.40),
(1834, 2, 'F4-2133C15D-8GIS', 'http://Veikals2.lv/F4-2133C15D-8GIS', 0, 83.83),
(1835, 3, 'F4-2133C15D-8GIS', 'http://Veikals3.lv/F4-2133C15D-8GIS', 1, 21.55),
(1836, 1, 'F4-2133C15D-16GNT', 'http://Veikals1.lv/F4-2133C15D-16GNT', 0, 93.07),
(1837, 1, 'F4-2133C15S-8GIS', 'http://Veikals1.lv/F4-2133C15S-8GIS', 0, 100.89),
(1838, 1, 'F3-2133C9D-16GXH', 'http://Veikals1.lv/F3-2133C9D-16GXH', 0, 79.65),
(1839, 2, 'F3-2133C9D-16GXH', 'http://Veikals2.lv/F3-2133C9D-16GXH', 1, 114.09),
(1840, 3, 'F3-2133C9D-16GXH', 'http://Veikals3.lv/F3-2133C9D-16GXH', 0, 70.97),
(1841, 1, 'F3-14900CL8D-8GBXM', 'http://Veikals1.lv/F3-14900CL8D-8GBXM', 1, 11.95),
(1842, 1, 'F3-2400C10Q-16GZH', 'http://Veikals1.lv/F3-2400C10Q-16GZH', 1, 69.51),
(1843, 2, 'F3-2400C10Q-16GZH', 'http://Veikals2.lv/F3-2400C10Q-16GZH', 1, 52.03),
(1844, 3, 'F3-2400C10Q-16GZH', 'http://Veikals3.lv/F3-2400C10Q-16GZH', 1, 59.39),
(1845, 1, 'F3-1866C8D-16GTX', 'http://Veikals1.lv/F3-1866C8D-16GTX', 1, 76.02),
(1846, 2, 'F3-1866C8D-16GTX', 'http://Veikals2.lv/F3-1866C8D-16GTX', 0, 117.85),
(1847, 1, 'F4-3200C16D-16GVGB', 'http://Veikals1.lv/F4-3200C16D-16GVGB', 0, 26.54),
(1848, 2, 'F4-3200C16D-16GVGB', 'http://Veikals2.lv/F4-3200C16D-16GVGB', 1, 98.03),
(1849, 1, 'CMD32GX4M2C3200C16', 'http://Veikals1.lv/CMD32GX4M2C3200C16', 0, 84.72),
(1850, 2, 'CMD32GX4M2C3200C16', 'http://Veikals2.lv/CMD32GX4M2C3200C16', 0, 18.69),
(1851, 1, 'F4-2133C15D-32GVR', 'http://Veikals1.lv/F4-2133C15D-32GVR', 1, 106.20),
(1852, 2, 'F4-2133C15D-32GVR', 'http://Veikals2.lv/F4-2133C15D-32GVR', 0, 75.24),
(1853, 1, 'F3-1866C10Q2-64GZM', 'http://Veikals1.lv/F3-1866C10Q2-64GZM', 0, 126.62),
(1854, 1, 'F3-2133C9D-8GXL', 'http://Veikals1.lv/F3-2133C9D-8GXL', 1, 82.19),
(1855, 2, 'F3-2133C9D-8GXL', 'http://Veikals2.lv/F3-2133C9D-8GXL', 1, 76.98),
(1856, 1, 'BLS2K8G4D240FSC', 'http://Veikals1.lv/BLS2K8G4D240FSC', 1, 36.43),
(1857, 2, 'BLS2K8G4D240FSC', 'http://Veikals2.lv/BLS2K8G4D240FSC', 0, 139.03),
(1858, 1, 'AVD3U16001108G-2CW', 'http://Veikals1.lv/AVD3U16001108G-2CW', 0, 107.77),
(1859, 1, 'F3-10666CL9T-6GBNQ', 'http://Veikals1.lv/F3-10666CL9T-6GBNQ', 1, 117.13),
(1860, 2, 'F3-10666CL9T-6GBNQ', 'http://Veikals2.lv/F3-10666CL9T-6GBNQ', 0, 57.84),
(1861, 1, 'F3-12800CL9T-6GBNQ', 'http://Veikals1.lv/F3-12800CL9T-6GBNQ', 0, 122.63),
(1862, 1, 'F4-2800C16Q-32GRK', 'http://Veikals1.lv/F4-2800C16Q-32GRK', 1, 81.97),
(1863, 2, 'F4-2800C16Q-32GRK', 'http://Veikals2.lv/F4-2800C16Q-32GRK', 0, 119.62),
(1864, 3, 'F4-2800C16Q-32GRK', 'http://Veikals3.lv/F4-2800C16Q-32GRK', 0, 112.21),
(1865, 1, 'F4-2133C15Q-32GNT', 'http://Veikals1.lv/F4-2133C15Q-32GNT', 1, 92.01),
(1866, 1, 'AVD3U16001108G-2CIG', 'http://Veikals1.lv/AVD3U16001108G-2CIG', 1, 98.45),
(1867, 1, 'AVD3U24001108G-2CIR', 'http://Veikals1.lv/AVD3U24001108G-2CIR', 0, 127.10),
(1868, 1, 'F4-3200C14Q-64GVK', 'http://Veikals1.lv/F4-3200C14Q-64GVK', 1, 96.54),
(1869, 2, 'F4-3200C14Q-64GVK', 'http://Veikals2.lv/F4-3200C14Q-64GVK', 1, 138.14),
(1870, 3, 'F4-3200C14Q-64GVK', 'http://Veikals3.lv/F4-3200C14Q-64GVK', 0, 31.87),
(1871, 1, 'CT2K51264BD160BJ', 'http://Veikals1.lv/CT2K51264BD160BJ', 1, 124.20),
(1872, 2, 'CT2K51264BD160BJ', 'http://Veikals2.lv/CT2K51264BD160BJ', 0, 60.16),
(1873, 3, 'CT2K51264BD160BJ', 'http://Veikals3.lv/CT2K51264BD160BJ', 0, 110.10),
(1874, 1, 'CT3KIT51264BA160B', 'http://Veikals1.lv/CT3KIT51264BA160B', 0, 118.68),
(1875, 2, 'CT3KIT51264BA160B', 'http://Veikals2.lv/CT3KIT51264BA160B', 1, 101.50),
(1876, 1, 'F4-2666C15Q-32GRKB', 'http://Veikals1.lv/F4-2666C15Q-32GRKB', 0, 119.38),
(1877, 2, 'F4-2666C15Q-32GRKB', 'http://Veikals2.lv/F4-2666C15Q-32GRKB', 0, 92.11),
(1878, 3, 'F4-2666C15Q-32GRKB', 'http://Veikals3.lv/F4-2666C15Q-32GRKB', 0, 113.91),
(1879, 1, 'HX421C14FBK4/32', 'http://Veikals1.lv/HX421C14FBK4/32', 1, 55.69),
(1880, 2, 'HX421C14FBK4/32', 'http://Veikals2.lv/HX421C14FBK4/32', 0, 41.47),
(1881, 3, 'HX421C14FBK4/32', 'http://Veikals3.lv/HX421C14FBK4/32', 1, 49.67),
(1882, 1, 'F3-1600C11D-8GNT', 'http://Veikals1.lv/F3-1600C11D-8GNT', 1, 14.35),
(1883, 1, 'HX421C14FB/4', 'http://Veikals1.lv/HX421C14FB/4', 0, 63.40),
(1884, 2, 'HX421C14FB/4', 'http://Veikals2.lv/HX421C14FB/4', 0, 80.95),
(1885, 1, 'F4-2133C15D-16GNS', 'http://Veikals1.lv/F4-2133C15D-16GNS', 0, 14.20),
(1886, 1, 'F4-2800C15D-16GVR', 'http://Veikals1.lv/F4-2800C15D-16GVR', 1, 66.39),
(1887, 2, 'F4-2800C15D-16GVR', 'http://Veikals2.lv/F4-2800C15D-16GVR', 1, 63.61),
(1888, 1, 'CMX4GX3M2A1333C8', 'http://Veikals1.lv/CMX4GX3M2A1333C8', 1, 67.55),
(1889, 2, 'CMX4GX3M2A1333C8', 'http://Veikals2.lv/CMX4GX3M2A1333C8', 1, 137.96),
(1890, 3, 'CMX4GX3M2A1333C8', 'http://Veikals3.lv/CMX4GX3M2A1333C8', 1, 59.87),
(1891, 1, 'F3-10666CL9D-8GBNT', 'http://Veikals1.lv/F3-10666CL9D-8GBNT', 1, 19.46),
(1892, 2, 'F3-10666CL9D-8GBNT', 'http://Veikals2.lv/F3-10666CL9D-8GBNT', 0, 81.58),
(1893, 3, 'F3-10666CL9D-8GBNT', 'http://Veikals3.lv/F3-10666CL9D-8GBNT', 0, 108.50),
(1894, 1, 'F4-3000C14Q-32GVK', 'http://Veikals1.lv/F4-3000C14Q-32GVK', 1, 133.61),
(1895, 2, 'F4-3000C14Q-32GVK', 'http://Veikals2.lv/F4-3000C14Q-32GVK', 0, 121.14),
(1896, 3, 'F4-3000C14Q-32GVK', 'http://Veikals3.lv/F4-3000C14Q-32GVK', 0, 17.24),
(1897, 1, 'mansjaukaislielums', 'http://Veikals1.lv/mansjaukaislielums', 1, 91.09),
(1898, 2, 'mansjaukaislielums', 'http://Veikals2.lv/mansjaukaislielums', 1, 118.17),
(1899, 3, 'mansjaukaislielums', 'http://Veikals3.lv/mansjaukaislielums', 1, 43.92),
(1900, 1, 'zqqzzz', 'http://Veikals1.lv/zqqzzz', 0, 41.46),
(1901, 1, 'AM1M-A', 'http://Veikals1.lv/AM1M-A', 0, 47.11),
(1902, 2, 'AM1M-A', 'http://Veikals2.lv/AM1M-A', 0, 137.44),
(1903, 1, 'A88X-PRO', 'http://Veikals1.lv/A88X-PRO', 1, 67.63),
(1904, 2, 'A88X-PRO', 'http://Veikals2.lv/A88X-PRO', 1, 91.77),
(1905, 1, 'M5A97 R2.0', 'http://Veikals1.lv/M5A97 R2.0', 0, 78.24),
(1906, 1, 'GA-Z170X-Ultra Gaming ', 'http://Veikals1.lv/GA-Z170X-Ultra Gaming ', 1, 76.14),
(1907, 1, 'GA-EP43T-UD3L', 'http://Veikals1.lv/GA-EP43T-UD3L', 1, 125.57),
(1908, 1, 'DVD-E818AAT', 'http://Veikals1.lv/DVD-E818AAT', 0, 36.84),
(1909, 1, 'SH-118DB/BEBE', 'http://Veikals1.lv/SH-118DB/BEBE', 1, 16.90),
(1910, 2, 'SH-118DB/BEBE', 'http://Veikals2.lv/SH-118DB/BEBE', 1, 45.17),
(1911, 1, 'AUDIGY FX', 'http://Veikals1.lv/AUDIGY FX', 1, 62.72),
(1912, 2, 'AUDIGY FX', 'http://Veikals2.lv/AUDIGY FX', 1, 17.70),
(1913, 3, 'AUDIGY FX', 'http://Veikals3.lv/AUDIGY FX', 1, 19.69),
(1914, 1, '30SB150200000', 'http://Veikals1.lv/30SB150200000', 1, 44.42),
(1915, 1, 'ZXR', 'http://Veikals1.lv/ZXR', 0, 61.97),
(1916, 2, 'ZXR', 'http://Veikals2.lv/ZXR', 0, 103.14),
(1917, 1, 'PCISOUND5CH2', 'http://Veikals1.lv/PCISOUND5CH2', 1, 85.15),
(1918, 1, '70SB155000001', 'http://Veikals1.lv/70SB155000001', 1, 87.19),
(1919, 1, 'Sound Blaster Audigy SE', 'http://Veikals1.lv/Sound Blaster Audigy SE', 0, 10.24),
(1920, 2, 'Sound Blaster Audigy SE', 'http://Veikals2.lv/Sound Blaster Audigy SE', 0, 70.94),
(1921, 1, 'CLARO II', 'http://Veikals1.lv/CLARO II', 1, 137.88),
(1922, 2, 'CLARO II', 'http://Veikals2.lv/CLARO II', 0, 110.60),
(1923, 3, 'CLARO II', 'http://Veikals3.lv/CLARO II', 0, 119.45),
(1924, 1, 'eClaro', 'http://Veikals1.lv/eClaro', 1, 102.85),
(1925, 2, 'eClaro', 'http://Veikals2.lv/eClaro', 1, 12.76),
(1926, 1, 'STRIX SOAR', 'http://Veikals1.lv/STRIX SOAR', 1, 49.58),
(1927, 2, 'STRIX SOAR', 'http://Veikals2.lv/STRIX SOAR', 0, 11.34),
(1928, 1, 'AUDIGY RX', 'http://Veikals1.lv/AUDIGY RX', 0, 87.80),
(1929, 1, 'Xonar DS', 'http://Veikals1.lv/Xonar DS', 0, 79.75),
(1930, 2, 'Xonar DS', 'http://Veikals2.lv/Xonar DS', 0, 40.49),
(1931, 1, 'LP-000022-S2', 'http://Veikals1.lv/LP-000022-S2', 1, 43.20),
(1932, 2, 'LP-000022-S2', 'http://Veikals2.lv/LP-000022-S2', 1, 85.81),
(1933, 3, 'LP-000022-S2', 'http://Veikals3.lv/LP-000022-S2', 1, 137.60),
(1934, 1, 'FENIX', 'http://Veikals1.lv/FENIX', 1, 103.32),
(1935, 2, 'FENIX', 'http://Veikals2.lv/FENIX', 1, 77.10),
(1936, 1, 'IC-710211-S1', 'http://Veikals1.lv/IC-710211-S1', 0, 58.75),
(1937, 2, 'IC-710211-S1', 'http://Veikals2.lv/IC-710211-S1', 0, 80.58),
(1938, 3, 'IC-710211-S1', 'http://Veikals3.lv/IC-710211-S1', 0, 33.52),
(1939, 1, 'DP SoundWave', 'http://Veikals1.lv/DP SoundWave', 1, 54.61),
(1940, 2, 'DP SoundWave', 'http://Veikals2.lv/DP SoundWave', 1, 123.82),
(1941, 3, 'DP SoundWave', 'http://Veikals3.lv/DP SoundWave', 1, 43.86),
(1942, 1, 'XONAR DGX', 'http://Veikals1.lv/XONAR DGX', 1, 95.00),
(1943, 1, 'Xonar DX', 'http://Veikals1.lv/Xonar DX', 1, 83.79),
(1944, 2, 'Xonar DX', 'http://Veikals2.lv/Xonar DX', 0, 38.27),
(1945, 3, 'Xonar DX', 'http://Veikals3.lv/Xonar DX', 1, 32.46),
(1946, 1, 'IC-710012-S2', 'http://Veikals1.lv/IC-710012-S2', 0, 114.01),
(1947, 2, 'IC-710012-S2', 'http://Veikals2.lv/IC-710012-S2', 0, 71.99),
(1948, 1, 'MKNSSDRE1TB', 'http://Veikals1.lv/MKNSSDRE1TB', 0, 49.97),
(1949, 1, 'SV300S37A/240G', 'http://Veikals1.lv/SV300S37A/240G', 1, 114.95),
(1950, 2, 'SV300S37A/240G', 'http://Veikals2.lv/SV300S37A/240G', 0, 97.46),
(1951, 1, 'SSDSC2BW480H6R5', 'http://Veikals1.lv/SSDSC2BW480H6R5', 0, 131.54),
(1952, 2, 'SSDSC2BW480H6R5', 'http://Veikals2.lv/SSDSC2BW480H6R5', 0, 71.32),
(1953, 1, 'SDSSDHII-960G-G25', 'http://Veikals1.lv/SDSSDHII-960G-G25', 0, 39.11),
(1954, 1, 'SV300S37A/120G', 'http://Veikals1.lv/SV300S37A/120G', 0, 72.74),
(1955, 1, 'MKNSSDRE256GB', 'http://Veikals1.lv/MKNSSDRE256GB', 1, 43.14),
(1956, 1, 'MKNSSDEC240GB', 'http://Veikals1.lv/MKNSSDEC240GB', 1, 131.24),
(1957, 2, 'MKNSSDEC240GB', 'http://Veikals2.lv/MKNSSDEC240GB', 0, 14.15),
(1958, 1, 'SSDSC2BW120H6R5', 'http://Veikals1.lv/SSDSC2BW120H6R5', 0, 109.58),
(1959, 2, 'SSDSC2BW120H6R5', 'http://Veikals2.lv/SSDSC2BW120H6R5', 1, 30.07),
(1960, 3, 'SSDSC2BW120H6R5', 'http://Veikals3.lv/SSDSC2BW120H6R5', 0, 72.44),
(1961, 1, 'ASP600S3-256GM-C', 'http://Veikals1.lv/ASP600S3-256GM-C', 0, 20.93),
(1962, 2, 'ASP600S3-256GM-C', 'http://Veikals2.lv/ASP600S3-256GM-C', 0, 131.98),
(1963, 1, 'TRN150-25SAT3-240G', 'http://Veikals1.lv/TRN150-25SAT3-240G', 0, 18.42),
(1964, 2, 'TRN150-25SAT3-240G', 'http://Veikals2.lv/TRN150-25SAT3-240G', 0, 125.13),
(1965, 1, 'ASP550SS3-120GM-C', 'http://Veikals1.lv/ASP550SS3-120GM-C', 0, 21.13),
(1966, 2, 'ASP550SS3-120GM-C', 'http://Veikals2.lv/ASP550SS3-120GM-C', 1, 38.66),
(1967, 1, 'CT240BX200SSD1', 'http://Veikals1.lv/CT240BX200SSD1', 1, 50.02),
(1968, 2, 'CT240BX200SSD1', 'http://Veikals2.lv/CT240BX200SSD1', 1, 76.14),
(1969, 1, 'CT500MX200SSD1', 'http://Veikals1.lv/CT500MX200SSD1', 0, 89.56),
(1970, 2, 'CT500MX200SSD1', 'http://Veikals2.lv/CT500MX200SSD1', 1, 111.34),
(1971, 3, 'CT500MX200SSD1', 'http://Veikals3.lv/CT500MX200SSD1', 0, 103.80),
(1972, 1, 'ASP550SS3-240GM-C', 'http://Veikals1.lv/ASP550SS3-240GM-C', 0, 122.31),
(1973, 2, 'ASP550SS3-240GM-C', 'http://Veikals2.lv/ASP550SS3-240GM-C', 0, 48.40),
(1974, 3, 'ASP550SS3-240GM-C', 'http://Veikals3.lv/ASP550SS3-240GM-C', 0, 25.91),
(1975, 1, 'MZ-75E120B/AM', 'http://Veikals1.lv/MZ-75E120B/AM', 1, 106.33),
(1976, 2, 'MZ-75E120B/AM', 'http://Veikals2.lv/MZ-75E120B/AM', 0, 49.56),
(1977, 1, 'MZ-7KE512BW', 'http://Veikals1.lv/MZ-7KE512BW', 0, 18.12),
(1978, 1, 'CSSD-F240GBLEB', 'http://Veikals1.lv/CSSD-F240GBLEB', 0, 45.40),
(1979, 1, 'ASP550SS3-480GM-C', 'http://Veikals1.lv/ASP550SS3-480GM-C', 1, 93.84),
(1980, 2, 'ASP550SS3-480GM-C', 'http://Veikals2.lv/ASP550SS3-480GM-C', 1, 138.99),
(1981, 3, 'ASP550SS3-480GM-C', 'http://Veikals3.lv/ASP550SS3-480GM-C', 0, 96.52),
(1982, 1, 'CSSD-F480GBLEB', 'http://Veikals1.lv/CSSD-F480GBLEB', 0, 55.14),
(1983, 1, 'CT250MX200SSD1', 'http://Veikals1.lv/CT250MX200SSD1', 0, 76.51),
(1984, 1, 'MKNSSDEC512GB', 'http://Veikals1.lv/MKNSSDEC512GB', 0, 111.92),
(1985, 1, 'T253LE240GTC101', 'http://Veikals1.lv/T253LE240GTC101', 0, 60.22),
(1986, 2, 'T253LE240GTC101', 'http://Veikals2.lv/T253LE240GTC101', 1, 108.61),
(1987, 1, 'ST2000NM0033', 'http://Veikals1.lv/ST2000NM0033', 0, 11.29),
(1988, 2, 'ST2000NM0033', 'http://Veikals2.lv/ST2000NM0033', 0, 86.90),
(1989, 3, 'ST2000NM0033', 'http://Veikals3.lv/ST2000NM0033', 1, 110.57);
INSERT INTO `price` (`id`, `retailer_id`, `part_number`, `url`, `in_stock`, `price`) VALUES
(1990, 1, 'SDSSDA-240G-G25', 'http://Veikals1.lv/SDSSDA-240G-G25', 1, 124.84),
(1991, 2, 'SDSSDA-240G-G25', 'http://Veikals2.lv/SDSSDA-240G-G25', 1, 99.12),
(1992, 3, 'SDSSDA-240G-G25', 'http://Veikals3.lv/SDSSDA-240G-G25', 1, 119.25),
(1993, 1, 'CSSD-F120GBLSB', 'http://Veikals1.lv/CSSD-F120GBLSB', 0, 90.20),
(1994, 1, 'SDSSDXPS-240G-G25', 'http://Veikals1.lv/SDSSDXPS-240G-G25', 1, 102.82),
(1995, 2, 'SDSSDXPS-240G-G25', 'http://Veikals2.lv/SDSSDXPS-240G-G25', 0, 39.51),
(1996, 3, 'SDSSDXPS-240G-G25', 'http://Veikals3.lv/SDSSDXPS-240G-G25', 0, 114.89),
(1997, 1, 'SDSSDHII-240G-G25', 'http://Veikals1.lv/SDSSDHII-240G-G25', 0, 88.89),
(1998, 2, 'SDSSDHII-240G-G25', 'http://Veikals2.lv/SDSSDHII-240G-G25', 0, 11.49),
(1999, 3, 'SDSSDHII-240G-G25', 'http://Veikals3.lv/SDSSDHII-240G-G25', 0, 34.61),
(2000, 1, 'MKNSSDE3240GB', 'http://Veikals1.lv/MKNSSDE3240GB', 0, 116.08),
(2001, 1, 'SDSSDA-480G-G25', 'http://Veikals1.lv/SDSSDA-480G-G25', 0, 47.56),
(2002, 1, 'SDSSDA-120G-G25', 'http://Veikals1.lv/SDSSDA-120G-G25', 1, 83.70),
(2003, 1, 'MKNSSDEC120GB', 'http://Veikals1.lv/MKNSSDEC120GB', 0, 34.02),
(2004, 2, 'MKNSSDEC120GB', 'http://Veikals2.lv/MKNSSDEC120GB', 1, 112.31),
(2005, 3, 'MKNSSDEC120GB', 'http://Veikals3.lv/MKNSSDEC120GB', 0, 23.92),
(2006, 1, 'TS64GSSD370', 'http://Veikals1.lv/TS64GSSD370', 1, 16.86),
(2007, 2, 'TS64GSSD370', 'http://Veikals2.lv/TS64GSSD370', 1, 92.64),
(2008, 1, 'SDSSDXPS-480G-G25', 'http://Veikals1.lv/SDSSDXPS-480G-G25', 0, 49.59),
(2009, 2, 'SDSSDXPS-480G-G25', 'http://Veikals2.lv/SDSSDXPS-480G-G25', 0, 128.91),
(2010, 1, 'SD7SB7S-512G-1122', 'http://Veikals1.lv/SD7SB7S-512G-1122', 1, 16.00),
(2011, 1, 'SHSS37A/240G', 'http://Veikals1.lv/SHSS37A/240G', 1, 92.01),
(2012, 1, 'WD3001FFSX', 'http://Veikals1.lv/WD3001FFSX', 0, 52.71),
(2013, 1, 'WD1600AAJS', 'http://Veikals1.lv/WD1600AAJS', 1, 114.16),
(2014, 1, 'SDSSDHP-128G-G25', 'http://Veikals1.lv/SDSSDHP-128G-G25', 1, 106.62),
(2015, 2, 'SDSSDHP-128G-G25', 'http://Veikals2.lv/SDSSDHP-128G-G25', 0, 119.30),
(2016, 1, 'SH103S3/120G', 'http://Veikals1.lv/SH103S3/120G', 1, 74.51),
(2017, 2, 'SH103S3/120G', 'http://Veikals2.lv/SH103S3/120G', 1, 10.16),
(2018, 1, 'WD2503ABYZ', 'http://Veikals1.lv/WD2503ABYZ', 1, 70.27),
(2019, 1, 'CT240M500SSD1', 'http://Veikals1.lv/CT240M500SSD1', 1, 112.94),
(2020, 2, 'CT240M500SSD1', 'http://Veikals2.lv/CT240M500SSD1', 0, 28.20),
(2021, 3, 'CT240M500SSD1', 'http://Veikals3.lv/CT240M500SSD1', 0, 97.65),
(2022, 1, 'SSDSC2BB600G401', 'http://Veikals1.lv/SSDSC2BB600G401', 0, 82.84),
(2023, 1, 'SSD7CS1111-240-RB (CS1111)', 'http://Veikals1.lv/SSD7CS1111-240-RB (CS1111)', 1, 59.47),
(2024, 2, 'SSD7CS1111-240-RB (CS1111)', 'http://Veikals2.lv/SSD7CS1111-240-RB (CS1111)', 0, 34.75),
(2025, 1, 'MZ-7TE250BW', 'http://Veikals1.lv/MZ-7TE250BW', 1, 48.25),
(2026, 1, 'TRN100-25SAT3-120G', 'http://Veikals1.lv/TRN100-25SAT3-120G', 0, 29.05),
(2027, 2, 'TRN100-25SAT3-120G', 'http://Veikals2.lv/TRN100-25SAT3-120G', 0, 81.79),
(2028, 3, 'TRN100-25SAT3-120G', 'http://Veikals3.lv/TRN100-25SAT3-120G', 0, 25.21),
(2029, 1, 'MKNSSDCR240GB-7', 'http://Veikals1.lv/MKNSSDCR240GB-7', 1, 10.38),
(2030, 2, 'MKNSSDCR240GB-7', 'http://Veikals2.lv/MKNSSDCR240GB-7', 0, 15.59),
(2031, 3, 'MKNSSDCR240GB-7', 'http://Veikals3.lv/MKNSSDCR240GB-7', 1, 56.29),
(2032, 1, 'AGT4-25SAT3-256G', 'http://Veikals1.lv/AGT4-25SAT3-256G', 1, 83.81),
(2033, 2, 'AGT4-25SAT3-256G', 'http://Veikals2.lv/AGT4-25SAT3-256G', 1, 53.39),
(2034, 1, 'PX-128M6Pro', 'http://Veikals1.lv/PX-128M6Pro', 1, 112.57),
(2035, 2, 'PX-128M6Pro', 'http://Veikals2.lv/PX-128M6Pro', 0, 20.49),
(2036, 1, 'ST500NM0011', 'http://Veikals1.lv/ST500NM0011', 1, 139.73),
(2037, 2, 'ST500NM0011', 'http://Veikals2.lv/ST500NM0011', 0, 15.12),
(2038, 1, 'SHSS3B7A/960G', 'http://Veikals1.lv/SHSS3B7A/960G', 0, 29.35),
(2039, 2, 'SHSS3B7A/960G', 'http://Veikals2.lv/SHSS3B7A/960G', 0, 51.17),
(2040, 3, 'SHSS3B7A/960G', 'http://Veikals3.lv/SHSS3B7A/960G', 0, 75.59),
(2041, 1, 'CT128M4SSD1', 'http://Veikals1.lv/CT128M4SSD1', 0, 10.99),
(2042, 2, 'CT128M4SSD1', 'http://Veikals2.lv/CT128M4SSD1', 0, 64.00),
(2043, 1, 'SSDSC2BA200G401', 'http://Veikals1.lv/SSDSC2BA200G401', 0, 60.11),
(2044, 1, 'SDSSDXP-240G-G25', 'http://Veikals1.lv/SDSSDXP-240G-G25', 1, 122.64),
(2045, 2, 'SDSSDXP-240G-G25', 'http://Veikals2.lv/SDSSDXP-240G-G25', 1, 121.96),
(2046, 1, 'OCZSSD2-1VTXPL60G', 'http://Veikals1.lv/OCZSSD2-1VTXPL60G', 1, 36.11),
(2047, 2, 'OCZSSD2-1VTXPL60G', 'http://Veikals2.lv/OCZSSD2-1VTXPL60G', 0, 35.04),
(2048, 3, 'OCZSSD2-1VTXPL60G', 'http://Veikals3.lv/OCZSSD2-1VTXPL60G', 1, 77.49),
(2049, 1, 'SD7SB6S-256G-1122', 'http://Veikals1.lv/SD7SB6S-256G-1122', 0, 15.89),
(2050, 1, 'SSDSC2BB160G401', 'http://Veikals1.lv/SSDSC2BB160G401', 1, 129.45),
(2051, 2, 'SSDSC2BB160G401', 'http://Veikals2.lv/SSDSC2BB160G401', 1, 122.95),
(2052, 3, 'SSDSC2BB160G401', 'http://Veikals3.lv/SSDSC2BB160G401', 1, 75.60),
(2053, 1, 'ASX900S3-128GM-C', 'http://Veikals1.lv/ASX900S3-128GM-C', 0, 136.64),
(2054, 2, 'ASX900S3-128GM-C', 'http://Veikals2.lv/ASX900S3-128GM-C', 0, 76.59),
(2055, 3, 'ASX900S3-128GM-C', 'http://Veikals3.lv/ASX900S3-128GM-C', 0, 34.10),
(2056, 1, 'PT264GS25SSDR', 'http://Veikals1.lv/PT264GS25SSDR', 1, 109.52),
(2057, 1, 'OCZSSD2-1VTXT60G', 'http://Veikals1.lv/OCZSSD2-1VTXT60G', 1, 30.44),
(2058, 2, 'OCZSSD2-1VTXT60G', 'http://Veikals2.lv/OCZSSD2-1VTXT60G', 1, 75.73),
(2059, 1, '756633-B21', 'http://Veikals1.lv/756633-B21', 1, 89.43),
(2060, 2, '756633-B21', 'http://Veikals2.lv/756633-B21', 0, 81.47),
(2061, 3, '756633-B21', 'http://Veikals3.lv/756633-B21', 1, 121.62),
(2062, 1, 'SSDSC2KW180H6X1', 'http://Veikals1.lv/SSDSC2KW180H6X1', 1, 34.67),
(2063, 2, 'SSDSC2KW180H6X1', 'http://Veikals2.lv/SSDSC2KW180H6X1', 0, 89.16),
(2064, 1, 'PX-256M5P', 'http://Veikals1.lv/PX-256M5P', 1, 93.18),
(2065, 2, 'PX-256M5P', 'http://Veikals2.lv/PX-256M5P', 0, 92.05),
(2066, 3, 'PX-256M5P', 'http://Veikals3.lv/PX-256M5P', 1, 95.36),
(2067, 1, '900754', 'http://Veikals1.lv/900754', 0, 123.99),
(2068, 1, 'SDSSDXPS-960G-G25', 'http://Veikals1.lv/SDSSDXPS-960G-G25', 1, 102.22),
(2069, 2, 'SDSSDXPS-960G-G25', 'http://Veikals2.lv/SDSSDXPS-960G-G25', 0, 66.62),
(2070, 3, 'SDSSDXPS-960G-G25', 'http://Veikals3.lv/SDSSDXPS-960G-G25', 0, 76.78),
(2071, 1, 'VTR150-25SAT3-480G', 'http://Veikals1.lv/VTR150-25SAT3-480G', 1, 64.83),
(2072, 2, 'VTR150-25SAT3-480G', 'http://Veikals2.lv/VTR150-25SAT3-480G', 0, 59.36),
(2073, 1, 'SSDSC2BB016T401', 'http://Veikals1.lv/SSDSC2BB016T401', 0, 44.68),
(2074, 2, 'SSDSC2BB016T401', 'http://Veikals2.lv/SSDSC2BB016T401', 1, 69.69),
(2075, 3, 'SSDSC2BB016T401', 'http://Veikals3.lv/SSDSC2BB016T401', 1, 92.26),
(2076, 1, 'ASP610SS3-128GM-C', 'http://Veikals1.lv/ASP610SS3-128GM-C', 0, 77.48),
(2077, 2, 'ASP610SS3-128GM-C', 'http://Veikals2.lv/ASP610SS3-128GM-C', 0, 131.50),
(2078, 3, 'ASP610SS3-128GM-C', 'http://Veikals3.lv/ASP610SS3-128GM-C', 0, 67.91),
(2079, 1, 'AGT3-25SAT3-480G', 'http://Veikals1.lv/AGT3-25SAT3-480G', 0, 120.30),
(2080, 2, 'AGT3-25SAT3-480G', 'http://Veikals2.lv/AGT3-25SAT3-480G', 0, 16.37),
(2081, 3, 'AGT3-25SAT3-480G', 'http://Veikals3.lv/AGT3-25SAT3-480G', 0, 96.89),
(2082, 1, 'TS32GSSD370', 'http://Veikals1.lv/TS32GSSD370', 0, 88.38),
(2083, 2, 'TS32GSSD370', 'http://Veikals2.lv/TS32GSSD370', 1, 113.19),
(2084, 3, 'TS32GSSD370', 'http://Veikals3.lv/TS32GSSD370', 0, 123.48),
(2085, 1, 'CT128M4SSD2', 'http://Veikals1.lv/CT128M4SSD2', 0, 66.59),
(2086, 1, 'MKNSSDST960GB', 'http://Veikals1.lv/MKNSSDST960GB', 1, 136.62),
(2087, 2, 'MKNSSDST960GB', 'http://Veikals2.lv/MKNSSDST960GB', 0, 96.10),
(2088, 3, 'MKNSSDST960GB', 'http://Veikals3.lv/MKNSSDST960GB', 1, 106.74),
(2089, 1, 'MZ-7TE750BW', 'http://Veikals1.lv/MZ-7TE750BW', 0, 134.82),
(2090, 1, 'SSDSC2BP240G410', 'http://Veikals1.lv/SSDSC2BP240G410', 0, 83.79),
(2091, 1, 'SSD7CS2211-480-RB', 'http://Veikals1.lv/SSD7CS2211-480-RB', 1, 52.59),
(2092, 2, 'SSD7CS2211-480-RB', 'http://Veikals2.lv/SSD7CS2211-480-RB', 1, 95.80),
(2093, 3, 'SSD7CS2211-480-RB', 'http://Veikals3.lv/SSD7CS2211-480-RB', 1, 41.08),
(2094, 1, 'ASP900S3-512GM-C', 'http://Veikals1.lv/ASP900S3-512GM-C', 1, 65.36),
(2095, 1, 'MKNSSDCR480GB', 'http://Veikals1.lv/MKNSSDCR480GB', 1, 101.24),
(2096, 2, 'MKNSSDCR480GB', 'http://Veikals2.lv/MKNSSDCR480GB', 1, 30.09),
(2097, 3, 'MKNSSDCR480GB', 'http://Veikals3.lv/MKNSSDCR480GB', 1, 134.88),
(2098, 1, 'SD8SBAT-064G-1122', 'http://Veikals1.lv/SD8SBAT-064G-1122', 0, 31.46),
(2099, 1, 'SSDSC2BB300G401', 'http://Veikals1.lv/SSDSC2BB300G401', 0, 50.05),
(2100, 2, 'SSDSC2BB300G401', 'http://Veikals2.lv/SSDSC2BB300G401', 1, 61.23),
(2101, 1, 'SSDSC2BX480G401', 'http://Veikals1.lv/SSDSC2BX480G401', 0, 93.87),
(2102, 2, 'SSDSC2BX480G401', 'http://Veikals2.lv/SSDSC2BX480G401', 0, 139.07),
(2103, 3, 'SSDSC2BX480G401', 'http://Veikals3.lv/SSDSC2BX480G401', 0, 119.84),
(2104, 1, 'PT2256GS25SSDR', 'http://Veikals1.lv/PT2256GS25SSDR', 1, 78.11),
(2105, 2, 'PT2256GS25SSDR', 'http://Veikals2.lv/PT2256GS25SSDR', 0, 114.72),
(2106, 3, 'PT2256GS25SSDR', 'http://Veikals3.lv/PT2256GS25SSDR', 1, 94.55),
(2107, 1, 'MKNSSDCR60GB-7', 'http://Veikals1.lv/MKNSSDCR60GB-7', 1, 88.81),
(2108, 2, 'MKNSSDCR60GB-7', 'http://Veikals2.lv/MKNSSDCR60GB-7', 0, 32.44),
(2109, 3, 'MKNSSDCR60GB-7', 'http://Veikals3.lv/MKNSSDCR60GB-7', 0, 34.06),
(2110, 1, 'CT256M4SSD1', 'http://Veikals1.lv/CT256M4SSD1', 0, 19.14),
(2111, 2, 'CT256M4SSD1', 'http://Veikals2.lv/CT256M4SSD1', 0, 91.61),
(2112, 1, 'ASP600S3-128GM-C', 'http://Veikals1.lv/ASP600S3-128GM-C', 0, 133.06),
(2113, 2, 'ASP600S3-128GM-C', 'http://Veikals2.lv/ASP600S3-128GM-C', 1, 60.06),
(2114, 1, 'MKNSSDCR120GB-G2', 'http://Veikals1.lv/MKNSSDCR120GB-G2', 0, 25.41),
(2115, 1, 'SV300S3D7/240G', 'http://Veikals1.lv/SV300S3D7/240G', 1, 20.06),
(2116, 2, 'SV300S3D7/240G', 'http://Veikals2.lv/SV300S3D7/240G', 1, 79.85),
(2117, 3, 'SV300S3D7/240G', 'http://Veikals3.lv/SV300S3D7/240G', 0, 70.16),
(2118, 1, 'MZ-7PC128B/WW', 'http://Veikals1.lv/MZ-7PC128B/WW', 1, 107.78),
(2119, 1, 'SDSSDHP-064G-G25', 'http://Veikals1.lv/SDSSDHP-064G-G25', 1, 62.69),
(2120, 2, 'SDSSDHP-064G-G25', 'http://Veikals2.lv/SDSSDHP-064G-G25', 0, 79.24),
(2121, 3, 'SDSSDHP-064G-G25', 'http://Veikals3.lv/SDSSDHP-064G-G25', 1, 55.37),
(2122, 1, 'MKNSSDCR480GB-7', 'http://Veikals1.lv/MKNSSDCR480GB-7', 0, 60.41),
(2123, 2, 'MKNSSDCR480GB-7', 'http://Veikals2.lv/MKNSSDCR480GB-7', 1, 75.48),
(2124, 1, 'CT480M500SSD1', 'http://Veikals1.lv/CT480M500SSD1', 0, 95.94),
(2125, 2, 'CT480M500SSD1', 'http://Veikals2.lv/CT480M500SSD1', 0, 89.05),
(2126, 3, 'CT480M500SSD1', 'http://Veikals3.lv/CT480M500SSD1', 1, 63.81),
(2127, 1, 'MKNSSDCR120GB', 'http://Veikals1.lv/MKNSSDCR120GB', 1, 54.46),
(2128, 1, '900499', 'http://Veikals1.lv/900499', 1, 83.05),
(2129, 1, 'MKNSSDST480GB', 'http://Veikals1.lv/MKNSSDST480GB', 0, 117.35),
(2130, 1, 'WD5000AZLX', 'http://Veikals1.lv/WD5000AZLX', 1, 98.47),
(2131, 2, 'WD5000AZLX', 'http://Veikals2.lv/WD5000AZLX', 0, 81.27),
(2132, 1, 'SD7SB6S-128G-1122', 'http://Veikals1.lv/SD7SB6S-128G-1122', 1, 30.61),
(2133, 2, 'SD7SB6S-128G-1122', 'http://Veikals2.lv/SD7SB6S-128G-1122', 0, 90.02),
(2134, 3, 'SD7SB6S-128G-1122', 'http://Veikals3.lv/SD7SB6S-128G-1122', 0, 99.70),
(2135, 1, 'SSDSC2BB120G401', 'http://Veikals1.lv/SSDSC2BB120G401', 1, 33.33),
(2136, 2, 'SSDSC2BB120G401', 'http://Veikals2.lv/SSDSC2BB120G401', 0, 116.35),
(2137, 1, 'SSDSC2BF180H501', 'http://Veikals1.lv/SSDSC2BF180H501', 1, 127.40),
(2138, 2, 'SSDSC2BF180H501', 'http://Veikals2.lv/SSDSC2BF180H501', 1, 115.03),
(2139, 3, 'SSDSC2BF180H501', 'http://Veikals3.lv/SSDSC2BF180H501', 0, 93.51),
(2140, 1, 'SDSSDHP-256G-G25', 'http://Veikals1.lv/SDSSDHP-256G-G25', 0, 66.91),
(2141, 2, 'SDSSDHP-256G-G25', 'http://Veikals2.lv/SDSSDHP-256G-G25', 0, 133.07),
(2142, 1, 'TS64GSSD340', 'http://Veikals1.lv/TS64GSSD340', 0, 113.32),
(2143, 1, 'MKNSSDRE512GB', 'http://Veikals1.lv/MKNSSDRE512GB', 0, 88.74),
(2144, 2, 'MKNSSDRE512GB', 'http://Veikals2.lv/MKNSSDRE512GB', 1, 82.05),
(2145, 3, 'MKNSSDRE512GB', 'http://Veikals3.lv/MKNSSDRE512GB', 0, 28.28),
(2146, 1, 'AGT3-25SAT3-360G', 'http://Veikals1.lv/AGT3-25SAT3-360G', 1, 108.61),
(2147, 2, 'AGT3-25SAT3-360G', 'http://Veikals2.lv/AGT3-25SAT3-360G', 1, 116.85),
(2148, 3, 'AGT3-25SAT3-360G', 'http://Veikals3.lv/AGT3-25SAT3-360G', 0, 25.45),
(2149, 1, 'WDBMMA0030HNC-NRSN', 'http://Veikals1.lv/WDBMMA0030HNC-NRSN', 0, 73.84),
(2150, 2, 'WDBMMA0030HNC-NRSN', 'http://Veikals2.lv/WDBMMA0030HNC-NRSN', 1, 11.62),
(2151, 3, 'WDBMMA0030HNC-NRSN', 'http://Veikals3.lv/WDBMMA0030HNC-NRSN', 1, 44.90),
(2152, 1, 'AXHD1TB7235A36D', 'http://Veikals1.lv/AXHD1TB7235A36D', 0, 64.49),
(2153, 2, 'AXHD1TB7235A36D', 'http://Veikals2.lv/AXHD1TB7235A36D', 0, 90.11),
(2154, 3, 'AXHD1TB7235A36D', 'http://Veikals3.lv/AXHD1TB7235A36D', 0, 17.17),
(2155, 1, 'SV300S3N7A/480G', 'http://Veikals1.lv/SV300S3N7A/480G', 1, 114.23),
(2156, 2, 'SV300S3N7A/480G', 'http://Veikals2.lv/SV300S3N7A/480G', 1, 16.84),
(2157, 3, 'SV300S3N7A/480G', 'http://Veikals3.lv/SV300S3N7A/480G', 0, 37.90),
(2158, 1, '900753', 'http://Veikals1.lv/900753', 1, 82.28),
(2159, 2, '900753', 'http://Veikals2.lv/900753', 0, 135.06),
(2160, 1, 'CT256M550SSD1', 'http://Veikals1.lv/CT256M550SSD1', 0, 62.53),
(2161, 2, 'CT256M550SSD1', 'http://Veikals2.lv/CT256M550SSD1', 0, 81.71),
(2162, 1, 'TS512GSSD370S', 'http://Veikals1.lv/TS512GSSD370S', 0, 25.50),
(2163, 2, 'TS512GSSD370S', 'http://Veikals2.lv/TS512GSSD370S', 0, 125.44),
(2164, 1, 'TS128GSSD340', 'http://Veikals1.lv/TS128GSSD340', 0, 68.99),
(2165, 2, 'TS128GSSD340', 'http://Veikals2.lv/TS128GSSD340', 0, 38.13),
(2166, 3, 'TS128GSSD340', 'http://Veikals3.lv/TS128GSSD340', 0, 131.23),
(2167, 1, 'MKNSSDCR120GB-DX7', 'http://Veikals1.lv/MKNSSDCR120GB-DX7', 1, 89.41),
(2168, 2, 'MKNSSDCR120GB-DX7', 'http://Veikals2.lv/MKNSSDCR120GB-DX7', 1, 70.98),
(2169, 1, '900781', 'http://Veikals1.lv/900781', 0, 58.43),
(2170, 2, '900781', 'http://Veikals2.lv/900781', 1, 67.40),
(2171, 3, '900781', 'http://Veikals3.lv/900781', 0, 53.79),
(2172, 1, 'SSDSC2BW240H601', 'http://Veikals1.lv/SSDSC2BW240H601', 0, 31.85),
(2173, 1, 'SV300S3D7/480G', 'http://Veikals1.lv/SV300S3D7/480G', 0, 135.28),
(2174, 2, 'SV300S3D7/480G', 'http://Veikals2.lv/SV300S3D7/480G', 1, 74.38),
(2175, 1, 'SSDSC2BX200G401', 'http://Veikals1.lv/SSDSC2BX200G401', 1, 109.91),
(2176, 2, 'SSDSC2BX200G401', 'http://Veikals2.lv/SSDSC2BX200G401', 1, 35.72),
(2177, 1, 'FTM24N325H', 'http://Veikals1.lv/FTM24N325H', 0, 95.47),
(2178, 1, 'CTFDDAC256MAG-1G1', 'http://Veikals1.lv/CTFDDAC256MAG-1G1', 0, 104.75),
(2179, 2, 'CTFDDAC256MAG-1G1', 'http://Veikals2.lv/CTFDDAC256MAG-1G1', 0, 19.38),
(2180, 1, 'MKNSSDCR60GB', 'http://Veikals1.lv/MKNSSDCR60GB', 0, 83.40),
(2181, 1, 'PBT960GS25SSDR', 'http://Veikals1.lv/PBT960GS25SSDR', 1, 10.01),
(2182, 2, 'PBT960GS25SSDR', 'http://Veikals2.lv/PBT960GS25SSDR', 0, 116.07),
(2183, 1, 'MZ-7TE120BW', 'http://Veikals1.lv/MZ-7TE120BW', 1, 107.95),
(2184, 1, 'WD2500KS', 'http://Veikals1.lv/WD2500KS', 1, 57.25),
(2185, 2, 'WD2500KS', 'http://Veikals2.lv/WD2500KS', 1, 114.55),
(2186, 3, 'WD2500KS', 'http://Veikals3.lv/WD2500KS', 0, 131.59),
(2187, 1, 'AXH-SSD25T5200A', 'http://Veikals1.lv/AXH-SSD25T5200A', 1, 10.15),
(2188, 2, 'AXH-SSD25T5200A', 'http://Veikals2.lv/AXH-SSD25T5200A', 0, 100.67),
(2189, 3, 'AXH-SSD25T5200A', 'http://Veikals3.lv/AXH-SSD25T5200A', 0, 103.13),
(2190, 1, 'CT064M4SSD1', 'http://Veikals1.lv/CT064M4SSD1', 1, 15.77),
(2191, 2, 'CT064M4SSD1', 'http://Veikals2.lv/CT064M4SSD1', 1, 132.81),
(2192, 3, 'CT064M4SSD1', 'http://Veikals3.lv/CT064M4SSD1', 1, 115.40),
(2193, 1, 'HDTS796XZSTA', 'http://Veikals1.lv/HDTS796XZSTA', 0, 40.94),
(2194, 2, 'HDTS796XZSTA', 'http://Veikals2.lv/HDTS796XZSTA', 1, 122.57),
(2195, 3, 'HDTS796XZSTA', 'http://Veikals3.lv/HDTS796XZSTA', 0, 18.25),
(2196, 1, 'SDSSDRC-032G-G26', 'http://Veikals1.lv/SDSSDRC-032G-G26', 1, 127.57),
(2197, 2, 'SDSSDRC-032G-G26', 'http://Veikals2.lv/SDSSDRC-032G-G26', 0, 88.45),
(2198, 1, 'APLSSD36E512-AX', 'http://Veikals1.lv/APLSSD36E512-AX', 0, 128.79),
(2199, 2, 'APLSSD36E512-AX', 'http://Veikals2.lv/APLSSD36E512-AX', 1, 16.24),
(2200, 3, 'APLSSD36E512-AX', 'http://Veikals3.lv/APLSSD36E512-AX', 0, 18.38),
(2201, 1, 'APLSSD36E128-AX', 'http://Veikals1.lv/APLSSD36E128-AX', 1, 84.03),
(2202, 2, 'APLSSD36E128-AX', 'http://Veikals2.lv/APLSSD36E128-AX', 1, 41.10),
(2203, 3, 'APLSSD36E128-AX', 'http://Veikals3.lv/APLSSD36E128-AX', 0, 86.78),
(2204, 1, 'N5S-120G', 'http://Veikals1.lv/N5S-120G', 0, 123.76),
(2205, 2, 'N5S-120G', 'http://Veikals2.lv/N5S-120G', 1, 71.59),
(2206, 3, 'N5S-120G', 'http://Veikals3.lv/N5S-120G', 1, 93.43),
(2207, 1, 'SDSSDP-064G-G25', 'http://Veikals1.lv/SDSSDP-064G-G25', 1, 137.32),
(2208, 1, 'SH103S3/240G', 'http://Veikals1.lv/SH103S3/240G', 1, 112.38),
(2209, 2, 'SH103S3/240G', 'http://Veikals2.lv/SH103S3/240G', 1, 80.54),
(2210, 3, 'SH103S3/240G', 'http://Veikals3.lv/SH103S3/240G', 0, 70.88),
(2211, 1, 'SDSSDXP-120G-G25', 'http://Veikals1.lv/SDSSDXP-120G-G25', 1, 63.96),
(2212, 2, 'SDSSDXP-120G-G25', 'http://Veikals2.lv/SDSSDXP-120G-G25', 0, 42.37),
(2213, 3, 'SDSSDXP-120G-G25', 'http://Veikals3.lv/SDSSDXP-120G-G25', 0, 107.85),
(2214, 1, 'PBT480GS25SSDR', 'http://Veikals1.lv/PBT480GS25SSDR', 0, 68.18),
(2215, 2, 'PBT480GS25SSDR', 'http://Veikals2.lv/PBT480GS25SSDR', 0, 137.06),
(2216, 1, 'MZ-7TD250KW', 'http://Veikals1.lv/MZ-7TD250KW', 1, 130.26),
(2217, 1, 'AXH-SSD25T5400A', 'http://Veikals1.lv/AXH-SSD25T5400A', 0, 59.50),
(2218, 2, 'AXH-SSD25T5400A', 'http://Veikals2.lv/AXH-SSD25T5400A', 0, 74.79),
(2219, 1, 'SSDSC2BA400G301', 'http://Veikals1.lv/SSDSC2BA400G301', 1, 79.37),
(2220, 1, 'TS512GSSD370', 'http://Veikals1.lv/TS512GSSD370', 1, 50.97),
(2221, 2, 'TS512GSSD370', 'http://Veikals2.lv/TS512GSSD370', 1, 25.68),
(2222, 1, '900512', 'http://Veikals1.lv/900512', 0, 71.23),
(2223, 1, 'MKNSSDCL240GB-DX', 'http://Veikals1.lv/MKNSSDCL240GB-DX', 1, 68.41),
(2224, 2, 'MKNSSDCL240GB-DX', 'http://Veikals2.lv/MKNSSDCL240GB-DX', 0, 62.36),
(2225, 3, 'MKNSSDCL240GB-DX', 'http://Veikals3.lv/MKNSSDCL240GB-DX', 0, 115.68),
(2226, 1, 'T253LE480GTC101', 'http://Veikals1.lv/T253LE480GTC101', 0, 109.08),
(2227, 2, 'T253LE480GTC101', 'http://Veikals2.lv/T253LE480GTC101', 1, 90.39),
(2228, 3, 'T253LE480GTC101', 'http://Veikals3.lv/T253LE480GTC101', 0, 30.28),
(2229, 1, 'CT256V4SSD2BAA', 'http://Veikals1.lv/CT256V4SSD2BAA', 1, 119.39),
(2230, 2, 'CT256V4SSD2BAA', 'http://Veikals2.lv/CT256V4SSD2BAA', 1, 104.69),
(2231, 3, 'CT256V4SSD2BAA', 'http://Veikals3.lv/CT256V4SSD2BAA', 1, 47.52),
(2232, 1, 'CT1000BX100SSD1', 'http://Veikals1.lv/CT1000BX100SSD1', 0, 59.12),
(2233, 2, 'CT1000BX100SSD1', 'http://Veikals2.lv/CT1000BX100SSD1', 0, 126.54),
(2234, 1, 'ASP920SS3-128GM-C', 'http://Veikals1.lv/ASP920SS3-128GM-C', 0, 103.70),
(2235, 1, 'WD1601ABYS', 'http://Veikals1.lv/WD1601ABYS', 0, 63.63),
(2236, 2, 'WD1601ABYS', 'http://Veikals2.lv/WD1601ABYS', 1, 118.36),
(2237, 3, 'WD1601ABYS', 'http://Veikals3.lv/WD1601ABYS', 0, 69.98),
(2238, 1, 'CT480M500SSD3', 'http://Veikals1.lv/CT480M500SSD3', 0, 87.40),
(2239, 1, 'AMPSSD36E1TB-AX', 'http://Veikals1.lv/AMPSSD36E1TB-AX', 1, 136.08),
(2240, 1, 'HUA721050KLA330 (0A35770)', 'http://Veikals1.lv/HUA721050KLA330 (0A35770)', 1, 106.78),
(2241, 1, 'MZ-7TD250BW', 'http://Veikals1.lv/MZ-7TD250BW', 1, 14.36),
(2242, 1, 'MKNSSDCR240GB-DX7', 'http://Veikals1.lv/MKNSSDCR240GB-DX7', 1, 90.89),
(2243, 1, 'ZTSSD-A5P-240G', 'http://Veikals1.lv/ZTSSD-A5P-240G', 0, 12.91),
(2244, 2, 'ZTSSD-A5P-240G', 'http://Veikals2.lv/ZTSSD-A5P-240G', 0, 47.44),
(2245, 1, 'SD7SB3Q-064G-1122', 'http://Veikals1.lv/SD7SB3Q-064G-1122', 1, 68.37),
(2246, 1, 'HDTS451XZSTA', 'http://Veikals1.lv/HDTS451XZSTA', 1, 33.68),
(2247, 1, 'SSD9SC120GMDF-RB', 'http://Veikals1.lv/SSD9SC120GMDF-RB', 1, 39.87),
(2248, 2, 'SSD9SC120GMDF-RB', 'http://Veikals2.lv/SSD9SC120GMDF-RB', 0, 124.21),
(2249, 3, 'SSD9SC120GMDF-RB', 'http://Veikals3.lv/SSD9SC120GMDF-RB', 1, 84.74),
(2250, 1, 'SDSSDHII-120G-G25', 'http://Veikals1.lv/SDSSDHII-120G-G25', 1, 105.59),
(2251, 1, 'ST5000AS0001', 'http://Veikals1.lv/ST5000AS0001', 1, 10.87),
(2252, 2, 'ST5000AS0001', 'http://Veikals2.lv/ST5000AS0001', 1, 91.03),
(2253, 1, 'ZTSSD-A5P-240G-PE', 'http://Veikals1.lv/ZTSSD-A5P-240G-PE', 0, 17.08),
(2254, 2, 'ZTSSD-A5P-240G-PE', 'http://Veikals2.lv/ZTSSD-A5P-240G-PE', 1, 34.80),
(2255, 1, 'SSDSA2CW080G310', 'http://Veikals1.lv/SSDSA2CW080G310', 0, 105.36),
(2256, 2, 'SSDSA2CW080G310', 'http://Veikals2.lv/SSDSA2CW080G310', 1, 70.92),
(2257, 3, 'SSDSA2CW080G310', 'http://Veikals3.lv/SSDSA2CW080G310', 0, 20.70),
(2258, 1, 'MKNSSDST240GB', 'http://Veikals1.lv/MKNSSDST240GB', 0, 55.43),
(2259, 2, 'MKNSSDST240GB', 'http://Veikals2.lv/MKNSSDST240GB', 1, 54.09),
(2260, 1, 'AGT3-25SAT3-60G', 'http://Veikals1.lv/AGT3-25SAT3-60G', 1, 19.56),
(2261, 2, 'AGT3-25SAT3-60G', 'http://Veikals2.lv/AGT3-25SAT3-60G', 1, 86.35),
(2262, 3, 'AGT3-25SAT3-60G', 'http://Veikals3.lv/AGT3-25SAT3-60G', 0, 29.44),
(2263, 1, 'OCT1-25SAT3-256G', 'http://Veikals1.lv/OCT1-25SAT3-256G', 1, 104.84),
(2264, 2, 'OCT1-25SAT3-256G', 'http://Veikals2.lv/OCT1-25SAT3-256G', 1, 93.55),
(2265, 1, 'PX-512M5P', 'http://Veikals1.lv/PX-512M5P', 1, 66.04),
(2266, 1, 'CT064M4SSD2CCA', 'http://Veikals1.lv/CT064M4SSD2CCA', 1, 34.30),
(2267, 2, 'CT064M4SSD2CCA', 'http://Veikals2.lv/CT064M4SSD2CCA', 1, 128.65),
(2268, 1, 'CT512M4SSD1', 'http://Veikals1.lv/CT512M4SSD1', 0, 137.71),
(2269, 1, 'MKNSSDCR240GB-G2', 'http://Veikals1.lv/MKNSSDCR240GB-G2', 0, 132.00),
(2270, 2, 'MKNSSDCR240GB-G2', 'http://Veikals2.lv/MKNSSDCR240GB-G2', 1, 106.47),
(2271, 3, 'MKNSSDCR240GB-G2', 'http://Veikals3.lv/MKNSSDCR240GB-G2', 1, 63.99),
(2272, 1, 'SV300S3N7A/60G', 'http://Veikals1.lv/SV300S3N7A/60G', 1, 112.94),
(2273, 2, 'SV300S3N7A/60G', 'http://Veikals2.lv/SV300S3N7A/60G', 0, 28.74),
(2274, 3, 'SV300S3N7A/60G', 'http://Veikals3.lv/SV300S3N7A/60G', 1, 51.19),
(2275, 1, 'APLSSD26E512-AX', 'http://Veikals1.lv/APLSSD26E512-AX', 0, 91.58),
(2276, 2, 'APLSSD26E512-AX', 'http://Veikals2.lv/APLSSD26E512-AX', 0, 70.87),
(2277, 3, 'APLSSD26E512-AX', 'http://Veikals3.lv/APLSSD26E512-AX', 0, 38.03),
(2278, 1, 'SH100S3B/120G', 'http://Veikals1.lv/SH100S3B/120G', 0, 136.42),
(2279, 2, 'SH100S3B/120G', 'http://Veikals2.lv/SH100S3B/120G', 0, 31.46),
(2280, 1, 'PX-128M3', 'http://Veikals1.lv/PX-128M3', 1, 35.77),
(2281, 1, 'APLSSD36E256-AX', 'http://Veikals1.lv/APLSSD36E256-AX', 0, 65.62),
(2282, 2, 'APLSSD36E256-AX', 'http://Veikals2.lv/APLSSD36E256-AX', 0, 100.12),
(2283, 3, 'APLSSD36E256-AX', 'http://Veikals3.lv/APLSSD36E256-AX', 1, 30.76),
(2284, 1, 'ST1500DL003', 'http://Veikals1.lv/ST1500DL003', 1, 139.47),
(2285, 2, 'ST1500DL003', 'http://Veikals2.lv/ST1500DL003', 0, 131.78),
(2286, 1, 'DT01ACA100', 'http://Veikals1.lv/DT01ACA100', 0, 131.64),
(2287, 2, 'DT01ACA100', 'http://Veikals2.lv/DT01ACA100', 0, 31.69),
(2288, 1, 'SSDSC2BA200G301', 'http://Veikals1.lv/SSDSC2BA200G301', 1, 126.37),
(2289, 1, 'PB120GS25SSDR', 'http://Veikals1.lv/PB120GS25SSDR', 0, 22.47),
(2290, 1, 'AXD-SSD25T5200E', 'http://Veikals1.lv/AXD-SSD25T5200E', 0, 107.16),
(2291, 1, 'ZTSSD-A4P-120G', 'http://Veikals1.lv/ZTSSD-A4P-120G', 1, 66.69),
(2292, 2, 'ZTSSD-A4P-120G', 'http://Veikals2.lv/ZTSSD-A4P-120G', 1, 58.65),
(2293, 1, 'SSD7CS2211-240-RB', 'http://Veikals1.lv/SSD7CS2211-240-RB', 1, 106.88),
(2294, 2, 'SSD7CS2211-240-RB', 'http://Veikals2.lv/SSD7CS2211-240-RB', 1, 48.98),
(2295, 1, 'MKNSSDCR480GB-7-A', 'http://Veikals1.lv/MKNSSDCR480GB-7-A', 1, 66.18),
(2296, 1, 'AXI-SSD25T5200B', 'http://Veikals1.lv/AXI-SSD25T5200B', 0, 74.08),
(2297, 2, 'AXI-SSD25T5200B', 'http://Veikals2.lv/AXI-SSD25T5200B', 0, 62.72),
(2298, 3, 'AXI-SSD25T5200B', 'http://Veikals3.lv/AXI-SSD25T5200B', 0, 51.18),
(2299, 1, 'VTX450-25SAT3-512G', 'http://Veikals1.lv/VTX450-25SAT3-512G', 0, 33.65),
(2300, 1, 'AXL-SSD25T5200A', 'http://Veikals1.lv/AXL-SSD25T5200A', 1, 12.62),
(2301, 2, 'AXL-SSD25T5200A', 'http://Veikals2.lv/AXL-SSD25T5200A', 0, 136.67),
(2302, 1, 'SSD7CL4111-120-RB', 'http://Veikals1.lv/SSD7CL4111-120-RB', 0, 13.41),
(2303, 1, 'ST3500320AS', 'http://Veikals1.lv/ST3500320AS', 1, 49.31),
(2304, 2, 'ST3500320AS', 'http://Veikals2.lv/ST3500320AS', 0, 100.75),
(2305, 1, 'SSDSC2BB240G401', 'http://Veikals1.lv/SSDSC2BB240G401', 1, 109.84),
(2306, 2, 'SSDSC2BB240G401', 'http://Veikals2.lv/SSDSC2BB240G401', 1, 136.94),
(2307, 1, 'SSDSC2BF480H501', 'http://Veikals1.lv/SSDSC2BF480H501', 1, 55.88),
(2308, 1, 'SSDSC2BX400G401', 'http://Veikals1.lv/SSDSC2BX400G401', 1, 41.59),
(2309, 2, 'SSDSC2BX400G401', 'http://Veikals2.lv/SSDSC2BX400G401', 1, 123.88),
(2310, 3, 'SSDSC2BX400G401', 'http://Veikals3.lv/SSDSC2BX400G401', 0, 134.92),
(2311, 1, 'SSD7CS1211-480-RB', 'http://Veikals1.lv/SSD7CS1211-480-RB', 1, 132.89),
(2312, 1, 'ASX900S3-256GM-C', 'http://Veikals1.lv/ASX900S3-256GM-C', 0, 23.73),
(2313, 2, 'ASX900S3-256GM-C', 'http://Veikals2.lv/ASX900S3-256GM-C', 0, 65.60),
(2314, 1, 'CT128M4SSD1CCA', 'http://Veikals1.lv/CT128M4SSD1CCA', 1, 129.96),
(2315, 1, 'SSDSC2BF240H501', 'http://Veikals1.lv/SSDSC2BF240H501', 0, 28.05),
(2316, 2, 'SSDSC2BF240H501', 'http://Veikals2.lv/SSDSC2BF240H501', 1, 27.61),
(2317, 1, 'SP120GBSS3S55S25', 'http://Veikals1.lv/SP120GBSS3S55S25', 0, 127.97),
(2318, 2, 'SP120GBSS3S55S25', 'http://Veikals2.lv/SP120GBSS3S55S25', 0, 74.52),
(2319, 3, 'SP120GBSS3S55S25', 'http://Veikals3.lv/SP120GBSS3S55S25', 0, 132.72),
(2320, 1, 'AXL-SSD25T5400A', 'http://Veikals1.lv/AXL-SSD25T5400A', 0, 70.24),
(2321, 1, 'N5M-60G', 'http://Veikals1.lv/N5M-60G', 0, 19.39),
(2322, 1, 'MZ-7KE2T0BW', 'http://Veikals1.lv/MZ-7KE2T0BW', 0, 94.44),
(2323, 2, 'MZ-7KE2T0BW', 'http://Veikals2.lv/MZ-7KE2T0BW', 1, 37.89),
(2324, 3, 'MZ-7KE2T0BW', 'http://Veikals3.lv/MZ-7KE2T0BW', 0, 91.86),
(2325, 1, 'SSDSC2BP480G4R5', 'http://Veikals1.lv/SSDSC2BP480G4R5', 0, 112.14),
(2326, 2, 'SSDSC2BP480G4R5', 'http://Veikals2.lv/SSDSC2BP480G4R5', 1, 14.97),
(2327, 3, 'SSDSC2BP480G4R5', 'http://Veikals3.lv/SSDSC2BP480G4R5', 1, 43.90),
(2328, 1, 'ST3160215AS', 'http://Veikals1.lv/ST3160215AS', 0, 104.60),
(2329, 2, 'ST3160215AS', 'http://Veikals2.lv/ST3160215AS', 1, 91.45),
(2330, 1, 'MZ-7TD120BW', 'http://Veikals1.lv/MZ-7TD120BW', 1, 60.17),
(2331, 1, 'SDSSDP-256G-G25', 'http://Veikals1.lv/SDSSDP-256G-G25', 0, 14.78),
(2332, 1, 'TRN100-25SAT3-960G', 'http://Veikals1.lv/TRN100-25SAT3-960G', 0, 39.86),
(2333, 1, 'ST3250310SV', 'http://Veikals1.lv/ST3250310SV', 1, 106.90),
(2334, 2, 'ST3250310SV', 'http://Veikals2.lv/ST3250310SV', 0, 29.24),
(2335, 1, 'PX-512M5Pro', 'http://Veikals1.lv/PX-512M5Pro', 0, 101.59),
(2336, 2, 'PX-512M5Pro', 'http://Veikals2.lv/PX-512M5Pro', 1, 41.90),
(2337, 3, 'PX-512M5Pro', 'http://Veikals3.lv/PX-512M5Pro', 1, 59.87),
(2338, 1, 'SSDSC2BX016T401', 'http://Veikals1.lv/SSDSC2BX016T401', 1, 135.31),
(2339, 1, '900625', 'http://Veikals1.lv/900625', 1, 19.97),
(2340, 2, '900625', 'http://Veikals2.lv/900625', 0, 54.16),
(2341, 3, '900625', 'http://Veikals3.lv/900625', 0, 36.84),
(2342, 1, 'SHSS37A/960G', 'http://Veikals1.lv/SHSS37A/960G', 1, 44.66),
(2343, 2, 'SHSS37A/960G', 'http://Veikals2.lv/SHSS37A/960G', 1, 125.44),
(2344, 3, 'SHSS37A/960G', 'http://Veikals3.lv/SHSS37A/960G', 1, 125.93),
(2345, 1, 'SSDSC2BB080G401', 'http://Veikals1.lv/SSDSC2BB080G401', 1, 60.36),
(2346, 1, 'HDTS312XZSTA', 'http://Veikals1.lv/HDTS312XZSTA', 1, 74.15),
(2347, 2, 'HDTS312XZSTA', 'http://Veikals2.lv/HDTS312XZSTA', 0, 82.35),
(2348, 1, 'SV300S37A/60G', 'http://Veikals1.lv/SV300S37A/60G', 0, 19.13),
(2349, 2, 'SV300S37A/60G', 'http://Veikals2.lv/SV300S37A/60G', 0, 53.74),
(2350, 3, 'SV300S37A/60G', 'http://Veikals3.lv/SV300S37A/60G', 1, 13.35),
(2351, 1, 'ST3500630AS', 'http://Veikals1.lv/ST3500630AS', 1, 104.21),
(2352, 2, 'ST3500630AS', 'http://Veikals2.lv/ST3500630AS', 0, 134.87),
(2353, 3, 'ST3500630AS', 'http://Veikals3.lv/ST3500630AS', 0, 101.61),
(2354, 1, 'ST3500641NS', 'http://Veikals1.lv/ST3500641NS', 1, 91.19),
(2355, 1, 'CT120M500SSD1', 'http://Veikals1.lv/CT120M500SSD1', 1, 81.23),
(2356, 2, 'CT120M500SSD1', 'http://Veikals2.lv/CT120M500SSD1', 0, 59.16),
(2357, 1, 'HDS721616PLA380 (0A32728)', 'http://Veikals1.lv/HDS721616PLA380 (0A32728)', 0, 40.22),
(2358, 2, 'HDS721616PLA380 (0A32728)', 'http://Veikals2.lv/HDS721616PLA380 (0A32728)', 1, 116.02),
(2359, 1, '7H500F0', 'http://Veikals1.lv/7H500F0', 1, 128.29),
(2360, 2, '7H500F0', 'http://Veikals2.lv/7H500F0', 0, 21.52),
(2361, 1, 'SD8SBAT-128G-1122', 'http://Veikals1.lv/SD8SBAT-128G-1122', 1, 24.49),
(2362, 1, 'WD4000F9YZ', 'http://Veikals1.lv/WD4000F9YZ', 0, 105.90),
(2363, 1, 'PP120GS25SSDR', 'http://Veikals1.lv/PP120GS25SSDR', 0, 80.39),
(2364, 1, 'AXD-SSD25T5400G', 'http://Veikals1.lv/AXD-SSD25T5400G', 0, 109.74),
(2365, 1, 'ST380215AS', 'http://Veikals1.lv/ST380215AS', 0, 20.98),
(2366, 1, 'ST3250310NS', 'http://Veikals1.lv/ST3250310NS', 0, 24.08),
(2367, 1, 'SSDSC2BB480G401', 'http://Veikals1.lv/SSDSC2BB480G401', 1, 93.10),
(2368, 2, 'SSDSC2BB480G401', 'http://Veikals2.lv/SSDSC2BB480G401', 0, 133.89),
(2369, 1, 'HDTS724XZSTA', 'http://Veikals1.lv/HDTS724XZSTA', 0, 136.32),
(2370, 1, 'SHSS3B7A/120G', 'http://Veikals1.lv/SHSS3B7A/120G', 0, 132.34),
(2371, 1, 'MZ-7PD512BW', 'http://Veikals1.lv/MZ-7PD512BW', 1, 102.41),
(2372, 1, 'ST3400633AS', 'http://Veikals1.lv/ST3400633AS', 1, 64.38),
(2373, 2, 'ST3400633AS', 'http://Veikals2.lv/ST3400633AS', 1, 31.48),
(2374, 1, 'MKNSSDCR120GB-MX', 'http://Veikals1.lv/MKNSSDCR120GB-MX', 1, 60.04),
(2375, 2, 'MKNSSDCR120GB-MX', 'http://Veikals2.lv/MKNSSDCR120GB-MX', 0, 21.30),
(2376, 3, 'MKNSSDCR120GB-MX', 'http://Veikals3.lv/MKNSSDCR120GB-MX', 1, 28.63),
(2377, 1, 'CSSD-F60GBLS', 'http://Veikals1.lv/CSSD-F60GBLS', 0, 11.86),
(2378, 2, 'CSSD-F60GBLS', 'http://Veikals2.lv/CSSD-F60GBLS', 0, 20.45),
(2379, 1, 'WD2500YS', 'http://Veikals1.lv/WD2500YS', 1, 13.19),
(2380, 2, 'WD2500YS', 'http://Veikals2.lv/WD2500YS', 1, 73.58),
(2381, 3, 'WD2500YS', 'http://Veikals3.lv/WD2500YS', 1, 134.06),
(2382, 1, 'HUS724040ALA640 (0F14688)', 'http://Veikals1.lv/HUS724040ALA640 (0F14688)', 1, 135.12),
(2383, 1, 'MD03ACA200V', 'http://Veikals1.lv/MD03ACA200V', 1, 45.14),
(2384, 2, 'MD03ACA200V', 'http://Veikals2.lv/MD03ACA200V', 1, 131.07),
(2385, 3, 'MD03ACA200V', 'http://Veikals3.lv/MD03ACA200V', 0, 73.07),
(2386, 1, 'AXH-SSD25T5400B', 'http://Veikals1.lv/AXH-SSD25T5400B', 1, 75.33),
(2387, 1, 'PBT240GS25SSDR', 'http://Veikals1.lv/PBT240GS25SSDR', 1, 41.32),
(2388, 2, 'PBT240GS25SSDR', 'http://Veikals2.lv/PBT240GS25SSDR', 1, 118.99),
(2389, 3, 'PBT240GS25SSDR', 'http://Veikals3.lv/PBT240GS25SSDR', 1, 112.75),
(2390, 1, 'MKNSSDCR480GB-G2', 'http://Veikals1.lv/MKNSSDCR480GB-G2', 1, 70.71),
(2391, 2, 'MKNSSDCR480GB-G2', 'http://Veikals2.lv/MKNSSDCR480GB-G2', 0, 120.85),
(2392, 3, 'MKNSSDCR480GB-G2', 'http://Veikals3.lv/MKNSSDCR480GB-G2', 1, 63.84),
(2393, 1, 'SDSSDX-120G-G25', 'http://Veikals1.lv/SDSSDX-120G-G25', 0, 72.51),
(2394, 2, 'SDSSDX-120G-G25', 'http://Veikals2.lv/SDSSDX-120G-G25', 0, 115.29),
(2395, 1, 'SSDSA2CW300G310', 'http://Veikals1.lv/SSDSA2CW300G310', 1, 123.32),
(2396, 2, 'SSDSA2CW300G310', 'http://Veikals2.lv/SSDSA2CW300G310', 0, 26.69),
(2397, 3, 'SSDSA2CW300G310', 'http://Veikals3.lv/SSDSA2CW300G310', 1, 80.65),
(2398, 1, 'PX-128M5S', 'http://Veikals1.lv/PX-128M5S', 0, 103.29),
(2399, 2, 'PX-128M5S', 'http://Veikals2.lv/PX-128M5S', 1, 15.85),
(2400, 1, 'HDTS124XZSWA', 'http://Veikals1.lv/HDTS124XZSWA', 1, 21.55),
(2401, 1, 'FTM28GL25H', 'http://Veikals1.lv/FTM28GL25H', 1, 129.53),
(2402, 2, 'FTM28GL25H', 'http://Veikals2.lv/FTM28GL25H', 1, 105.61),
(2403, 1, 'SSDSC2BA400G3ES', 'http://Veikals1.lv/SSDSC2BA400G3ES', 0, 21.51),
(2404, 1, 'SSDSC2KW010X6X1', 'http://Veikals1.lv/SSDSC2KW010X6X1', 1, 37.67),
(2405, 2, 'SSDSC2KW010X6X1', 'http://Veikals2.lv/SSDSC2KW010X6X1', 1, 118.50),
(2406, 1, 'WD7500AAVS-00D7B0', 'http://Veikals1.lv/WD7500AAVS-00D7B0', 1, 113.96),
(2407, 2, 'WD7500AAVS-00D7B0', 'http://Veikals2.lv/WD7500AAVS-00D7B0', 1, 11.58),
(2408, 1, 'PX-256M5S', 'http://Veikals1.lv/PX-256M5S', 1, 85.64),
(2409, 2, 'PX-256M5S', 'http://Veikals2.lv/PX-256M5S', 0, 129.53),
(2410, 1, 'SP240GBSS3S80S26', 'http://Veikals1.lv/SP240GBSS3S80S26', 0, 93.00),
(2411, 2, 'SP240GBSS3S80S26', 'http://Veikals2.lv/SP240GBSS3S80S26', 0, 59.19),
(2412, 3, 'SP240GBSS3S80S26', 'http://Veikals3.lv/SP240GBSS3S80S26', 0, 59.17),
(2413, 1, 'WD4002FFWX', 'http://Veikals1.lv/WD4002FFWX', 1, 118.74),
(2414, 2, 'WD4002FFWX', 'http://Veikals2.lv/WD4002FFWX', 0, 137.43),
(2415, 3, 'WD4002FFWX', 'http://Veikals3.lv/WD4002FFWX', 0, 107.22),
(2416, 1, 'FTM48N325H', 'http://Veikals1.lv/FTM48N325H', 1, 97.07),
(2417, 1, 'Chronos deluxe', 'http://Veikals1.lv/Chronos deluxe', 1, 47.63),
(2418, 1, 'WD2500AAJS', 'http://Veikals1.lv/WD2500AAJS', 0, 86.03),
(2419, 2, 'WD2500AAJS', 'http://Veikals2.lv/WD2500AAJS', 1, 96.17),
(2420, 3, 'WD2500AAJS', 'http://Veikals3.lv/WD2500AAJS', 1, 71.11),
(2421, 1, 'SSD9SC120GCDA-RB', 'http://Veikals1.lv/SSD9SC120GCDA-RB', 1, 74.49),
(2422, 2, 'SSD9SC120GCDA-RB', 'http://Veikals2.lv/SSD9SC120GCDA-RB', 1, 23.90),
(2423, 1, 'PI240GS325SSDR', 'http://Veikals1.lv/PI240GS325SSDR', 0, 29.94),
(2424, 2, 'PI240GS325SSDR', 'http://Veikals2.lv/PI240GS325SSDR', 0, 30.28),
(2425, 3, 'PI240GS325SSDR', 'http://Veikals3.lv/PI240GS325SSDR', 0, 86.99),
(2426, 1, 'CT128V4SSD2', 'http://Veikals1.lv/CT128V4SSD2', 0, 117.49),
(2427, 1, 'CT512M550SSD1', 'http://Veikals1.lv/CT512M550SSD1', 0, 94.69),
(2428, 2, 'CT512M550SSD1', 'http://Veikals2.lv/CT512M550SSD1', 0, 136.44),
(2429, 3, 'CT512M550SSD1', 'http://Veikals3.lv/CT512M550SSD1', 0, 10.29),
(2430, 1, 'FM-25S3-240GPF', 'http://Veikals1.lv/FM-25S3-240GPF', 0, 55.58),
(2431, 2, 'FM-25S3-240GPF', 'http://Veikals2.lv/FM-25S3-240GPF', 0, 70.97),
(2432, 3, 'FM-25S3-240GPF', 'http://Veikals3.lv/FM-25S3-240GPF', 1, 119.53),
(2433, 1, 'H3IK40003272SW (0S03363)', 'http://Veikals1.lv/H3IK40003272SW (0S03363)', 1, 22.74),
(2434, 1, 'SSDSC2BW240H6R5', 'http://Veikals1.lv/SSDSC2BW240H6R5', 0, 36.75),
(2435, 2, 'SSDSC2BW240H6R5', 'http://Veikals2.lv/SSDSC2BW240H6R5', 0, 98.43),
(2436, 1, 'HDWA130XZSTA', 'http://Veikals1.lv/HDWA130XZSTA', 0, 47.77),
(2437, 2, 'HDWA130XZSTA', 'http://Veikals2.lv/HDWA130XZSTA', 0, 109.03),
(2438, 1, 'CT1024M550SSD1', 'http://Veikals1.lv/CT1024M550SSD1', 0, 102.52),
(2439, 1, 'CT128MX100SSD1', 'http://Veikals1.lv/CT128MX100SSD1', 1, 57.03),
(2440, 2, 'CT128MX100SSD1', 'http://Veikals2.lv/CT128MX100SSD1', 1, 63.66),
(2441, 3, 'CT128MX100SSD1', 'http://Veikals3.lv/CT128MX100SSD1', 1, 20.82),
(2442, 1, 'MZ-7TE1T0BW', 'http://Veikals1.lv/MZ-7TE1T0BW', 0, 117.49),
(2443, 2, 'MZ-7TE1T0BW', 'http://Veikals2.lv/MZ-7TE1T0BW', 0, 125.22),
(2444, 1, '67Y2614-AX', 'http://Veikals1.lv/67Y2614-AX', 1, 72.06),
(2445, 2, '67Y2614-AX', 'http://Veikals2.lv/67Y2614-AX', 1, 111.09),
(2446, 3, '67Y2614-AX', 'http://Veikals3.lv/67Y2614-AX', 0, 33.81),
(2447, 1, 'MKNSSDCR60GB-G2', 'http://Veikals1.lv/MKNSSDCR60GB-G2', 1, 117.11),
(2448, 2, 'MKNSSDCR60GB-G2', 'http://Veikals2.lv/MKNSSDCR60GB-G2', 0, 44.50),
(2449, 1, 'VTX4-25SAT3-64G', 'http://Veikals1.lv/VTX4-25SAT3-64G', 0, 23.05),
(2450, 2, 'VTX4-25SAT3-64G', 'http://Veikals2.lv/VTX4-25SAT3-64G', 0, 102.54),
(2451, 1, 'AXHD2TB7235A36E', 'http://Veikals1.lv/AXHD2TB7235A36E', 1, 116.32),
(2452, 1, 'ASX900S3-64GM-C', 'http://Veikals1.lv/ASX900S3-64GM-C', 0, 91.19),
(2453, 2, 'ASX900S3-64GM-C', 'http://Veikals2.lv/ASX900S3-64GM-C', 1, 132.66),
(2454, 1, 'CSSD-F960GBLEB', 'http://Veikals1.lv/CSSD-F960GBLEB', 0, 46.17),
(2455, 1, '47372', 'http://Veikals1.lv/47372', 1, 91.27),
(2456, 2, '47372', 'http://Veikals2.lv/47372', 0, 16.47),
(2457, 3, '47372', 'http://Veikals3.lv/47372', 0, 87.98),
(2458, 1, '0A89472-AX', 'http://Veikals1.lv/0A89472-AX', 1, 44.12),
(2459, 2, '0A89472-AX', 'http://Veikals2.lv/0A89472-AX', 1, 139.72),
(2460, 1, 'OCZSSD2-2VTXE120G', 'http://Veikals1.lv/OCZSSD2-2VTXE120G', 0, 64.06),
(2461, 1, 'SUV300S37A/240G', 'http://Veikals1.lv/SUV300S37A/240G', 0, 81.11),
(2462, 2, 'SUV300S37A/240G', 'http://Veikals2.lv/SUV300S37A/240G', 1, 124.46),
(2463, 1, '691862-B21', 'http://Veikals1.lv/691862-B21', 0, 44.14),
(2464, 1, 'MZ-7TE500BW', 'http://Veikals1.lv/MZ-7TE500BW', 1, 81.44),
(2465, 1, 'HUH728060ALE600 (0F23269)', 'http://Veikals1.lv/HUH728060ALE600 (0F23269)', 1, 21.85),
(2466, 2, 'HUH728060ALE600 (0F23269)', 'http://Veikals2.lv/HUH728060ALE600 (0F23269)', 1, 82.94),
(2467, 3, 'HUH728060ALE600 (0F23269)', 'http://Veikals3.lv/HUH728060ALE600 (0F23269)', 1, 138.00),
(2468, 1, 'TS128GSSD720', 'http://Veikals1.lv/TS128GSSD720', 0, 107.66),
(2469, 1, 'SP060GBSS3S60S25', 'http://Veikals1.lv/SP060GBSS3S60S25', 0, 22.93),
(2470, 1, 'SSDSC2KW120H6X1', 'http://Veikals1.lv/SSDSC2KW120H6X1', 0, 53.16),
(2471, 1, 'SSD2546E1TB-AX', 'http://Veikals1.lv/SSD2546E1TB-AX', 0, 106.57),
(2472, 2, 'SSD2546E1TB-AX', 'http://Veikals2.lv/SSD2546E1TB-AX', 0, 65.35),
(2473, 1, 'J2V75AA', 'http://Veikals1.lv/J2V75AA', 1, 133.97),
(2474, 1, 'CT120M500SSD3', 'http://Veikals1.lv/CT120M500SSD3', 1, 54.93),
(2475, 2, 'CT120M500SSD3', 'http://Veikals2.lv/CT120M500SSD3', 1, 127.61),
(2476, 3, 'CT120M500SSD3', 'http://Veikals3.lv/CT120M500SSD3', 0, 37.09),
(2477, 1, 'SSDSC2BW120H601', 'http://Veikals1.lv/SSDSC2BW120H601', 1, 132.78),
(2478, 2, 'SSDSC2BW120H601', 'http://Veikals2.lv/SSDSC2BW120H601', 1, 81.05),
(2479, 3, 'SSDSC2BW120H601', 'http://Veikals3.lv/SSDSC2BW120H601', 1, 70.08),
(2480, 1, 'PP240GS25SSDR', 'http://Veikals1.lv/PP240GS25SSDR', 1, 94.84),
(2481, 2, 'PP240GS25SSDR', 'http://Veikals2.lv/PP240GS25SSDR', 1, 31.00),
(2482, 1, 'CT032V4SSD2', 'http://Veikals1.lv/CT032V4SSD2', 1, 137.67),
(2483, 1, 'SD7UB2Q-512G-1122', 'http://Veikals1.lv/SD7UB2Q-512G-1122', 0, 114.10),
(2484, 2, 'SD7UB2Q-512G-1122', 'http://Veikals2.lv/SD7UB2Q-512G-1122', 1, 45.25),
(2485, 1, 'ASP600S3-64GM-C', 'http://Veikals1.lv/ASP600S3-64GM-C', 0, 120.25),
(2486, 1, 'SV300S3D7/120G', 'http://Veikals1.lv/SV300S3D7/120G', 0, 78.83),
(2487, 2, 'SV300S3D7/120G', 'http://Veikals2.lv/SV300S3D7/120G', 0, 89.43),
(2488, 1, 'CT064M4SSD2', 'http://Veikals1.lv/CT064M4SSD2', 1, 16.99),
(2489, 1, 'MZ-7TE250LW', 'http://Veikals1.lv/MZ-7TE250LW', 1, 122.66),
(2490, 2, 'MZ-7TE250LW', 'http://Veikals2.lv/MZ-7TE250LW', 1, 106.37),
(2491, 1, 'PI960GS25SSDR', 'http://Veikals1.lv/PI960GS25SSDR', 0, 96.49),
(2492, 1, 'ASP920SS3-256GM-C', 'http://Veikals1.lv/ASP920SS3-256GM-C', 1, 74.88),
(2493, 1, 'SSD3546E256-AX', 'http://Veikals1.lv/SSD3546E256-AX', 0, 103.22),
(2494, 1, 'SSD3546E1TB-AX', 'http://Veikals1.lv/SSD3546E1TB-AX', 0, 71.84),
(2495, 2, 'SSD3546E1TB-AX', 'http://Veikals2.lv/SSD3546E1TB-AX', 1, 10.21),
(2496, 1, 'PE246518', 'http://Veikals1.lv/PE246518', 1, 118.25),
(2497, 2, 'PE246518', 'http://Veikals2.lv/PE246518', 0, 14.72),
(2498, 3, 'PE246518', 'http://Veikals3.lv/PE246518', 1, 37.60),
(2499, 1, 'CSSD-N480GBXTB', 'http://Veikals1.lv/CSSD-N480GBXTB', 0, 32.74),
(2500, 2, 'CSSD-N480GBXTB', 'http://Veikals2.lv/CSSD-N480GBXTB', 1, 53.87),
(2501, 1, 'SSDSC2BA400G401', 'http://Veikals1.lv/SSDSC2BA400G401', 0, 51.60),
(2502, 1, 'SSD7CL4111-480-RB', 'http://Veikals1.lv/SSD7CL4111-480-RB', 1, 95.42),
(2503, 2, 'SSD7CL4111-480-RB', 'http://Veikals2.lv/SSD7CL4111-480-RB', 0, 119.70),
(2504, 3, 'SSD7CL4111-480-RB', 'http://Veikals3.lv/SSD7CL4111-480-RB', 0, 136.38),
(2505, 1, '47379', 'http://Veikals1.lv/47379', 1, 30.70),
(2506, 2, '47379', 'http://Veikals2.lv/47379', 1, 136.61),
(2507, 3, '47379', 'http://Veikals3.lv/47379', 0, 91.79),
(2508, 1, 'SSDSC2BA100G3ES', 'http://Veikals1.lv/SSDSC2BA100G3ES', 0, 89.89),
(2509, 2, 'SSDSC2BA100G3ES', 'http://Veikals2.lv/SSDSC2BA100G3ES', 1, 137.78),
(2510, 1, 'CSSD-F240GBLSB', 'http://Veikals1.lv/CSSD-F240GBLSB', 0, 16.67),
(2511, 1, 'SP240GBSS3S60S25', 'http://Veikals1.lv/SP240GBSS3S60S25', 0, 100.26),
(2512, 1, 'MKNSSDCR120GB-7', 'http://Veikals1.lv/MKNSSDCR120GB-7', 0, 65.03),
(2513, 2, 'MKNSSDCR120GB-7', 'http://Veikals2.lv/MKNSSDCR120GB-7', 0, 118.45),
(2514, 1, 'SSDSC2BA800G301', 'http://Veikals1.lv/SSDSC2BA800G301', 1, 92.78),
(2515, 2, 'SSDSC2BA800G301', 'http://Veikals2.lv/SSDSC2BA800G301', 0, 19.69),
(2516, 1, 'SSDSC2KW360H6X1', 'http://Veikals1.lv/SSDSC2KW360H6X1', 1, 124.42),
(2517, 2, 'SSDSC2KW360H6X1', 'http://Veikals2.lv/SSDSC2KW360H6X1', 0, 43.82),
(2518, 1, 'SP480GBSS3S80S26', 'http://Veikals1.lv/SP480GBSS3S80S26', 1, 120.85),
(2519, 2, 'SP480GBSS3S80S26', 'http://Veikals2.lv/SP480GBSS3S80S26', 0, 120.18),
(2520, 1, 'MKNSSDCR240GB-DX', 'http://Veikals1.lv/MKNSSDCR240GB-DX', 1, 10.06),
(2521, 2, 'MKNSSDCR240GB-DX', 'http://Veikals2.lv/MKNSSDCR240GB-DX', 1, 67.32),
(2522, 3, 'MKNSSDCR240GB-DX', 'http://Veikals3.lv/MKNSSDCR240GB-DX', 0, 106.66),
(2523, 1, 'CT128M4SSD2BAA', 'http://Veikals1.lv/CT128M4SSD2BAA', 0, 12.44),
(2524, 2, 'CT128M4SSD2BAA', 'http://Veikals2.lv/CT128M4SSD2BAA', 0, 74.22),
(2525, 3, 'CT128M4SSD2BAA', 'http://Veikals3.lv/CT128M4SSD2BAA', 0, 79.60),
(2526, 1, 'HDTS712XZSTA', 'http://Veikals1.lv/HDTS712XZSTA', 1, 84.79),
(2527, 2, 'HDTS712XZSTA', 'http://Veikals2.lv/HDTS712XZSTA', 0, 36.84),
(2528, 1, 'SSD7SC240GOPT-RB', 'http://Veikals1.lv/SSD7SC240GOPT-RB', 1, 47.69),
(2529, 1, 'PX-512M6S+', 'http://Veikals1.lv/PX-512M6S+', 1, 25.38),
(2530, 2, 'PX-512M6S+', 'http://Veikals2.lv/PX-512M6S+', 1, 62.16),
(2531, 1, 'AXI-SSD25T5400A', 'http://Veikals1.lv/AXI-SSD25T5400A', 0, 81.90),
(2532, 2, 'AXI-SSD25T5400A', 'http://Veikals2.lv/AXI-SSD25T5400A', 1, 54.24),
(2533, 3, 'AXI-SSD25T5400A', 'http://Veikals3.lv/AXI-SSD25T5400A', 1, 135.68),
(2534, 1, 'SHFS37A/480G', 'http://Veikals1.lv/SHFS37A/480G', 0, 56.82),
(2535, 1, 'OCZSSD2-1VTXPL120G', 'http://Veikals1.lv/OCZSSD2-1VTXPL120G', 1, 11.86),
(2536, 1, 'TS128GSSD370', 'http://Veikals1.lv/TS128GSSD370', 1, 130.19),
(2537, 2, 'TS128GSSD370', 'http://Veikals2.lv/TS128GSSD370', 0, 118.72),
(2538, 1, 'SD8SBAT-032G-1122', 'http://Veikals1.lv/SD8SBAT-032G-1122', 0, 126.09),
(2539, 2, 'SD8SBAT-032G-1122', 'http://Veikals2.lv/SD8SBAT-032G-1122', 1, 89.91),
(2540, 1, 'MKNSSDCT100GB', 'http://Veikals1.lv/MKNSSDCT100GB', 0, 95.41),
(2541, 2, 'MKNSSDCT100GB', 'http://Veikals2.lv/MKNSSDCT100GB', 0, 58.71),
(2542, 1, 'OCZSSD2-1VTX120G', 'http://Veikals1.lv/OCZSSD2-1VTX120G', 1, 21.65),
(2543, 2, 'OCZSSD2-1VTX120G', 'http://Veikals2.lv/OCZSSD2-1VTX120G', 0, 131.10),
(2544, 1, 'PX-256M5Pro', 'http://Veikals1.lv/PX-256M5Pro', 0, 28.99),
(2545, 2, 'PX-256M5Pro', 'http://Veikals2.lv/PX-256M5Pro', 0, 123.25),
(2546, 1, 'SSDSC2BP480G410', 'http://Veikals1.lv/SSDSC2BP480G410', 1, 23.72),
(2547, 1, 'SSDSC2KW480H6X1', 'http://Veikals1.lv/SSDSC2KW480H6X1', 0, 82.70),
(2548, 1, 'MKNSSDCT50GB', 'http://Veikals1.lv/MKNSSDCT50GB', 0, 85.21),
(2549, 1, 'ARC100-25SAT3-480G', 'http://Veikals1.lv/ARC100-25SAT3-480G', 0, 91.99),
(2550, 2, 'ARC100-25SAT3-480G', 'http://Veikals2.lv/ARC100-25SAT3-480G', 1, 120.93),
(2551, 1, 'PX-128M6V', 'http://Veikals1.lv/PX-128M6V', 1, 52.57),
(2552, 2, 'PX-128M6V', 'http://Veikals2.lv/PX-128M6V', 1, 43.15),
(2553, 3, 'PX-128M6V', 'http://Veikals3.lv/PX-128M6V', 0, 89.16),
(2554, 1, 'CT1000MX200SSD1', 'http://Veikals1.lv/CT1000MX200SSD1', 1, 81.71),
(2555, 1, 'SSDSC2BW180H601', 'http://Veikals1.lv/SSDSC2BW180H601', 1, 14.50),
(2556, 2, 'SSDSC2BW180H601', 'http://Veikals2.lv/SSDSC2BW180H601', 1, 96.06),
(2557, 3, 'SSDSC2BW180H601', 'http://Veikals3.lv/SSDSC2BW180H601', 0, 44.12),
(2558, 1, 'SV200S3/256G', 'http://Veikals1.lv/SV200S3/256G', 0, 46.01),
(2559, 1, 'TS128GSSD370S', 'http://Veikals1.lv/TS128GSSD370S', 0, 103.69),
(2560, 1, 'SSD3546E512-AX', 'http://Veikals1.lv/SSD3546E512-AX', 0, 128.76),
(2561, 2, 'SSD3546E512-AX', 'http://Veikals2.lv/SSD3546E512-AX', 0, 124.01),
(2562, 3, 'SSD3546E512-AX', 'http://Veikals3.lv/SSD3546E512-AX', 1, 111.81),
(2563, 1, 'SH103S3B/120G', 'http://Veikals1.lv/SH103S3B/120G', 1, 103.55),
(2564, 2, 'SH103S3B/120G', 'http://Veikals2.lv/SH103S3B/120G', 0, 29.46),
(2565, 1, 'AGT4-25SAT3-128G', 'http://Veikals1.lv/AGT4-25SAT3-128G', 1, 112.58),
(2566, 2, 'AGT4-25SAT3-128G', 'http://Veikals2.lv/AGT4-25SAT3-128G', 0, 62.02),
(2567, 3, 'AGT4-25SAT3-128G', 'http://Veikals3.lv/AGT4-25SAT3-128G', 0, 45.27),
(2568, 1, 'MTFDDAK512MBF-1AN12A', 'http://Veikals1.lv/MTFDDAK512MBF-1AN12A', 1, 133.05),
(2569, 2, 'MTFDDAK512MBF-1AN12A', 'http://Veikals2.lv/MTFDDAK512MBF-1AN12A', 0, 82.49),
(2570, 3, 'MTFDDAK512MBF-1AN12A', 'http://Veikals3.lv/MTFDDAK512MBF-1AN12A', 0, 52.33),
(2571, 1, 'SSDSC2BB012T401', 'http://Veikals1.lv/SSDSC2BB012T401', 0, 133.22),
(2572, 2, 'SSDSC2BB012T401', 'http://Veikals2.lv/SSDSC2BB012T401', 0, 117.42),
(2573, 3, 'SSDSC2BB012T401', 'http://Veikals3.lv/SSDSC2BB012T401', 1, 136.66),
(2574, 1, 'APLSSD26E256-AX', 'http://Veikals1.lv/APLSSD26E256-AX', 0, 124.33),
(2575, 2, 'APLSSD26E256-AX', 'http://Veikals2.lv/APLSSD26E256-AX', 0, 105.81),
(2576, 1, 'SSDSA2CW080G3K5', 'http://Veikals1.lv/SSDSA2CW080G3K5', 0, 17.41),
(2577, 1, 'AXI-SSD25T5200A', 'http://Veikals1.lv/AXI-SSD25T5200A', 0, 48.65),
(2578, 2, 'AXI-SSD25T5200A', 'http://Veikals2.lv/AXI-SSD25T5200A', 1, 60.11),
(2579, 1, 'AMPSSD36E256-AX', 'http://Veikals1.lv/AMPSSD36E256-AX', 1, 55.04),
(2580, 1, 'SHFS37A/120G', 'http://Veikals1.lv/SHFS37A/120G', 0, 80.35),
(2581, 2, 'SHFS37A/120G', 'http://Veikals2.lv/SHFS37A/120G', 1, 117.90),
(2582, 1, 'AXH-SSD25T5200B', 'http://Veikals1.lv/AXH-SSD25T5200B', 0, 95.46),
(2583, 2, 'AXH-SSD25T5200B', 'http://Veikals2.lv/AXH-SSD25T5200B', 1, 89.60),
(2584, 1, 'SS200S3/30G', 'http://Veikals1.lv/SS200S3/30G', 0, 110.50),
(2585, 1, 'CT128M550SSD1', 'http://Veikals1.lv/CT128M550SSD1', 1, 42.48),
(2586, 1, 'TS256GSSD370S', 'http://Veikals1.lv/TS256GSSD370S', 0, 137.85),
(2587, 1, 'MZ-7PD128BW', 'http://Veikals1.lv/MZ-7PD128BW', 0, 109.81),
(2588, 2, 'MZ-7PD128BW', 'http://Veikals2.lv/MZ-7PD128BW', 0, 11.44),
(2589, 3, 'MZ-7PD128BW', 'http://Veikals3.lv/MZ-7PD128BW', 1, 54.71),
(2590, 1, 'CT120BX100SSD1', 'http://Veikals1.lv/CT120BX100SSD1', 0, 67.22),
(2591, 2, 'CT120BX100SSD1', 'http://Veikals2.lv/CT120BX100SSD1', 1, 77.43),
(2592, 1, 'SV310S37A/960G', 'http://Veikals1.lv/SV310S37A/960G', 1, 69.75),
(2593, 2, 'SV310S37A/960G', 'http://Veikals2.lv/SV310S37A/960G', 0, 28.96),
(2594, 1, 'ASP900S3-128GM-C', 'http://Veikals1.lv/ASP900S3-128GM-C', 1, 38.08),
(2595, 1, 'CSSD-N960GBXT', 'http://Veikals1.lv/CSSD-N960GBXT', 1, 27.70),
(2596, 2, 'CSSD-N960GBXT', 'http://Veikals2.lv/CSSD-N960GBXT', 1, 89.77),
(2597, 1, 'PX-128M6S', 'http://Veikals1.lv/PX-128M6S', 0, 17.21),
(2598, 2, 'PX-128M6S', 'http://Veikals2.lv/PX-128M6S', 1, 134.63),
(2599, 3, 'PX-128M6S', 'http://Veikals3.lv/PX-128M6S', 0, 132.79),
(2600, 1, 'APLSSD26E128-AX', 'http://Veikals1.lv/APLSSD26E128-AX', 0, 127.33),
(2601, 2, 'APLSSD26E128-AX', 'http://Veikals2.lv/APLSSD26E128-AX', 1, 30.20),
(2602, 3, 'APLSSD26E128-AX', 'http://Veikals3.lv/APLSSD26E128-AX', 1, 109.73),
(2603, 1, 'PX-512M6Pro', 'http://Veikals1.lv/PX-512M6Pro', 0, 74.95),
(2604, 2, 'PX-512M6Pro', 'http://Veikals2.lv/PX-512M6Pro', 1, 49.87),
(2605, 1, 'SP960GBSS3S55S25', 'http://Veikals1.lv/SP960GBSS3S55S25', 1, 51.58),
(2606, 2, 'SP960GBSS3S55S25', 'http://Veikals2.lv/SP960GBSS3S55S25', 0, 104.99),
(2607, 1, 'SP120GBSS3S60S27', 'http://Veikals1.lv/SP120GBSS3S60S27', 1, 115.38),
(2608, 1, '900623', 'http://Veikals1.lv/900623', 0, 105.38),
(2609, 2, '900623', 'http://Veikals2.lv/900623', 0, 130.55),
(2610, 1, '900624', 'http://Veikals1.lv/900624', 0, 131.47),
(2611, 2, '900624', 'http://Veikals2.lv/900624', 1, 132.15),
(2612, 3, '900624', 'http://Veikals3.lv/900624', 0, 68.09),
(2613, 1, 'CSSD-F60GBLSB', 'http://Veikals1.lv/CSSD-F60GBLSB', 1, 28.77),
(2614, 2, 'CSSD-F60GBLSB', 'http://Veikals2.lv/CSSD-F60GBLSB', 0, 17.52),
(2615, 1, '900510', 'http://Veikals1.lv/900510', 1, 24.03),
(2616, 2, '900510', 'http://Veikals2.lv/900510', 0, 69.88),
(2617, 3, '900510', 'http://Veikals3.lv/900510', 1, 18.56),
(2618, 1, '900606', 'http://Veikals1.lv/900606', 0, 100.37),
(2619, 2, '900606', 'http://Veikals2.lv/900606', 0, 55.40),
(2620, 1, 'CSSD-F480GBLSB', 'http://Veikals1.lv/CSSD-F480GBLSB', 0, 69.43),
(2621, 1, 'T253LE120GTC101', 'http://Veikals1.lv/T253LE120GTC101', 1, 21.40),
(2622, 2, 'T253LE120GTC101', 'http://Veikals2.lv/T253LE120GTC101', 1, 50.63),
(2623, 3, 'T253LE120GTC101', 'http://Veikals3.lv/T253LE120GTC101', 0, 62.32),
(2624, 1, 'T253L3240GMC101', 'http://Veikals1.lv/T253L3240GMC101', 0, 124.19),
(2625, 1, '900803', 'http://Veikals1.lv/900803', 1, 70.26),
(2626, 1, 'SSD7CS1211-120-RB', 'http://Veikals1.lv/SSD7CS1211-120-RB', 0, 11.63),
(2627, 2, 'SSD7CS1211-120-RB', 'http://Veikals2.lv/SSD7CS1211-120-RB', 1, 115.23),
(2628, 1, 'SP240GBSS3S60S27', 'http://Veikals1.lv/SP240GBSS3S60S27', 0, 63.45),
(2629, 2, 'SP240GBSS3S60S27', 'http://Veikals2.lv/SP240GBSS3S60S27', 1, 109.75),
(2630, 3, 'SP240GBSS3S60S27', 'http://Veikals3.lv/SP240GBSS3S60S27', 1, 70.53),
(2631, 1, '900802', 'http://Veikals1.lv/900802', 0, 17.72),
(2632, 1, 'T253LE960GTC101', 'http://Veikals1.lv/T253LE960GTC101', 0, 62.80),
(2633, 1, 'APLSSDA32240-AX', 'http://Veikals1.lv/APLSSDA32240-AX', 1, 20.46),
(2634, 2, 'APLSSDA32240-AX', 'http://Veikals2.lv/APLSSDA32240-AX', 1, 137.88),
(2635, 3, 'APLSSDA32240-AX', 'http://Veikals3.lv/APLSSDA32240-AX', 0, 22.47),
(2636, 1, 'TRN150-25SAT3-480G', 'http://Veikals1.lv/TRN150-25SAT3-480G', 0, 104.53),
(2637, 1, 'CSSD-F180GB2-BRKT', 'http://Veikals1.lv/CSSD-F180GB2-BRKT', 0, 96.91),
(2638, 2, 'CSSD-F180GB2-BRKT', 'http://Veikals2.lv/CSSD-F180GB2-BRKT', 0, 85.44),
(2639, 1, 'SSDSA2CW120G3B5', 'http://Veikals1.lv/SSDSA2CW120G3B5', 1, 75.65),
(2640, 2, 'SSDSA2CW120G3B5', 'http://Veikals2.lv/SSDSA2CW120G3B5', 0, 28.69),
(2641, 1, 'CT512M4SSD2', 'http://Veikals1.lv/CT512M4SSD2', 0, 75.24),
(2642, 1, 'VTX3-25SAT3-240G', 'http://Veikals1.lv/VTX3-25SAT3-240G', 0, 119.82),
(2643, 1, 'CSSD-N64GB3-BK', 'http://Veikals1.lv/CSSD-N64GB3-BK', 0, 138.60),
(2644, 1, 'SSDSC2BW240A401', 'http://Veikals1.lv/SSDSC2BW240A401', 0, 59.11),
(2645, 2, 'SSDSC2BW240A401', 'http://Veikals2.lv/SSDSC2BW240A401', 0, 56.18),
(2646, 3, 'SSDSC2BW240A401', 'http://Veikals3.lv/SSDSC2BW240A401', 0, 11.50),
(2647, 1, 'CSSD-F240GB3-BK', 'http://Veikals1.lv/CSSD-F240GB3-BK', 0, 96.97),
(2648, 1, 'SSDSC2CT080A4K5', 'http://Veikals1.lv/SSDSC2CT080A4K5', 1, 60.69),
(2649, 2, 'SSDSC2CT080A4K5', 'http://Veikals2.lv/SSDSC2CT080A4K5', 0, 52.15),
(2650, 1, 'CT512M4SSD2BAA', 'http://Veikals1.lv/CT512M4SSD2BAA', 0, 106.89),
(2651, 2, 'CT512M4SSD2BAA', 'http://Veikals2.lv/CT512M4SSD2BAA', 1, 85.99),
(2652, 3, 'CT512M4SSD2BAA', 'http://Veikals3.lv/CT512M4SSD2BAA', 0, 17.77),
(2653, 1, 'PBT240GS25SSDBK', 'http://Veikals1.lv/PBT240GS25SSDBK', 1, 76.40),
(2654, 2, 'PBT240GS25SSDBK', 'http://Veikals2.lv/PBT240GS25SSDBK', 0, 21.90),
(2655, 1, 'RADEON-R7SSD-240G', 'http://Veikals1.lv/RADEON-R7SSD-240G', 0, 53.14),
(2656, 1, 'PPSE60GS25SSDR', 'http://Veikals1.lv/PPSE60GS25SSDR', 1, 124.64),
(2657, 2, 'PPSE60GS25SSDR', 'http://Veikals2.lv/PPSE60GS25SSDR', 0, 44.17),
(2658, 1, 'SD6SB1M-256G-1022I', 'http://Veikals1.lv/SD6SB1M-256G-1022I', 1, 59.53),
(2659, 1, 'AGT3-25SAT3-240G', 'http://Veikals1.lv/AGT3-25SAT3-240G', 0, 23.81),
(2660, 1, 'VTX4-25SAT3-512G', 'http://Veikals1.lv/VTX4-25SAT3-512G', 1, 81.98),
(2661, 1, 'TRN150-25SAT3-120G', 'http://Veikals1.lv/TRN150-25SAT3-120G', 1, 59.21),
(2662, 2, 'TRN150-25SAT3-120G', 'http://Veikals2.lv/TRN150-25SAT3-120G', 1, 56.57),
(2663, 1, 'SKC300S3B7A/60G', 'http://Veikals1.lv/SKC300S3B7A/60G', 0, 35.11),
(2664, 1, 'ASP920SS3-1TM-C', 'http://Veikals1.lv/ASP920SS3-1TM-C', 0, 25.51),
(2665, 2, 'ASP920SS3-1TM-C', 'http://Veikals2.lv/ASP920SS3-1TM-C', 1, 72.56);
INSERT INTO `price` (`id`, `retailer_id`, `part_number`, `url`, `in_stock`, `price`) VALUES
(2666, 3, 'ASP920SS3-1TM-C', 'http://Veikals3.lv/ASP920SS3-1TM-C', 1, 63.93),
(2667, 1, 'CSSD-F90GBGT-BK', 'http://Veikals1.lv/CSSD-F90GBGT-BK', 1, 38.28),
(2668, 2, 'CSSD-F90GBGT-BK', 'http://Veikals2.lv/CSSD-F90GBGT-BK', 1, 33.81),
(2669, 3, 'CSSD-F90GBGT-BK', 'http://Veikals3.lv/CSSD-F90GBGT-BK', 0, 116.88),
(2670, 1, 'PBT120GS25SSDBK', 'http://Veikals1.lv/PBT120GS25SSDBK', 0, 103.07),
(2671, 2, 'PBT120GS25SSDBK', 'http://Veikals2.lv/PBT120GS25SSDBK', 0, 133.71),
(2672, 1, 'SSDSA2CW300G3K5', 'http://Veikals1.lv/SSDSA2CW300G3K5', 1, 33.98),
(2673, 1, 'PBT480GS25SSDBK', 'http://Veikals1.lv/PBT480GS25SSDBK', 1, 43.88),
(2674, 2, 'PBT480GS25SSDBK', 'http://Veikals2.lv/PBT480GS25SSDBK', 1, 45.16),
(2675, 1, 'CSSD-F480GBGT-BK', 'http://Veikals1.lv/CSSD-F480GBGT-BK', 0, 130.85),
(2676, 2, 'CSSD-F480GBGT-BK', 'http://Veikals2.lv/CSSD-F480GBGT-BK', 1, 61.79),
(2677, 3, 'CSSD-F480GBGT-BK', 'http://Veikals3.lv/CSSD-F480GBGT-BK', 1, 123.06),
(2678, 1, 'VTR150-25SAT3-240G', 'http://Veikals1.lv/VTR150-25SAT3-240G', 0, 10.31),
(2679, 1, 'FTM12N325H', 'http://Veikals1.lv/FTM12N325H', 0, 64.29),
(2680, 2, 'FTM12N325H', 'http://Veikals2.lv/FTM12N325H', 0, 105.62),
(2681, 3, 'FTM12N325H', 'http://Veikals3.lv/FTM12N325H', 1, 106.59),
(2682, 1, 'MZ-7TD500BW', 'http://Veikals1.lv/MZ-7TD500BW', 0, 128.79),
(2683, 1, 'CSSD-F512GBLX', 'http://Veikals1.lv/CSSD-F512GBLX', 1, 98.19),
(2684, 1, 'CT750MX300SSD1', 'http://Veikals1.lv/CT750MX300SSD1', 0, 93.27),
(2685, 1, 'PBT960GS25SSDBK', 'http://Veikals1.lv/PBT960GS25SSDBK', 0, 94.56),
(2686, 2, 'PBT960GS25SSDBK', 'http://Veikals2.lv/PBT960GS25SSDBK', 0, 34.24),
(2687, 3, 'PBT960GS25SSDBK', 'http://Veikals3.lv/PBT960GS25SSDBK', 0, 24.50),
(2688, 1, 'CSSD-F120GBGT-BK', 'http://Veikals1.lv/CSSD-F120GBGT-BK', 1, 97.51),
(2689, 1, 'ASP920SS3-512GM-C', 'http://Veikals1.lv/ASP920SS3-512GM-C', 1, 83.54),
(2690, 2, 'ASP920SS3-512GM-C', 'http://Veikals2.lv/ASP920SS3-512GM-C', 0, 77.46),
(2691, 3, 'ASP920SS3-512GM-C', 'http://Veikals3.lv/ASP920SS3-512GM-C', 0, 106.83),
(2692, 1, 'SDSSDHP-064G-G26', 'http://Veikals1.lv/SDSSDHP-064G-G26', 1, 117.14),
(2693, 2, 'SDSSDHP-064G-G26', 'http://Veikals2.lv/SDSSDHP-064G-G26', 0, 123.42),
(2694, 3, 'SDSSDHP-064G-G26', 'http://Veikals3.lv/SDSSDHP-064G-G26', 0, 98.11),
(2695, 1, 'MKNSSDRE2TB-TC', 'http://Veikals1.lv/MKNSSDRE2TB-TC', 0, 67.64),
(2696, 2, 'MKNSSDRE2TB-TC', 'http://Veikals2.lv/MKNSSDRE2TB-TC', 0, 116.87),
(2697, 3, 'MKNSSDRE2TB-TC', 'http://Veikals3.lv/MKNSSDRE2TB-TC', 0, 79.44),
(2698, 1, 'SSD9SC480GMDA-RB', 'http://Veikals1.lv/SSD9SC480GMDA-RB', 1, 43.00),
(2699, 2, 'SSD9SC480GMDA-RB', 'http://Veikals2.lv/SSD9SC480GMDA-RB', 1, 63.78),
(2700, 3, 'SSD9SC480GMDA-RB', 'http://Veikals3.lv/SSD9SC480GMDA-RB', 0, 18.62),
(2701, 1, 'SSDSA2BW160G301', 'http://Veikals1.lv/SSDSA2BW160G301', 1, 65.26),
(2702, 2, 'SSDSA2BW160G301', 'http://Veikals2.lv/SSDSA2BW160G301', 1, 117.49),
(2703, 1, 'CT512M4SSD2CCA', 'http://Veikals1.lv/CT512M4SSD2CCA', 1, 10.68),
(2704, 2, 'CT512M4SSD2CCA', 'http://Veikals2.lv/CT512M4SSD2CCA', 1, 135.52),
(2705, 3, 'CT512M4SSD2CCA', 'http://Veikals3.lv/CT512M4SSD2CCA', 0, 89.64),
(2706, 1, 'SSDSC2BA100G301', 'http://Veikals1.lv/SSDSC2BA100G301', 1, 75.16),
(2707, 1, 'SSDSC2BW360H601', 'http://Veikals1.lv/SSDSC2BW360H601', 0, 134.99),
(2708, 2, 'SSDSC2BW360H601', 'http://Veikals2.lv/SSDSC2BW360H601', 0, 15.25),
(2709, 3, 'SSDSC2BW360H601', 'http://Veikals3.lv/SSDSC2BW360H601', 0, 33.59),
(2710, 1, 'ARC100-25SAT3-240G', 'http://Veikals1.lv/ARC100-25SAT3-240G', 1, 68.49),
(2711, 2, 'ARC100-25SAT3-240G', 'http://Veikals2.lv/ARC100-25SAT3-240G', 1, 95.59),
(2712, 3, 'ARC100-25SAT3-240G', 'http://Veikals3.lv/ARC100-25SAT3-240G', 1, 90.43),
(2713, 1, '47371', 'http://Veikals1.lv/47371', 0, 66.45),
(2714, 2, '47371', 'http://Veikals2.lv/47371', 0, 101.72),
(2715, 1, '47477', 'http://Veikals1.lv/47477', 1, 108.03),
(2716, 1, 'VTR180-25SAT3-480G', 'http://Veikals1.lv/VTR180-25SAT3-480G', 0, 16.82),
(2717, 2, 'VTR180-25SAT3-480G', 'http://Veikals2.lv/VTR180-25SAT3-480G', 0, 76.84),
(2718, 3, 'VTR180-25SAT3-480G', 'http://Veikals3.lv/VTR180-25SAT3-480G', 0, 109.52),
(2719, 1, 'SSDSC2CT180A3K5', 'http://Veikals1.lv/SSDSC2CT180A3K5', 1, 54.10),
(2720, 2, 'SSDSC2CT180A3K5', 'http://Veikals2.lv/SSDSC2CT180A3K5', 1, 123.34),
(2721, 3, 'SSDSC2CT180A3K5', 'http://Veikals3.lv/SSDSC2CT180A3K5', 0, 80.64),
(2722, 1, 'SSD7CS1311-240-RB', 'http://Veikals1.lv/SSD7CS1311-240-RB', 1, 61.39),
(2723, 1, 'SSD7CS1311-960-RB', 'http://Veikals1.lv/SSD7CS1311-960-RB', 1, 90.03),
(2724, 2, 'SSD7CS1311-960-RB', 'http://Veikals2.lv/SSD7CS1311-960-RB', 1, 65.42),
(2725, 1, 'CSSD-V30GB2A', 'http://Veikals1.lv/CSSD-V30GB2A', 0, 78.04),
(2726, 2, 'CSSD-V30GB2A', 'http://Veikals2.lv/CSSD-V30GB2A', 1, 138.25),
(2727, 3, 'CSSD-V30GB2A', 'http://Veikals3.lv/CSSD-V30GB2A', 1, 57.93),
(2728, 1, 'VTX4-25SAT3-256G', 'http://Veikals1.lv/VTX4-25SAT3-256G', 1, 22.91),
(2729, 2, 'VTX4-25SAT3-256G', 'http://Veikals2.lv/VTX4-25SAT3-256G', 1, 29.70),
(2730, 3, 'VTX4-25SAT3-256G', 'http://Veikals3.lv/VTX4-25SAT3-256G', 1, 16.77),
(2731, 1, 'SSDSC2CT180A4K5', 'http://Veikals1.lv/SSDSC2CT180A4K5', 0, 91.31),
(2732, 2, 'SSDSC2CT180A4K5', 'http://Veikals2.lv/SSDSC2CT180A4K5', 1, 53.01),
(2733, 1, 'SSDSA2CW120G310', 'http://Veikals1.lv/SSDSA2CW120G310', 0, 84.74),
(2734, 2, 'SSDSA2CW120G310', 'http://Veikals2.lv/SSDSA2CW120G310', 1, 57.78),
(2735, 3, 'SSDSA2CW120G310', 'http://Veikals3.lv/SSDSA2CW120G310', 1, 40.35),
(2736, 1, 'SSDSC2CW180A3K5', 'http://Veikals1.lv/SSDSC2CW180A3K5', 0, 42.25),
(2737, 2, 'SSDSC2CW180A3K5', 'http://Veikals2.lv/SSDSC2CW180A3K5', 1, 74.42),
(2738, 3, 'SSDSC2CW180A3K5', 'http://Veikals3.lv/SSDSC2CW180A3K5', 0, 10.27),
(2739, 1, 'SSDSC2CT240A3K5', 'http://Veikals1.lv/SSDSC2CT240A3K5', 1, 115.66),
(2740, 1, 'CSSD-F180GB3-BK', 'http://Veikals1.lv/CSSD-F180GB3-BK', 1, 24.57),
(2741, 2, 'CSSD-F180GB3-BK', 'http://Veikals2.lv/CSSD-F180GB3-BK', 1, 10.18),
(2742, 1, 'SSDSA2CW600G3B5', 'http://Veikals1.lv/SSDSA2CW600G3B5', 1, 68.98),
(2743, 2, 'SSDSA2CW600G3B5', 'http://Veikals2.lv/SSDSA2CW600G3B5', 0, 134.03),
(2744, 3, 'SSDSA2CW600G3B5', 'http://Veikals3.lv/SSDSA2CW600G3B5', 1, 106.96),
(2745, 1, 'SVP200S3/120G', 'http://Veikals1.lv/SVP200S3/120G', 1, 80.98),
(2746, 2, 'SVP200S3/120G', 'http://Veikals2.lv/SVP200S3/120G', 0, 46.69),
(2747, 3, 'SVP200S3/120G', 'http://Veikals3.lv/SVP200S3/120G', 0, 34.06),
(2748, 1, 'CSSD-N128GB3-BK', 'http://Veikals1.lv/CSSD-N128GB3-BK', 1, 26.04),
(2749, 1, 'AGT3-25SAT3-120G', 'http://Veikals1.lv/AGT3-25SAT3-120G', 1, 87.37),
(2750, 1, 'MZ-7PC256N/AM', 'http://Veikals1.lv/MZ-7PC256N/AM', 1, 31.86),
(2751, 2, 'MZ-7PC256N/AM', 'http://Veikals2.lv/MZ-7PC256N/AM', 0, 90.24),
(2752, 1, 'SSDSC2CT120A3K5', 'http://Veikals1.lv/SSDSC2CT120A3K5', 1, 126.62),
(2753, 2, 'SSDSC2CT120A3K5', 'http://Veikals2.lv/SSDSC2CT120A3K5', 1, 138.65),
(2754, 1, '47473', 'http://Veikals1.lv/47473', 1, 108.96),
(2755, 2, '47473', 'http://Veikals2.lv/47473', 0, 23.84),
(2756, 1, '900500', 'http://Veikals1.lv/900500', 1, 137.36),
(2757, 2, '900500', 'http://Veikals2.lv/900500', 0, 112.59),
(2758, 3, '900500', 'http://Veikals3.lv/900500', 1, 29.98),
(2759, 1, 'T253L5120GMC101', 'http://Veikals1.lv/T253L5120GMC101', 1, 54.45),
(2760, 2, 'T253L5120GMC101', 'http://Veikals2.lv/T253L5120GMC101', 1, 86.01),
(2761, 3, 'T253L5120GMC101', 'http://Veikals3.lv/T253L5120GMC101', 0, 93.91),
(2762, 1, 'SP480GBSS3S60S25', 'http://Veikals1.lv/SP480GBSS3S60S25', 0, 25.88),
(2763, 1, 'TG-3468', 'http://Veikals1.lv/TG-3468', 0, 20.97),
(2764, 2, 'TG-3468', 'http://Veikals2.lv/TG-3468', 1, 99.63),
(2765, 3, 'TG-3468', 'http://Veikals3.lv/TG-3468', 0, 46.38),
(2766, 1, 'PWLA8391GT', 'http://Veikals1.lv/PWLA8391GT', 0, 53.01),
(2767, 1, 'TG-3269', 'http://Veikals1.lv/TG-3269', 0, 125.66),
(2768, 1, 'ST1000SPEX2L', 'http://Veikals1.lv/ST1000SPEX2L', 0, 121.52),
(2769, 1, 'PWLA8391GTL', 'http://Veikals1.lv/PWLA8391GTL', 0, 23.58),
(2770, 2, 'PWLA8391GTL', 'http://Veikals2.lv/PWLA8391GTL', 0, 34.02),
(2771, 1, 'ST1000BT32', 'http://Veikals1.lv/ST1000BT32', 1, 76.78),
(2772, 2, 'ST1000BT32', 'http://Veikals2.lv/ST1000BT32', 0, 138.98),
(2773, 1, 'EXPI9402PTBLK', 'http://Veikals1.lv/EXPI9402PTBLK', 0, 80.80),
(2774, 2, 'EXPI9402PTBLK', 'http://Veikals2.lv/EXPI9402PTBLK', 0, 45.86),
(2775, 3, 'EXPI9402PTBLK', 'http://Veikals3.lv/EXPI9402PTBLK', 0, 43.42),
(2776, 1, 'E1G44HTBLK', 'http://Veikals1.lv/E1G44HTBLK', 1, 80.10),
(2777, 1, 'ST100SLP', 'http://Veikals1.lv/ST100SLP', 1, 79.67),
(2778, 1, 'EXPI9301CT', 'http://Veikals1.lv/EXPI9301CT', 1, 30.71),
(2779, 2, 'EXPI9301CT', 'http://Veikals2.lv/EXPI9301CT', 0, 97.59),
(2780, 1, 'EXPI9301CTBLK', 'http://Veikals1.lv/EXPI9301CTBLK', 0, 110.54),
(2781, 2, 'EXPI9301CTBLK', 'http://Veikals2.lv/EXPI9301CTBLK', 0, 64.23),
(2782, 1, 'X540T2', 'http://Veikals1.lv/X540T2', 0, 77.88),
(2783, 2, 'X540T2', 'http://Veikals2.lv/X540T2', 1, 19.47),
(2784, 1, 'EXPI9402PT', 'http://Veikals1.lv/EXPI9402PT', 0, 44.83),
(2785, 2, 'EXPI9402PT', 'http://Veikals2.lv/EXPI9402PT', 0, 83.30),
(2786, 1, 'E1G44HT', 'http://Veikals1.lv/E1G44HT', 1, 14.36),
(2787, 2, 'E1G44HT', 'http://Veikals2.lv/E1G44HT', 0, 42.42),
(2788, 3, 'E1G44HT', 'http://Veikals3.lv/E1G44HT', 0, 77.61),
(2789, 1, 'TF-3200', 'http://Veikals1.lv/TF-3200', 1, 129.91),
(2790, 2, 'TF-3200', 'http://Veikals2.lv/TF-3200', 1, 110.17),
(2791, 3, 'TF-3200', 'http://Veikals3.lv/TF-3200', 1, 78.63),
(2792, 1, 'E1G42ET', 'http://Veikals1.lv/E1G42ET', 0, 50.78),
(2793, 2, 'E1G42ET', 'http://Veikals2.lv/E1G42ET', 1, 137.14),
(2794, 3, 'E1G42ET', 'http://Veikals3.lv/E1G42ET', 1, 82.66),
(2795, 1, 'PWLA8492MT', 'http://Veikals1.lv/PWLA8492MT', 0, 15.82),
(2796, 2, 'PWLA8492MT', 'http://Veikals2.lv/PWLA8492MT', 1, 77.96),
(2797, 1, 'ST100S', 'http://Veikals1.lv/ST100S', 1, 91.78),
(2798, 1, '331FLR', 'http://Veikals1.lv/331FLR', 0, 15.24),
(2799, 2, '331FLR', 'http://Veikals2.lv/331FLR', 0, 69.99),
(2800, 3, '331FLR', 'http://Veikals3.lv/331FLR', 1, 50.70),
(2801, 1, 'E1G44ET2', 'http://Veikals1.lv/E1G44ET2', 0, 49.06),
(2802, 2, 'E1G44ET2', 'http://Veikals2.lv/E1G44ET2', 0, 119.26),
(2803, 3, 'E1G44ET2', 'http://Veikals3.lv/E1G44ET2', 1, 116.83),
(2804, 1, 'N2XX-ABPCI03-M3', 'http://Veikals1.lv/N2XX-ABPCI03-M3', 0, 117.91),
(2805, 2, 'N2XX-ABPCI03-M3', 'http://Veikals2.lv/N2XX-ABPCI03-M3', 1, 115.94),
(2806, 1, 'N2XX-ABPCI01-M3', 'http://Veikals1.lv/N2XX-ABPCI01-M3', 0, 22.17),
(2807, 2, 'N2XX-ABPCI01-M3', 'http://Veikals2.lv/N2XX-ABPCI01-M3', 1, 124.03),
(2808, 3, 'N2XX-ABPCI01-M3', 'http://Veikals3.lv/N2XX-ABPCI01-M3', 1, 94.41),
(2809, 1, 'ADD-PCI-1RJ45', 'http://Veikals1.lv/ADD-PCI-1RJ45', 1, 28.45),
(2810, 2, 'ADD-PCI-1RJ45', 'http://Veikals2.lv/ADD-PCI-1RJ45', 0, 65.36),
(2811, 1, '67Y1393', 'http://Veikals1.lv/67Y1393', 1, 32.99),
(2812, 2, '67Y1393', 'http://Veikals2.lv/67Y1393', 1, 62.47),
(2813, 1, '458492-B21', 'http://Veikals1.lv/458492-B21', 0, 114.17),
(2814, 2, '458492-B21', 'http://Veikals2.lv/458492-B21', 0, 134.51),
(2815, 3, '458492-B21', 'http://Veikals3.lv/458492-B21', 1, 10.59),
(2816, 1, '367047-B21', 'http://Veikals1.lv/367047-B21', 0, 48.82),
(2817, 2, '367047-B21', 'http://Veikals2.lv/367047-B21', 1, 47.05),
(2818, 3, '367047-B21', 'http://Veikals3.lv/367047-B21', 1, 73.27),
(2819, 1, '353377-B21', 'http://Veikals1.lv/353377-B21', 1, 51.07),
(2820, 2, '353377-B21', 'http://Veikals2.lv/353377-B21', 0, 80.87),
(2821, 1, '430-1792-AOK', 'http://Veikals1.lv/430-1792-AOK', 1, 45.19),
(2822, 2, '430-1792-AOK', 'http://Veikals2.lv/430-1792-AOK', 0, 113.47),
(2823, 1, '367132-B21', 'http://Veikals1.lv/367132-B21', 0, 126.36),
(2824, 2, '367132-B21', 'http://Veikals2.lv/367132-B21', 1, 58.14),
(2825, 1, '503746-B21', 'http://Veikals1.lv/503746-B21', 1, 119.95),
(2826, 2, '503746-B21', 'http://Veikals2.lv/503746-B21', 0, 65.11),
(2827, 3, '503746-B21', 'http://Veikals3.lv/503746-B21', 1, 104.63),
(2828, 1, 'E1G44ET2BLK', 'http://Veikals1.lv/E1G44ET2BLK', 1, 38.24),
(2829, 2, 'E1G44ET2BLK', 'http://Veikals2.lv/E1G44ET2BLK', 0, 106.18),
(2830, 1, 'NC373m', 'http://Veikals1.lv/NC373m', 1, 98.76),
(2831, 2, 'NC373m', 'http://Veikals2.lv/NC373m', 0, 14.23),
(2832, 3, 'NC373m', 'http://Veikals3.lv/NC373m', 1, 67.85),
(2833, 1, 'EXPI9404PTLBLK', 'http://Veikals1.lv/EXPI9404PTLBLK', 0, 37.86),
(2834, 1, 'FH969AA', 'http://Veikals1.lv/FH969AA', 0, 38.21),
(2835, 2, 'FH969AA', 'http://Veikals2.lv/FH969AA', 0, 76.39),
(2836, 3, 'FH969AA', 'http://Veikals3.lv/FH969AA', 1, 119.36),
(2837, 1, 'E1G44HT-AOK', 'http://Veikals1.lv/E1G44HT-AOK', 0, 82.19),
(2838, 2, 'E1G44HT-AOK', 'http://Veikals2.lv/E1G44HT-AOK', 1, 74.27),
(2839, 3, 'E1G44HT-AOK', 'http://Veikals3.lv/E1G44HT-AOK', 0, 67.14),
(2840, 1, '90Y9352-AOK', 'http://Veikals1.lv/90Y9352-AOK', 1, 71.45),
(2841, 2, '90Y9352-AOK', 'http://Veikals2.lv/90Y9352-AOK', 0, 74.39),
(2842, 3, '90Y9352-AOK', 'http://Veikals3.lv/90Y9352-AOK', 0, 96.58),
(2843, 1, 'GA311NA-AOK', 'http://Veikals1.lv/GA311NA-AOK', 0, 120.71),
(2844, 2, 'GA311NA-AOK', 'http://Veikals2.lv/GA311NA-AOK', 0, 39.57),
(2845, 3, 'GA311NA-AOK', 'http://Veikals3.lv/GA311NA-AOK', 1, 49.57),
(2846, 1, '629135-B21-AOK', 'http://Veikals1.lv/629135-B21-AOK', 1, 126.94),
(2847, 2, '629135-B21-AOK', 'http://Veikals2.lv/629135-B21-AOK', 0, 10.68),
(2848, 1, 'EXPI9404PTL-AOK', 'http://Veikals1.lv/EXPI9404PTL-AOK', 1, 113.28),
(2849, 2, 'EXPI9404PTL-AOK', 'http://Veikals2.lv/EXPI9404PTL-AOK', 1, 37.53),
(2850, 1, '430-4156-AOK', 'http://Veikals1.lv/430-4156-AOK', 1, 52.14),
(2851, 2, '430-4156-AOK', 'http://Veikals2.lv/430-4156-AOK', 1, 121.72),
(2852, 3, '430-4156-AOK', 'http://Veikals3.lv/430-4156-AOK', 1, 135.31),
(2853, 1, 'NC360T', 'http://Veikals1.lv/NC360T', 0, 114.18),
(2854, 2, 'NC360T', 'http://Veikals2.lv/NC360T', 0, 82.53),
(2855, 1, 'TF-3239DL', 'http://Veikals1.lv/TF-3239DL', 0, 48.24),
(2856, 1, 'PWLA8391GTBLK-1PK', 'http://Veikals1.lv/PWLA8391GTBLK-1PK', 1, 112.11),
(2857, 2, 'PWLA8391GTBLK-1PK', 'http://Veikals2.lv/PWLA8391GTBLK-1PK', 0, 139.01),
(2858, 1, 'FX592AV-AOK', 'http://Veikals1.lv/FX592AV-AOK', 1, 52.52),
(2859, 1, 'FS215AA', 'http://Veikals1.lv/FS215AA', 1, 117.68),
(2860, 2, 'FS215AA', 'http://Veikals2.lv/FS215AA', 0, 129.34),
(2861, 3, 'FS215AA', 'http://Veikals3.lv/FS215AA', 1, 31.62),
(2862, 1, '503746-B21-AOK', 'http://Veikals1.lv/503746-B21-AOK', 1, 77.79),
(2863, 2, '503746-B21-AOK', 'http://Veikals2.lv/503746-B21-AOK', 0, 69.50),
(2864, 1, 'TEG-PCITXR-AOK', 'http://Veikals1.lv/TEG-PCITXR-AOK', 1, 38.38),
(2865, 1, 'TL-WN725N', 'http://Veikals1.lv/TL-WN725N', 0, 99.59),
(2866, 2, 'TL-WN725N', 'http://Veikals2.lv/TL-WN725N', 1, 123.92),
(2867, 3, 'TL-WN725N', 'http://Veikals3.lv/TL-WN725N', 0, 103.69),
(2868, 1, 'TL-WDN4800', 'http://Veikals1.lv/TL-WDN4800', 1, 95.69),
(2869, 2, 'TL-WDN4800', 'http://Veikals2.lv/TL-WDN4800', 0, 127.56),
(2870, 1, 'TL-WN722N', 'http://Veikals1.lv/TL-WN722N', 1, 38.39),
(2871, 1, 'Archer T2UH', 'http://Veikals1.lv/Archer T2UH', 1, 83.32),
(2872, 2, 'Archer T2UH', 'http://Veikals2.lv/Archer T2UH', 0, 121.86),
(2873, 1, 'TL-WN823N', 'http://Veikals1.lv/TL-WN823N', 1, 17.28),
(2874, 2, 'TL-WN823N', 'http://Veikals2.lv/TL-WN823N', 1, 64.03),
(2875, 3, 'TL-WN823N', 'http://Veikals3.lv/TL-WN823N', 1, 14.38),
(2876, 1, 'PCE-AC55BT', 'http://Veikals1.lv/PCE-AC55BT', 0, 43.68),
(2877, 2, 'PCE-AC55BT', 'http://Veikals2.lv/PCE-AC55BT', 1, 127.02),
(2878, 3, 'PCE-AC55BT', 'http://Veikals3.lv/PCE-AC55BT', 1, 124.96),
(2879, 1, 'A6200-100NAS', 'http://Veikals1.lv/A6200-100NAS', 1, 113.86),
(2880, 1, 'Archer T2U', 'http://Veikals1.lv/Archer T2U', 0, 56.46),
(2881, 2, 'Archer T2U', 'http://Veikals2.lv/Archer T2U', 0, 52.75),
(2882, 3, 'Archer T2U', 'http://Veikals3.lv/Archer T2U', 0, 36.39),
(2883, 1, 'Archer T4UH', 'http://Veikals1.lv/Archer T4UH', 1, 45.46),
(2884, 1, 'USB-AC51', 'http://Veikals1.lv/USB-AC51', 0, 110.00),
(2885, 2, 'USB-AC51', 'http://Veikals2.lv/USB-AC51', 1, 95.30),
(2886, 3, 'USB-AC51', 'http://Veikals3.lv/USB-AC51', 1, 52.76),
(2887, 1, 'Archer T4U', 'http://Veikals1.lv/Archer T4U', 1, 132.98),
(2888, 1, 'EW-7711MAC', 'http://Veikals1.lv/EW-7711MAC', 1, 76.06),
(2889, 2, 'EW-7711MAC', 'http://Veikals2.lv/EW-7711MAC', 1, 97.23),
(2890, 3, 'EW-7711MAC', 'http://Veikals3.lv/EW-7711MAC', 1, 89.64),
(2891, 1, 'EW-7811Un', 'http://Veikals1.lv/EW-7811Un', 1, 105.80),
(2892, 2, 'EW-7811Un', 'http://Veikals2.lv/EW-7811Un', 1, 105.58),
(2893, 1, 'TL-WN881ND', 'http://Veikals1.lv/TL-WN881ND', 0, 51.01),
(2894, 1, 'EW-7811UTC', 'http://Veikals1.lv/EW-7811UTC', 1, 77.59),
(2895, 2, 'EW-7811UTC', 'http://Veikals2.lv/EW-7811UTC', 1, 24.14),
(2896, 1, 'TEW-648UBM', 'http://Veikals1.lv/TEW-648UBM', 1, 29.68),
(2897, 2, 'TEW-648UBM', 'http://Veikals2.lv/TEW-648UBM', 0, 43.84),
(2898, 3, 'TEW-648UBM', 'http://Veikals3.lv/TEW-648UBM', 1, 112.64),
(2899, 1, 'WUSB6300', 'http://Veikals1.lv/WUSB6300', 1, 56.10),
(2900, 2, 'WUSB6300', 'http://Veikals2.lv/WUSB6300', 0, 116.35),
(2901, 1, 'A6100-100PAS', 'http://Veikals1.lv/A6100-100PAS', 1, 135.13),
(2902, 2, 'A6100-100PAS', 'http://Veikals2.lv/A6100-100PAS', 1, 87.62),
(2903, 1, 'WNDA3100-100NAS', 'http://Veikals1.lv/WNDA3100-100NAS', 0, 47.38),
(2904, 2, 'WNDA3100-100NAS', 'http://Veikals2.lv/WNDA3100-100NAS', 1, 52.39),
(2905, 1, 'EW-7811UAC', 'http://Veikals1.lv/EW-7811UAC', 1, 83.96),
(2906, 2, 'EW-7811UAC', 'http://Veikals2.lv/EW-7811UAC', 1, 65.81),
(2907, 3, 'EW-7811UAC', 'http://Veikals3.lv/EW-7811UAC', 0, 42.29),
(2908, 1, 'GWU625', 'http://Veikals1.lv/GWU625', 0, 56.70),
(2909, 2, 'GWU625', 'http://Veikals2.lv/GWU625', 1, 134.94),
(2910, 3, 'GWU625', 'http://Veikals3.lv/GWU625', 1, 23.68),
(2911, 1, 'USB-N13', 'http://Veikals1.lv/USB-N13', 0, 63.35),
(2912, 2, 'USB-N13', 'http://Veikals2.lv/USB-N13', 0, 138.65),
(2913, 1, 'TL-WN781ND', 'http://Veikals1.lv/TL-WN781ND', 1, 79.34),
(2914, 1, 'Archer T6E', 'http://Veikals1.lv/Archer T6E', 1, 51.45),
(2915, 2, 'Archer T6E', 'http://Veikals2.lv/Archer T6E', 0, 80.79),
(2916, 3, 'Archer T6E', 'http://Veikals3.lv/Archer T6E', 0, 39.52),
(2917, 1, 'PCE-AC56', 'http://Veikals1.lv/PCE-AC56', 1, 65.36),
(2918, 1, 'PCI300WN2X2', 'http://Veikals1.lv/PCI300WN2X2', 0, 119.35),
(2919, 2, 'PCI300WN2X2', 'http://Veikals2.lv/PCI300WN2X2', 1, 24.43),
(2920, 3, 'PCI300WN2X2', 'http://Veikals3.lv/PCI300WN2X2', 1, 82.16),
(2921, 1, 'WNA3100M-100ENS', 'http://Veikals1.lv/WNA3100M-100ENS', 1, 33.57),
(2922, 2, 'WNA3100M-100ENS', 'http://Veikals2.lv/WNA3100M-100ENS', 1, 10.90),
(2923, 1, 'PCE-N10', 'http://Veikals1.lv/PCE-N10', 1, 117.05),
(2924, 1, 'WMP54GX', 'http://Veikals1.lv/WMP54GX', 0, 124.17),
(2925, 2, 'WMP54GX', 'http://Veikals2.lv/WMP54GX', 0, 35.10),
(2926, 1, 'DHPCI300WN2X2', 'http://Veikals1.lv/DHPCI300WN2X2', 1, 66.65),
(2927, 2, 'DHPCI300WN2X2', 'http://Veikals2.lv/DHPCI300WN2X2', 0, 60.39),
(2928, 3, 'DHPCI300WN2X2', 'http://Veikals3.lv/DHPCI300WN2X2', 0, 32.75),
(2929, 1, 'RangeMax', 'http://Veikals1.lv/RangeMax', 1, 16.28),
(2930, 2, 'RangeMax', 'http://Veikals2.lv/RangeMax', 0, 96.14),
(2931, 1, 'UA600', 'http://Veikals1.lv/UA600', 1, 71.75),
(2932, 2, 'UA600', 'http://Veikals2.lv/UA600', 0, 119.44),
(2933, 3, 'UA600', 'http://Veikals3.lv/UA600', 0, 60.44),
(2934, 1, 'USB-N14', 'http://Veikals1.lv/USB-N14', 1, 41.47),
(2935, 1, 'TEW-648UB', 'http://Veikals1.lv/TEW-648UB', 0, 22.35),
(2936, 2, 'TEW-648UB', 'http://Veikals2.lv/TEW-648UB', 0, 119.98),
(2937, 1, 'WUSB54AG', 'http://Veikals1.lv/WUSB54AG', 1, 75.84),
(2938, 1, 'TEW-805UB', 'http://Veikals1.lv/TEW-805UB', 1, 121.49),
(2939, 1, 'TEW-807ECH', 'http://Veikals1.lv/TEW-807ECH', 1, 71.68),
(2940, 2, 'TEW-807ECH', 'http://Veikals2.lv/TEW-807ECH', 0, 82.38),
(2941, 1, 'WUSB54GS', 'http://Veikals1.lv/WUSB54GS', 0, 90.77),
(2942, 2, 'WUSB54GS', 'http://Veikals2.lv/WUSB54GS', 0, 22.63),
(2943, 3, 'WUSB54GS', 'http://Veikals3.lv/WUSB54GS', 1, 39.44),
(2944, 1, 'TEW-649UB', 'http://Veikals1.lv/TEW-649UB', 1, 80.43),
(2945, 1, 'USB300WN2X2D', 'http://Veikals1.lv/USB300WN2X2D', 0, 30.94),
(2946, 2, 'USB300WN2X2D', 'http://Veikals2.lv/USB300WN2X2D', 0, 17.08),
(2947, 1, 'WNA3100-100ENS', 'http://Veikals1.lv/WNA3100-100ENS', 0, 118.73),
(2948, 2, 'WNA3100-100ENS', 'http://Veikals2.lv/WNA3100-100ENS', 1, 102.99),
(2949, 1, 'USB150WN1X1W', 'http://Veikals1.lv/USB150WN1X1W', 0, 112.82),
(2950, 2, 'USB150WN1X1W', 'http://Veikals2.lv/USB150WN1X1W', 0, 87.82),
(2951, 3, 'USB150WN1X1W', 'http://Veikals3.lv/USB150WN1X1W', 1, 131.15),
(2952, 1, 'WNA3100M-100PES', 'http://Veikals1.lv/WNA3100M-100PES', 1, 49.14),
(2953, 2, 'WNA3100M-100PES', 'http://Veikals2.lv/WNA3100M-100PES', 0, 33.31),
(2954, 1, 'WNA1100-100ENS', 'http://Veikals1.lv/WNA1100-100ENS', 1, 67.68),
(2955, 1, 'TL-WN723N', 'http://Veikals1.lv/TL-WN723N', 1, 38.85),
(2956, 2, 'TL-WN723N', 'http://Veikals2.lv/TL-WN723N', 1, 48.70),
(2957, 1, 'AE3000', 'http://Veikals1.lv/AE3000', 0, 62.69),
(2958, 2, 'AE3000', 'http://Veikals2.lv/AE3000', 1, 11.78),
(2959, 3, 'AE3000', 'http://Veikals3.lv/AE3000', 1, 132.33),
(2960, 1, 'TEW-806UBH', 'http://Veikals1.lv/TEW-806UBH', 1, 37.67),
(2961, 1, 'TAN1', 'http://Veikals1.lv/TAN1', 0, 31.52),
(2962, 2, 'TAN1', 'http://Veikals2.lv/TAN1', 1, 121.71),
(2963, 3, 'TAN1', 'http://Veikals3.lv/TAN1', 1, 84.18),
(2964, 1, 'WN311B-100NAS', 'http://Veikals1.lv/WN311B-100NAS', 1, 132.41),
(2965, 2, 'WN311B-100NAS', 'http://Veikals2.lv/WN311B-100NAS', 0, 109.74),
(2966, 3, 'WN311B-100NAS', 'http://Veikals3.lv/WN311B-100NAS', 0, 92.90),
(2967, 1, 'UA150C', 'http://Veikals1.lv/UA150C', 0, 86.98),
(2968, 2, 'UA150C', 'http://Veikals2.lv/UA150C', 1, 71.77),
(2969, 3, 'UA150C', 'http://Veikals3.lv/UA150C', 1, 19.26),
(2970, 1, 'TEW-624UB', 'http://Veikals1.lv/TEW-624UB', 1, 78.06),
(2971, 2, 'TEW-624UB', 'http://Veikals2.lv/TEW-624UB', 0, 46.44),
(2972, 3, 'TEW-624UB', 'http://Veikals3.lv/TEW-624UB', 0, 133.80),
(2973, 1, 'WUSB54GP', 'http://Veikals1.lv/WUSB54GP', 0, 132.84),
(2974, 1, 'AE2500-NP', 'http://Veikals1.lv/AE2500-NP', 0, 34.95),
(2975, 2, 'AE2500-NP', 'http://Veikals2.lv/AE2500-NP', 0, 132.18),
(2976, 1, 'PCI150WN1X1', 'http://Veikals1.lv/PCI150WN1X1', 1, 53.68),
(2977, 2, 'PCI150WN1X1', 'http://Veikals2.lv/PCI150WN1X1', 1, 77.94),
(2978, 3, 'PCI150WN1X1', 'http://Veikals3.lv/PCI150WN1X1', 1, 139.28),
(2979, 1, 'AE2500', 'http://Veikals1.lv/AE2500', 1, 20.27),
(2980, 2, 'AE2500', 'http://Veikals2.lv/AE2500', 1, 10.77),
(2981, 1, 'EW-7722UTn', 'http://Veikals1.lv/EW-7722UTn', 0, 120.71),
(2982, 1, 'WUSB54G', 'http://Veikals1.lv/WUSB54G', 1, 39.63),
(2983, 2, 'WUSB54G', 'http://Veikals2.lv/WUSB54G', 0, 32.37),
(2984, 1, 'TL-WN727N', 'http://Veikals1.lv/TL-WN727N', 1, 106.36),
(2985, 2, 'TL-WN727N', 'http://Veikals2.lv/TL-WN727N', 0, 136.09),
(2986, 3, 'TL-WN727N', 'http://Veikals3.lv/TL-WN727N', 0, 85.46),
(2987, 1, 'USB-AC56 (90IG00A0-BM0N00)', 'http://Veikals1.lv/USB-AC56 (90IG00A0-BM0N00)', 0, 75.08),
(2988, 2, 'USB-AC56 (90IG00A0-BM0N00)', 'http://Veikals2.lv/USB-AC56 (90IG00A0-BM0N00)', 0, 58.50),
(2989, 1, 'WMP54GS', 'http://Veikals1.lv/WMP54GS', 1, 21.80),
(2990, 1, 'WG111US', 'http://Veikals1.lv/WG111US', 0, 58.89),
(2991, 2, 'WG111US', 'http://Veikals2.lv/WG111US', 0, 133.68),
(2992, 1, 'TEW-804UB', 'http://Veikals1.lv/TEW-804UB', 0, 14.16),
(2993, 2, 'TEW-804UB', 'http://Veikals2.lv/TEW-804UB', 1, 131.42),
(2994, 3, 'TEW-804UB', 'http://Veikals3.lv/TEW-804UB', 1, 86.65),
(2995, 1, 'WMP11', 'http://Veikals1.lv/WMP11', 0, 86.67),
(2996, 1, 'WMP54GR', 'http://Veikals1.lv/WMP54GR', 0, 115.94),
(2997, 2, 'WMP54GR', 'http://Veikals2.lv/WMP54GR', 1, 113.34),
(2998, 3, 'WMP54GR', 'http://Veikals3.lv/WMP54GR', 1, 115.27),
(2999, 1, 'AE1200-NP', 'http://Veikals1.lv/AE1200-NP', 0, 101.54),
(3000, 1, 'GWU735', 'http://Veikals1.lv/GWU735', 1, 73.10),
(3001, 2, 'GWU735', 'http://Veikals2.lv/GWU735', 0, 103.75),
(3002, 3, 'GWU735', 'http://Veikals3.lv/GWU735', 0, 42.78),
(3003, 1, 'WUSB54GR', 'http://Veikals1.lv/WUSB54GR', 1, 71.16),
(3004, 2, 'WUSB54GR', 'http://Veikals2.lv/WUSB54GR', 1, 115.96),
(3005, 3, 'WUSB54GR', 'http://Veikals3.lv/WUSB54GR', 1, 32.02),
(3006, 1, 'WG311T', 'http://Veikals1.lv/WG311T', 1, 37.28),
(3007, 1, 'TL-WDN3200', 'http://Veikals1.lv/TL-WDN3200', 1, 81.24),
(3008, 2, 'TL-WDN3200', 'http://Veikals2.lv/TL-WDN3200', 1, 68.02),
(3009, 1, 'AE3000-NP', 'http://Veikals1.lv/AE3000-NP', 0, 55.65),
(3010, 1, 'TEW-664UB', 'http://Veikals1.lv/TEW-664UB', 1, 122.77),
(3011, 1, 'RM850X', 'http://Veikals1.lv/RM850X', 0, 121.10),
(3012, 1, 'CX750M', 'http://Veikals1.lv/CX750M', 0, 125.07),
(3013, 2, 'CX750M', 'http://Veikals2.lv/CX750M', 0, 92.42),
(3014, 1, 'HCG-850M', 'http://Veikals1.lv/HCG-850M', 0, 126.00),
(3015, 1, 'CX430M', 'http://Veikals1.lv/CX430M', 1, 119.17),
(3016, 1, 'AX860', 'http://Veikals1.lv/AX860', 0, 139.21),
(3017, 1, 'CX600', 'http://Veikals1.lv/CX600', 0, 119.65),
(3018, 2, 'CX600', 'http://Veikals2.lv/CX600', 0, 21.58),
(3019, 3, 'CX600', 'http://Veikals3.lv/CX600', 1, 62.27),
(3020, 1, 'CX500', 'http://Veikals1.lv/CX500', 0, 53.82),
(3021, 2, 'CX500', 'http://Veikals2.lv/CX500', 1, 46.31),
(3022, 1, 'CX600M', 'http://Veikals1.lv/CX600M', 1, 63.69),
(3023, 1, 'TR-500', 'http://Veikals1.lv/TR-500', 1, 39.28),
(3024, 2, 'TR-500', 'http://Veikals2.lv/TR-500', 1, 129.60),
(3025, 3, 'TR-500', 'http://Veikals3.lv/TR-500', 0, 110.63),
(3026, 1, 'TR-600', 'http://Veikals1.lv/TR-600', 1, 92.54),
(3027, 2, 'TR-600', 'http://Veikals2.lv/TR-600', 0, 105.27),
(3028, 3, 'TR-600', 'http://Veikals3.lv/TR-600', 0, 97.54),
(3029, 1, 'AX1200i', 'http://Veikals1.lv/AX1200i', 1, 129.55),
(3030, 2, 'AX1200i', 'http://Veikals2.lv/AX1200i', 0, 130.18),
(3031, 3, 'AX1200i', 'http://Veikals3.lv/AX1200i', 0, 86.68),
(3032, 1, 'VP-450', 'http://Veikals1.lv/VP-450', 1, 111.57),
(3033, 2, 'VP-450', 'http://Veikals2.lv/VP-450', 0, 88.30),
(3034, 3, 'VP-450', 'http://Veikals3.lv/VP-450', 1, 61.73),
(3035, 1, 'AX760', 'http://Veikals1.lv/AX760', 1, 46.95),
(3036, 2, 'AX760', 'http://Veikals2.lv/AX760', 0, 88.42),
(3037, 3, 'AX760', 'http://Veikals3.lv/AX760', 0, 25.32),
(3038, 1, 'SP-550PCBUS', 'http://Veikals1.lv/SP-550PCBUS', 0, 56.34),
(3039, 1, 'SP-750PCBUS', 'http://Veikals1.lv/SP-750PCBUS', 0, 28.58),
(3040, 1, 'ZU-900B', 'http://Veikals1.lv/ZU-900B', 0, 91.33),
(3041, 2, 'ZU-900B', 'http://Veikals2.lv/ZU-900B', 1, 117.35),
(3042, 3, 'ZU-900B', 'http://Veikals3.lv/ZU-900B', 1, 88.41),
(3043, 1, 'BP430', 'http://Veikals1.lv/BP430', 0, 113.75),
(3044, 2, 'BP430', 'http://Veikals2.lv/BP430', 0, 25.94),
(3045, 1, 'ZX-600', 'http://Veikals1.lv/ZX-600', 1, 92.67),
(3046, 2, 'ZX-600', 'http://Veikals2.lv/ZX-600', 1, 55.74),
(3047, 3, 'ZX-600', 'http://Veikals3.lv/ZX-600', 0, 13.42),
(3048, 1, 'HCG-520M', 'http://Veikals1.lv/HCG-520M', 1, 108.10),
(3049, 1, 'OCZ-ZX850', 'http://Veikals1.lv/OCZ-ZX850', 0, 96.84),
(3050, 2, 'OCZ-ZX850', 'http://Veikals2.lv/OCZ-ZX850', 1, 31.99),
(3051, 1, 'BP550+ ', 'http://Veikals1.lv/BP550+ ', 0, 41.99),
(3052, 2, 'BP550+ ', 'http://Veikals2.lv/BP550+ ', 0, 131.33),
(3053, 1, 'EA-550 Platinum', 'http://Veikals1.lv/EA-550 Platinum', 0, 61.85),
(3054, 1, 'ZU-500B', 'http://Veikals1.lv/ZU-500B', 0, 64.18),
(3055, 1, 'EA-650', 'http://Veikals1.lv/EA-650', 0, 113.77),
(3056, 2, 'EA-650', 'http://Veikals2.lv/EA-650', 0, 95.14),
(3057, 3, 'EA-650', 'http://Veikals3.lv/EA-650', 0, 55.52),
(3058, 1, 'ZX-500', 'http://Veikals1.lv/ZX-500', 1, 13.65),
(3059, 1, 'HCG-900', 'http://Veikals1.lv/HCG-900', 0, 10.70),
(3060, 2, 'HCG-900', 'http://Veikals2.lv/HCG-900', 1, 103.33),
(3061, 1, 'ZX-700', 'http://Veikals1.lv/ZX-700', 0, 29.61),
(3062, 2, 'ZX-700', 'http://Veikals2.lv/ZX-700', 1, 17.84),
(3063, 3, 'ZX-700', 'http://Veikals3.lv/ZX-700', 0, 121.99),
(3064, 1, 'OCZ-FTY1000', 'http://Veikals1.lv/OCZ-FTY1000', 1, 18.94),
(3065, 2, 'OCZ-FTY1000', 'http://Veikals2.lv/OCZ-FTY1000', 1, 56.02),
(3066, 1, 'OCZ550FTY', 'http://Veikals1.lv/OCZ550FTY', 0, 99.23),
(3067, 2, 'OCZ550FTY', 'http://Veikals2.lv/OCZ550FTY', 1, 98.50),
(3068, 1, 'TPX-1275M', 'http://Veikals1.lv/TPX-1275M', 1, 114.33),
(3069, 2, 'TPX-1275M', 'http://Veikals2.lv/TPX-1275M', 1, 12.57),
(3070, 1, 'RS-460-PSAR-I3', 'http://Veikals1.lv/RS-460-PSAR-I3', 1, 134.47),
(3071, 1, 'HCG-620M', 'http://Veikals1.lv/HCG-620M', 0, 108.93),
(3072, 1, 'ZU-800B', 'http://Veikals1.lv/ZU-800B', 1, 103.94);

-- --------------------------------------------------------

--
-- Table structure for table `psu`
--

CREATE TABLE `psu` (
  `id` int(10) UNSIGNED NOT NULL,
  `manufacturer_id` int(5) NOT NULL,
  `part_number` varchar(100) COLLATE utf8_unicode_ci NOT NULL,
  `lenght` int(5) NOT NULL,
  `slug` varchar(255) COLLATE utf8_unicode_ci NOT NULL,
  `energy_efficiency` varchar(150) COLLATE utf8_unicode_ci DEFAULT NULL,
  `power` int(5) NOT NULL,
  `modular` tinyint(1) DEFAULT NULL,
  `6pin` int(5) NOT NULL,
  `8pin` int(5) NOT NULL,
  `6_plus_2` int(5) NOT NULL,
  `main_connector` varchar(30) COLLATE utf8_unicode_ci NOT NULL,
  `sata` int(5) NOT NULL,
  `output` varchar(150) COLLATE utf8_unicode_ci NOT NULL,
  `efficiency` int(5) DEFAULT NULL
) ENGINE=InnoDB DEFAULT CHARSET=utf8 COLLATE=utf8_unicode_ci;

--
-- Dumping data for table `psu`
--

INSERT INTO `psu` (`id`, `manufacturer_id`, `part_number`, `lenght`, `slug`, `energy_efficiency`, `power`, `modular`, `6pin`, `8pin`, `6_plus_2`, `main_connector`, `sata`, `output`, `efficiency`) VALUES
(1, 3, 'RM850X', 180, 'corsair-rm850x', '80+Gold', 850, 1, 0, 0, 6, '20+4Pin', 6, '+3.3V@25A, +5V@25A, +12V@70.8A, -12V@0.8A, +5VSB@3A', NULL),
(2, 20, 'TR-700', 231, 'thermaltake-tr-700', NULL, 700, 0, 0, 0, 4, '24Pin', 8, '+3.3V@24A, +5V@24A, +12V@52A, -12V@0.5A, +5VSB@3.0A', 75),
(3, 3, 'CX750M', 160, 'corsair-cx750m', '80+Bronze', 750, 1, 0, 0, 4, '24Pin', 8, '+3.3V@25A, +5V@25A, +12V@62A, -12V@0.8A, +5VSB@3A', 85),
(4, 67, 'HCG-850M', 170, 'vantec-hcg-850m', '80+Bronze', 850, 1, 0, 0, 4, '20+4Pin', 9, '+3.3V@25A, +5V@25A, +12V1@40A, +12V2@40A, -12V@0.5A, +5Vsb@3A', 88),
(5, 3, 'CX500M', 160, 'corsair-cx500m', '80+Bronze', 500, 1, 0, 0, 2, '24Pin', 5, '+3.3V@25A, +5V@20A, +12V@38A, -12V@0.8A, +5VSB@3A', 85),
(6, 3, 'CX430', 150, 'corsair-cx430', '80+', 430, 0, 0, 0, 1, '20+4Pin', 4, '+3.3V@20A, +5V@20A, +12V@32A, -12V@0.8A, +5VSB@3.0A', 80),
(7, 3, 'CX430M', 160, 'corsair-cx430m', '80+Bronze', 430, 1, 0, 0, 1, '24Pin', 4, '+3.3V@20A, +5V@20A, +12V@32A, -12V@0.8A, +5VSB@3A', 85),
(8, 3, 'CP-9020057-NA', 225, 'corsair-cp-9020057-na', '80+Titanium', 1500, 1, 0, 2, 6, '20+4Pin', 5, '+3.3V@30A, +5V@30A, +12V@125A, -12V@0.8A, +5Vsb@3.5A', 94),
(9, 3, 'AX860', 160, 'corsair-ax860', '80+Platinum', 860, 1, 0, 0, 6, '24Pin', 12, '+3.3V@25A, +5V@25A, +12V@71.6A, -12V@0.8A, +5VSB@3.0A', 92),
(10, 3, 'CX600', 140, 'corsair-cx600', '80+', 600, 0, 0, 0, 2, '20+4Pin', 6, '+3.3V@25A, +5V@25A, +12V@46A, -12V@0.8A, +5VSB@3.0A', 80),
(11, 3, 'CX500', 150, 'corsair-cx500', '80+', 500, 0, 0, 0, 2, '20+4Pin', 5, '+3.3V@25A, +5V@20A, +12V@38A, -12V@0.8A, +5VSB@3.0A', 80),
(12, 3, 'CX600M', 150, 'corsair-cx600m', '80+Bronze', 600, 1, 0, 0, 2, '24Pin', 6, '+3.3V@25A, +5V@25A, +12V@46A, -12V@0.8A, +5VSB@3A', 85),
(13, 20, 'TR-500', 150, 'thermaltake-tr-500', NULL, 500, 0, 1, 0, 1, '20+4Pin', 6, '+3.3V@22A, +5V@18A, +12V1@18A, +12V2@17A, -12V@0.3A, +5VSB@2.5A', 72),
(14, 20, 'TR-600', 150, 'thermaltake-tr-600', NULL, 600, 0, 1, 0, 1, '20+4Pin', 6, '+3.3V@22A, +5V@18A, +12V1@23A, +12V2@20A, -12V@0.3A, +5VSB@2.5A', 72),
(15, 3, 'AX1200i', 200, 'corsair-ax1200i', '80+Platinum', 1200, 1, 0, 0, 6, '24Pin', 16, '+3.3V@30A, +5V@30A, +12V@100.4A, -12V@0.8A, +5VSB@3.5A', 92),
(16, 67, 'VP-450', 140, 'vantec-vp-450', NULL, 450, 0, 1, 0, 0, '20+4Pin', 4, '+3.3V@24A, +5V@15A, +12V1@18A, +12V2@18A, -12V@0.3A, +5VSB@2.5A', 75),
(17, 3, 'AX860i', 160, 'corsair-ax860i', '80+Platinum', 860, 1, 0, 0, 6, '24Pin', 12, '+3.3V@25A, +5V@25A, +12V@71.6A, -12V@0.8A, +5VSB@3.0A', 92),
(18, 3, 'AX760', 160, 'corsair-ax760', '80+Platinum', 760, 1, 0, 0, 6, '24Pin', 12, '+3.3V@25A, +5V@25A, +12V@63A, -12V@0.5A, +5VSB@3.0A', 92),
(19, 15, 'RS650-AMAAG1-S1', 300, 'cooler-master-rs650-amaag1-s1', '80+Gold', 650, 1, 0, 0, 2, '20+4Pin', 8, '+3.3V@25A\r\n+5V@22A\r\n+12V@54A\r\n-12V@0.3A\r\n+5Vsb@2.5A', 92),
(20, 20, 'SP-550PCBUS', 140, 'thermaltake-sp-550pcbus', '80+Bronze', 550, 0, 0, 0, 2, '24Pin', 6, '+3.3V@24A, +5V@15A, +12V@42A, -12V@0.5A, +5VSB@3.0A', 88),
(21, 20, 'SP-750PCBUS', 160, 'thermaltake-sp-750pcbus', '80+Bronze', 750, 0, 0, 0, 4, '24Pin', 8, '+3.3V@25A, +5V@25A, +12V@62A, -12V@0.8A, +5VSB@3.0A', 88),
(22, 67, 'HCP-1000', 250, 'vantec-hcp-1000', '80+Platinum', 1000, 1, 0, 0, 6, '24Pin', 9, '+3.3V@25A; +5V@25A; +12V1@40A; +12V2@40A; +12V3@40A; +12V4@40A; -12V@0.5A; +5Vsb@3A', 94),
(23, 76, 'ZU-900B', 175, 'coolmax-zu-900b', '80+Bronze', 900, 1, 2, 0, 2, '20+4Pin', 9, '+5V@30A, +3.3A@30A, +12V1@77A, -12V@0.8A, +5VSB@3A', 85),
(24, 20, 'TPG-1200M', 180, 'thermaltake-tpg-1200m', '80+Gold', 1200, 1, 0, 0, 8, '24Pin', 12, '+3.3V@25A, +5V@25A, +12V1@40A, +12V2@85A, -12V@0.8A, +5VSB@6A', 93),
(25, 76, 'ZU-1000B', 175, 'coolmax-zu-1000b', '80+Bronze', 1000, 1, 2, 0, 2, '20+4Pin', 9, '+5V@30A, +3.3A@30A, +12V1@83A, -12V@0.8A, +5VSB@3A', 85),
(26, 67, 'BP430', 140, 'vantec-bp430', '80+', 430, 0, 1, 0, 0, '20+4Pin', 3, '+3.3V@20A, +5V@20A, +12V1@17A, +12V2@16A, -12V@0.8A, +5VSB@2.5A', 82),
(27, 76, 'ZX-600', 84, 'coolmax-zx-600', '80+', 600, 0, 1, 0, 1, '20+4Pin', 6, '+5V@25A, +3.3V@25A, +12V@40A, -12V@0.8A, +5VSB@3A', 80),
(28, 67, 'HCG-520M', 160, 'vantec-hcg-520m', '80+Bronze', 520, 1, 0, 0, 2, '20+4Pin', 5, '+5V@24A, +3.3V@24A, +12V@40A, -12V@0.8A, +5VSB@2.5A', 87),
(29, 20, 'SP-650PCBUS', 150, 'thermaltake-sp-650pcbus', '80+Bronze', 650, 0, 0, 0, 2, '24Pin', 6, '+3.3V@24A, +5V@24A, +12V@52A, -12V@0.5A, +5VSB@3.0A', 88),
(30, 39, 'OCZ-ZX850', 86, 'ocz-ocz-zx850', '80+Gold', 850, 1, 0, 0, 4, '20+4Pin', 12, '+3.3V@24A, +5V@30A, +12V1@70A, -12V@0.5A, +5VSB@3.0A', 92),
(31, 67, 'BP550+ ', 155, 'vantec-bp550+-', '80+', 550, 1, 1, 0, 1, '20+4Pin', 6, '+3.3V@28A, +5V@26A, +12V1@22A, +12V2@22A, +12V3@25A, -12V@0.5A, +5VSB@2.5A', 82),
(32, 67, 'EA-550 Platinum', 140, 'vantec-ea-550-platinum', '80+Platinum', 550, 0, 0, 0, 2, '24Pin', 5, '+5V@16A, +3.3V@16A, +12V1@30A, +12V2@30A, +12V3@30A, +12V4@30A, -12V@0.3A, +5VSB@3A', 93),
(33, 76, 'ZU-500B', 84, 'coolmax-zu-500b', '80+Bronze', 500, 1, 1, 0, 1, '20+4Pin', 5, '+5V@24A, +3.3V@24A, +12V@36A, -12V@0.5A, +5VSB@2.5A', 85),
(34, 67, 'EA-650', 140, 'vantec-ea-650', '80+Platinum', 650, 0, 0, 0, 2, '24Pin', 6, '+5V@18A, +3.3V@20A, +12V1@30A, +12V2@30A, +12V3@30A, +12V4@30A, -12V@0.3A, +5VSB@3A', 93),
(35, 76, 'ZX-500', 84, 'coolmax-zx-500', '80+', 500, 0, 1, 0, 1, '20+4Pin', 5, '+5V@20A, +3.3V@25A, +12V@34A, -12V@0.8A, +5VSB@3A', 80),
(36, 67, 'HCG-900', 180, 'vantec-hcg-900', '80+Bronze', 900, 0, 0, 0, 4, '20+4Pin', 9, '+3.3V@25A, +5V@25A, +12V1@40A, +12V2@40A, +12V3@40A, +12V4@40A, -12V@0.5A, +5VSB@3.0A', 88),
(37, 76, 'ZX-700', 84, 'coolmax-zx-700', '80+', 700, 0, 1, 0, 1, '20+4Pin', 5, '+5V@25A, +3.3V@25A, +12V@56A, -12V@0.8A, +5VSB@3A', 80),
(38, 67, 'HCG-750M', 170, 'vantec-hcg-750m', '80+Bronze', 750, 1, 0, 0, 4, '20+4Pin', 9, '+3.3V@25A, +5V@25A, +12V1@40A, +12V2@40A, -12V@0.5A, +5Vsb@3A', 88),
(39, 20, 'TPX-1475M', 200, 'thermaltake-tpx-1475m', '80+Gold', 1475, 1, 0, 2, 6, '20+4Pin', 16, '+3.3V@25A, +5V@25A, +12V1@55A, +12V2@75A, -12V@0.8A, +5VSB@4A', 93),
(40, 39, 'OCZ-FTY1000', 180, 'ocz-ocz-fty1000', '80+Gold', 1000, 1, 0, 0, 6, '20+4Pin', 12, '+3.3V@25A, +5V@25A, +12V@83A, -12V@0.8A, +5VSB@4A', 90),
(41, 39, 'OCZ550FTY', 160, 'ocz-ocz550fty', '80+', 550, 1, 1, 0, 1, '20+4Pin', 6, '+3.3V@25A, +5V@25A, +12V1@25A, +12V2@25A, -12V@0.3A, +5VSB@2.5A', 82),
(42, 20, 'TPX-1275M', 200, 'thermaltake-tpx-1275m', '80+Gold', 1275, 1, 0, 2, 6, '24Pin', 16, '+3.3V@25A, +5V@25A, +12V1@45A, +12V2@65A, -12V@0.8A, +5VSB@4A', 94),
(43, 15, 'RS-460-PSAR-I3', 86, 'cooler-master-rs-460-psar-i3', NULL, 460, 0, 1, 0, 0, '20+4Pin', 4, '+3.3V@20A, +5V@20A, +12V1@18A, +12V2@18A, -12V@0.8A, 5VSB@2.5A', 70),
(44, 67, 'HCG-620M', 160, 'vantec-hcg-620m', '80+Bronze', 620, 1, 0, 0, 2, '20+4Pin', 6, '+5V@24A, +3.3V@24A, +12V@48A, -12V@0.8A, +5VSB@2.5A', 87),
(45, 76, 'ZU-800B', 175, 'coolmax-zu-800b', '80+Bronze', 800, 1, 2, 0, 2, '20+4Pin', 9, '+5V@30A, +3.3A@30A, +12V1@60A, -12V@1A, +5VSB@3A', 85),
(46, 3, 'CS450M', 140, 'corsair-cs450m', '80+Gold', 450, 1, 0, 0, 1, '20+4Pin', 4, '+3.3V@20A, +5V@20A, +12V@35.5A, -12V@0.8A, +5VSB@3.0A', 92);

-- --------------------------------------------------------

--
-- Table structure for table `psu_type`
--

CREATE TABLE `psu_type` (
  `id` int(10) UNSIGNED NOT NULL,
  `psu_id` int(5) NOT NULL,
  `name` varchar(50) COLLATE utf8_unicode_ci NOT NULL
) ENGINE=InnoDB DEFAULT CHARSET=utf8 COLLATE=utf8_unicode_ci;

--
-- Dumping data for table `psu_type`
--

INSERT INTO `psu_type` (`id`, `psu_id`, `name`) VALUES
(1, 1, 'ATX12V'),
(2, 1, 'EPS12V'),
(3, 2, 'ATX12V'),
(4, 2, 'EPS12V'),
(5, 3, 'ATX12V'),
(6, 3, 'EPS12V'),
(7, 4, 'ATX12V'),
(8, 4, 'EPS12V'),
(9, 5, 'ATX12V'),
(10, 5, 'EPS12V'),
(11, 6, 'ATX12V'),
(12, 6, 'EPS12V'),
(13, 7, 'ATX12V'),
(14, 7, 'EPS12V'),
(15, 8, 'ATX12V'),
(16, 8, 'EPS12V'),
(17, 9, 'ATX12V'),
(18, 9, 'EPS12V'),
(19, 10, 'ATX12V'),
(20, 10, 'EPS12V'),
(21, 11, 'ATX12V'),
(22, 11, 'EPS12V'),
(23, 12, 'ATX12V'),
(24, 12, 'EPS12V'),
(25, 13, 'ATX12V'),
(26, 13, 'EPS12V'),
(27, 14, 'ATX12V'),
(28, 14, 'EPS12V'),
(29, 15, 'ATX12V'),
(30, 15, 'EPS12V'),
(31, 16, 'ATX12V'),
(32, 16, 'EPS12V'),
(33, 17, 'ATX12V'),
(34, 17, 'EPS12V'),
(35, 18, 'ATX12V'),
(36, 18, 'EPS12V'),
(37, 19, 'ATX12V'),
(38, 19, 'EPS12V'),
(39, 20, 'ATX12V'),
(40, 20, 'EPS12V'),
(41, 21, 'ATX12V'),
(42, 21, 'EPS12V'),
(43, 22, 'ATX12V'),
(44, 22, 'EPS12V'),
(45, 23, 'ATX12V'),
(46, 23, 'EPS12V'),
(47, 24, 'ATX12V'),
(48, 24, 'EPS12V'),
(49, 25, 'ATX12V'),
(50, 25, 'EPS12V'),
(51, 26, 'ATX12V'),
(52, 27, 'ATX12V'),
(53, 27, 'EPS12V'),
(54, 28, 'ATX12V'),
(55, 28, 'EPS12V'),
(56, 29, 'ATX12V'),
(57, 29, 'EPS12V'),
(58, 30, 'ATX12V'),
(59, 30, 'EPS12V'),
(60, 31, 'ATX12V'),
(61, 31, 'EPS12V'),
(62, 32, 'ATX12V'),
(63, 32, 'EPS12V'),
(64, 33, 'ATX12V'),
(65, 33, 'EPS12V'),
(66, 34, 'ATX12V'),
(67, 34, 'EPS12V'),
(68, 35, 'ATX12V'),
(69, 35, 'EPS12V'),
(70, 36, 'ATX12V'),
(71, 36, 'EPS12V'),
(72, 37, 'ATX12V'),
(73, 37, 'EPS12V'),
(74, 38, 'ATX12V'),
(75, 38, 'EPS12V'),
(76, 39, 'ATX12V'),
(77, 39, 'EPS12V'),
(78, 40, 'ATX12V'),
(79, 40, 'EPS12V'),
(80, 41, 'ATX12V'),
(81, 41, 'EPS12V'),
(82, 42, 'ATX12V'),
(83, 42, 'EPS12V'),
(84, 43, 'ATX12V'),
(85, 44, 'ATX12V'),
(86, 44, 'EPS12V'),
(87, 45, 'ATX12V'),
(88, 45, 'EPS12V'),
(89, 46, 'ATX12V'),
(90, 46, 'EPS12V');

-- --------------------------------------------------------

--
-- Table structure for table `retailer`
--

CREATE TABLE `retailer` (
  `id` int(10) UNSIGNED NOT NULL,
  `name` varchar(50) COLLATE utf8_unicode_ci NOT NULL,
  `url` varchar(255) COLLATE utf8_unicode_ci NOT NULL,
  `delivery_url` varchar(750) COLLATE utf8_unicode_ci NOT NULL
) ENGINE=InnoDB DEFAULT CHARSET=utf8 COLLATE=utf8_unicode_ci;

--
-- Dumping data for table `retailer`
--

INSERT INTO `retailer` (`id`, `name`, `url`, `delivery_url`) VALUES
(1, 'Veikals1', 'www.veikals1.lv', 'http://www.veikals1.lv/delivery'),
(2, 'Veikals2', 'www.veikals2.lv', 'http://www.veikals2.lv/delivery'),
(3, 'Veikals3', 'www.veikals3.lv', 'http://www.veikals3.lv/delivery'),
(4, 'Veikals4', 'www.veikals4.lv', 'http://www.veikals4.lv/delivery');

-- --------------------------------------------------------

--
-- Table structure for table `sound_card`
--

CREATE TABLE `sound_card` (
  `id` int(10) UNSIGNED NOT NULL,
  `manufacturer_id` int(5) NOT NULL,
  `part_number` varchar(100) COLLATE utf8_unicode_ci NOT NULL,
  `chipset` varchar(50) COLLATE utf8_unicode_ci DEFAULT NULL,
  `channel` double(5,2) NOT NULL,
  `sample_rate` int(5) DEFAULT NULL,
  `digital_audio` int(5) DEFAULT NULL,
  `snr` int(5) DEFAULT NULL,
  `interface` varchar(50) COLLATE utf8_unicode_ci DEFAULT NULL,
  `series` varchar(50) COLLATE utf8_unicode_ci DEFAULT NULL,
  `slug` varchar(255) COLLATE utf8_unicode_ci NOT NULL,
  `expansion_slot` int(5) NOT NULL DEFAULT '1'
) ENGINE=InnoDB DEFAULT CHARSET=utf8 COLLATE=utf8_unicode_ci;

--
-- Dumping data for table `sound_card`
--

INSERT INTO `sound_card` (`id`, `manufacturer_id`, `part_number`, `chipset`, `channel`, `sample_rate`, `digital_audio`, `snr`, `interface`, `series`, `slug`, `expansion_slot`) VALUES
(2, 59, 'AUDIGY FX', NULL, 5.10, 192, 24, 106, 'PCI Express x1', 'Sound Blaster', 'creative-audigy-fx', 1),
(3, 59, '30SB150200000', NULL, 5.10, NULL, 24, 116, 'PCI Express x1', 'Sound Blaster Z', 'creative-30sb150200000', 1),
(4, 60, 'Xonar DG', 'CMI8786', 5.10, 96, 24, 105, 'PCI', NULL, 'asus-xonar-dg', 1),
(5, 59, 'ZXR', 'Sound Core3D', 5.10, 192, 24, 124, 'PCI Express x1', 'Sound Blaster Z Series', 'creative-zxr', 1),
(6, 29, 'PCISOUND5CH2', 'CMI8738', 5.10, 48, 16, NULL, 'PCI', NULL, 'startech-pcisound5ch2', 1),
(7, 60, 'XONAR DSX', 'Asus AV66', 7.10, 192, 24, 107, 'PCI Express x1', NULL, 'asus-xonar-dsx', 1),
(8, 59, '70SB155000001', 'Creative E-MU', 7.10, 192, 24, 106, 'PCI Express x1', 'Sound Blaster Audigy RX', 'creative-70sb155000001', 1),
(9, 61, 'IC-510012-S2', 'CMI8738', 5.10, NULL, 16, 68, 'PCI', NULL, 'siig-ic-510012-s2', 1),
(11, 59, 'Sound Blaster Audigy SE', NULL, 7.10, 96, 24, 100, 'PCI', NULL, 'creative-sound-blaster-audigy-se', 1),
(12, 60, 'Xonar Essence STX', 'Asus AV100', 7.10, 192, 24, 118, 'PCI Express x1', NULL, 'asus-xonar-essence-stx', 1),
(13, 64, 'CLARO II', 'CMI8788', 7.10, 192, 24, 120, 'PCI', NULL, 'ht-omega-claro-ii', 1),
(14, 60, 'STRIX RAID DLX', 'CMI8826', 8.00, 192, NULL, 117, 'PCI Express x1', NULL, 'asus-strix-raid-dlx', 1),
(15, 64, 'eClaro', 'CMI8788', 7.10, 192, 24, NULL, 'PCI Express x1', NULL, 'ht-omega-eclaro', 1),
(16, 60, 'STRIX SOAR', 'CMI8826', 8.00, 192, NULL, 110, 'PCI Express x1', NULL, 'asus-strix-soar', 1),
(17, 60, 'STRIX RAID PRO', 'CMI8826', 8.00, 192, NULL, 116, 'PCI Express x1', NULL, 'asus-strix-raid-pro', 1),
(18, 59, 'AUDIGY RX', NULL, 7.10, 192, 24, 106, 'PCI Express x1', 'Sound Blaster', 'creative-audigy-rx', 1),
(19, 60, 'Xonar DS', 'Asus AV200', 7.10, 192, 24, 107, 'PCI', NULL, 'asus-xonar-ds', 1),
(20, 65, 'XtremeSound XS51', NULL, 5.10, 48, 16, NULL, 'PCI', NULL, 'diamond-xtremesound-xs51', 1),
(23, 61, 'LP-000022-S2', 'VIA VT1723', 5.10, 96, 24, 90, 'PCI', 'SoundWave', 'siig-lp-000022-s2', 1),
(24, 64, 'FENIX', 'CMI8828', 7.10, 192, 24, NULL, 'PCI Express x1', NULL, 'ht-omega-fenix', 1),
(25, 61, 'IC-710211-S1', NULL, 7.10, 192, 24, NULL, 'PCI', NULL, 'siig-ic-710211-s1', 1),
(26, 61, 'DP SoundWave', 'CMI8826', 5.10, NULL, 24, NULL, 'PCI Express x1', NULL, 'siig-dp-soundwave', 1),
(27, 60, 'XONAR DGX', 'CMI8786', 5.10, 96, 24, 105, 'PCI Express x1', NULL, 'asus-xonar-dgx', 1),
(28, 60, 'Xonar DX', 'Asus AV100', 7.10, 192, 24, 116, 'PCI Express x1', NULL, 'asus-xonar-dx', 1),
(29, 61, 'IC-710012-S2', 'CMI8768', 7.10, 96, 24, 92, 'PCI', NULL, 'siig-ic-710012-s2', 1);

-- --------------------------------------------------------

--
-- Table structure for table `storage`
--

CREATE TABLE `storage` (
  `id` int(10) UNSIGNED NOT NULL,
  `manufacturer_id` varchar(255) COLLATE utf8_unicode_ci NOT NULL,
  `part_number` varchar(100) COLLATE utf8_unicode_ci NOT NULL,
  `type` varchar(50) COLLATE utf8_unicode_ci NOT NULL,
  `form_factor` varchar(50) COLLATE utf8_unicode_ci NOT NULL,
  `capacity` int(5) NOT NULL,
  `interface` varchar(50) COLLATE utf8_unicode_ci NOT NULL,
  `cache` int(5) DEFAULT NULL,
  `slug` varchar(255) COLLATE utf8_unicode_ci NOT NULL
) ENGINE=InnoDB DEFAULT CHARSET=utf8 COLLATE=utf8_unicode_ci;

--
-- Dumping data for table `storage`
--

INSERT INTO `storage` (`id`, `manufacturer_id`, `part_number`, `type`, `form_factor`, `capacity`, `interface`, `cache`, `slug`) VALUES
(1, '35', 'MZ-75E500B/AM', 'SSD', '2.5', 500, 'SATA 6 Gb/s', NULL, 'samsung-mz-75e500bam'),
(2, '35', 'MZ-75E250B/AM', 'SSD', '2.5', 250, 'SATA 6 Gb/s', NULL, 'samsung-mz-75e250bam'),
(3, '10', 'MKNSSDRE1TB', 'SSD', '2.5', 1000, 'SATA 6 Gb/s', NULL, 'mushkin-mknssdre1tb'),
(4, '35', 'MZ-7KE256BW', 'SSD', '2.5', 256, 'SATA 6 Gb/s', NULL, 'samsung-mz-7ke256bw'),
(5, '8', 'SV300S37A/240G', 'SSD', '2.5', 240, 'SATA 6 Gb/s', NULL, 'kingston-sv300s37a240g'),
(6, '1', 'SSDSC2BW480H6R5', 'SSD', '2.5', 480, 'SATA 6 Gb/s', NULL, 'intel-ssdsc2bw480h6r5'),
(7, '36', 'SDSSDHII-960G-G25', 'SSD', '2.5', 960, 'SATA 6 Gb/s', NULL, 'sandisk-sdssdhii-960g-g25'),
(8, '8', 'SV300S37A/120G', 'SSD', '2.5', 120, 'SATA 6 Gb/s', NULL, 'kingston-sv300s37a120g'),
(9, '37', 'SP120GBSS3S60S25', 'SSD', '2.5', 120, 'SATA 6 Gb/s', NULL, 'silicon-power-sp120gbss3s60s25'),
(10, '10', 'MKNSSDRE256GB', 'SSD', '2.5', 256, 'SATA 6 Gb/s', NULL, 'mushkin-mknssdre256gb'),
(11, '10', 'MKNSSDEC240GB', 'SSD', '2.5', 240, 'SATA 6 Gb/s', NULL, 'mushkin-mknssdec240gb'),
(12, '1', 'SSDSC2BW120H6R5', 'SSD', '2.5', 120, 'SATA 6 Gb/s', NULL, 'intel-ssdsc2bw120h6r5'),
(13, '38', 'ASP600S3-256GM-C', 'SSD', '2.5', 256, 'SATA 6 Gb/s', NULL, 'adata-asp600s3-256gm-c'),
(14, '39', 'TRN150-25SAT3-240G', 'SSD', '2.5', 240, 'SATA 6 Gb/s', NULL, 'ocz-trn150-25sat3-240g'),
(15, '38', 'ASP550SS3-120GM-C', 'SSD', '2.5', 120, 'SATA 6 Gb/s', NULL, 'adata-asp550ss3-120gm-c'),
(16, '5', 'CT240BX200SSD1', 'SSD', '2.5', 240, 'SATA 6 Gb/s', NULL, 'crucial-ct240bx200ssd1'),
(17, '5', 'CT500MX200SSD1', 'SSD', '2.5', 500, 'SATA 6 Gb/s', NULL, 'crucial-ct500mx200ssd1'),
(18, '10', 'MKNSSDE3480GB', 'SSD', '2.5', 480, 'SATA 6 Gb/s', 512, 'mushkin-mknssde3480gb'),
(19, '35', 'MZ-75E1T0B/AM', 'SSD', '2.5', 1000, 'SATA 6 Gb/s', NULL, 'samsung-mz-75e1t0bam'),
(20, '38', 'ASP550SS3-240GM-C', 'SSD', '2.5', 240, 'SATA 6 Gb/s', NULL, 'adata-asp550ss3-240gm-c'),
(21, '35', 'MZ-75E120B/AM', 'SSD', '2.5', 120, 'SATA 6 Gb/s', NULL, 'samsung-mz-75e120bam'),
(22, '35', 'MZ-7KE512BW', 'SSD', '2.5', 512, 'SATA 6 Gb/s', NULL, 'samsung-mz-7ke512bw'),
(23, '3', 'CSSD-F240GBLEB', 'SSD', '2.5', 240, 'SATA 6 Gb/s', NULL, 'corsair-cssd-f240gbleb'),
(24, '5', 'CT480BX200SSD1', 'SSD', '2.5', 480, 'SATA 6 Gb/s', NULL, 'crucial-ct480bx200ssd1'),
(25, '38', 'ASP550SS3-480GM-C', 'SSD', '2.5', 480, 'SATA 6 Gb/s', NULL, 'adata-asp550ss3-480gm-c'),
(26, '3', 'CSSD-F480GBLEB', 'SSD', '2.5', 480, 'SATA 6 Gb/s', NULL, 'corsair-cssd-f480gbleb'),
(27, '35', 'MZ-7KE1T0BW', 'SSD', '2.5', 1000, 'SATA 6 Gb/s', NULL, 'samsung-mz-7ke1t0bw'),
(28, '5', 'CT250MX200SSD1', 'SSD', '2.5', 250, 'SATA 6 Gb/s', NULL, 'crucial-ct250mx200ssd1'),
(29, '10', 'MKNSSDEC512GB', 'SSD', '2.5', 512, 'SATA 6 Gb/s', NULL, 'mushkin-mknssdec512gb'),
(32, '36', 'SD8SBAT-256G-1122', 'SSD', '2.5', 256, 'SATA 6 Gb/s', NULL, 'sandisk-sd8sbat-256g-1122'),
(34, '8', 'SV300S37A/480G', 'SSD', '2.5', 480, 'SATA 6 Gb/s', NULL, 'kingston-sv300s37a480g'),
(35, '7', 'T253LE240GTC101', 'SSD', '2.5', 240, 'SATA 6 Gb/s', NULL, 'team-t253le240gtc101'),
(36, '37', 'SP480GBSS3S55S25', 'SSD', '2.5', 480, 'SATA 6 Gb/s', NULL, 'silicon-power-sp480gbss3s55s25'),
(37, '40', 'ST2000NM0033', '7200 RPM', '3.5', 2000, 'SATA 6 Gb/s', 128, 'seagate-st2000nm0033'),
(39, '36', 'SDSSDA-240G-G25', 'SSD', '2.5', 240, 'SATA 6 Gb/s', NULL, 'sandisk-sdssda-240g-g25'),
(41, '3', 'CSSD-F120GBLSB', 'SSD', '2.5', 120, 'SATA 6 Gb/s', NULL, 'corsair-cssd-f120gblsb'),
(42, '36', 'SDSSDXPS-240G-G25', 'SSD', '2.5', 240, 'SATA 6 Gb/s', NULL, 'sandisk-sdssdxps-240g-g25'),
(43, '36', 'SD8SB8U-1T00-1122', 'SSD', '2.5', 1000, 'SATA 6 Gb/s', NULL, 'sandisk-sd8sb8u-1t00-1122'),
(44, '1', 'SSDSC2BP240G4R5', 'SSD', '2.5', 240, 'SATA 6 Gb/s', NULL, 'intel-ssdsc2bp240g4r5'),
(46, '36', 'SDSSDHII-240G-G25', 'SSD', '2.5', 240, 'SATA 6 Gb/s', NULL, 'sandisk-sdssdhii-240g-g25'),
(47, '10', 'MKNSSDE3240GB', 'SSD', '2.5', 240, 'SATA 6 Gb/s', 256, 'mushkin-mknssde3240gb'),
(48, '36', 'SDSSDA-480G-G25', 'SSD', '2.5', 480, 'SATA 6 Gb/s', NULL, 'sandisk-sdssda-480g-g25'),
(49, '36', 'SDSSDHII-480G-G25', 'SSD', '2.5', 480, 'SATA 6 Gb/s', NULL, 'sandisk-sdssdhii-480g-g25'),
(50, '6', 'SHSS3B7A/480G', 'SSD', '2.5', 480, 'SATA 6 Gb/s', NULL, 'hyperx-shss3b7a480g'),
(51, '36', 'SDSSDA-120G-G25', 'SSD', '2.5', 120, 'SATA 6 Gb/s', NULL, 'sandisk-sdssda-120g-g25'),
(52, '10', 'MKNSSDEC120GB', 'SSD', '2.5', 120, 'SATA 6 Gb/s', NULL, 'mushkin-mknssdec120gb'),
(53, '41', 'TS64GSSD370', 'SSD', '2.5', 64, 'SATA 6 Gb/s', NULL, 'transcend-ts64gssd370'),
(54, '36', 'SDSSDXPS-480G-G25', 'SSD', '2.5', 480, 'SATA 6 Gb/s', NULL, 'sandisk-sdssdxps-480g-g25'),
(55, '39', 'TRN150-25SAT3-960G', 'SSD', '2.5', 960, 'SATA 6 Gb/s', NULL, 'ocz-trn150-25sat3-960g'),
(57, '36', 'SD7SB7S-512G-1122', 'SSD', '2.5', 512, 'SATA 6 Gb/s', NULL, 'sandisk-sd7sb7s-512g-1122'),
(58, '6', 'SHSS37A/240G', 'SSD', '2.5', 240, 'SATA 6 Gb/s', NULL, 'hyperx-shss37a240g'),
(59, '42', 'WD3001FFSX', '7200 RPM', '3.5', 3000, 'SATA 6 Gb/s', 64, 'wd-wd3001ffsx'),
(60, '43', 'PX-256M6S', 'SSD', '2.5', 256, 'SATA 6 Gb/s', NULL, 'plextor-px-256m6s'),
(61, '44', 'WD1600AAJS', '7200 RPM', '3.5', 160, 'SATA 3 Gb/s', 8, 'western-digital-wd1600aajs'),
(62, '36', 'SDSSDHP-128G-G25', 'SSD', '2.5', 128, 'SATA 6 Gb/s', NULL, 'sandisk-sdssdhp-128g-g25'),
(63, '8', 'SH103S3/120G', 'SSD', '2.5', 128, 'SATA 6 Gb/s', NULL, 'kingston-sh103s3120g'),
(64, '42', 'WD2503ABYZ', '7200 RPM', '3.5', 250, 'SATA 6 Gb/s', 64, 'wd-wd2503abyz'),
(65, '5', 'CT240M500SSD1', 'SSD', '2.5', 240, 'SATA 6 Gb/s', NULL, 'crucial-ct240m500ssd1'),
(66, '1', 'SSDSC2BB600G401', 'SSD', '2.5', 600, 'SATA 6 Gb/s', NULL, 'intel-ssdsc2bb600g401'),
(67, '45', 'SSD7CS1111-240-RB (CS1111)', 'SSD', '2.5', 240, 'SATA 6 Gb/s', NULL, 'pny-ssd7cs1111-240-rb-cs1111'),
(68, '35', 'MZ-7TE250BW', 'SSD', '2.5', 250, 'SATA 6 Gb/s', 512, 'samsung-mz-7te250bw'),
(69, '36', 'SDSSDHP-128G-G25', 'SSD', '2.5', 128, 'SATA 6 Gb/s', NULL, 'sandisk-sdssdhp-128g-g25'),
(70, '39', 'TRN100-25SAT3-120G', 'SSD', '2.5', 120, 'SATA 6 Gb/s', NULL, 'ocz-trn100-25sat3-120g'),
(74, '10', 'MKNSSDCR240GB-7', 'SSD', '2.5', 240, 'SATA 6 Gb/s', NULL, 'mushkin-mknssdcr240gb-7'),
(75, '39', 'AGT4-25SAT3-256G', 'SSD', '2.5', 256, 'SATA 6 Gb/s', NULL, 'ocz-agt4-25sat3-256g'),
(77, '43', 'PX-128M6Pro', 'SSD', '2.5', 128, 'SATA 6 Gb/s', NULL, 'plextor-px-128m6pro'),
(79, '40', 'ST500NM0011', '7200 RPM', '3.5', 500, 'SATA 6 Gb/s', 64, 'seagate-st500nm0011'),
(80, '6', 'SHSS3B7A/960G', 'SSD', '2.5', 960, 'SATA 6 Gb/s', NULL, 'hyperx-shss3b7a960g'),
(81, '5', 'CT128M4SSD1', 'SSD', '2.5', 128, 'SATA 6 Gb/s', NULL, 'crucial-ct128m4ssd1'),
(82, '1', 'SSDSC2BA200G401', 'SSD', '2.5', 200, 'SATA 6 Gb/s', NULL, 'intel-ssdsc2ba200g401'),
(83, '36', 'SDSSDXP-240G-G25', 'SSD', '2.5', 240, 'SATA 6 Gb/s', NULL, 'sandisk-sdssdxp-240g-g25'),
(84, '39', 'OCZSSD2-1VTXPL60G', 'SSD', '2.5', 60, 'SATA 3 Gb/s', 64, 'ocz-oczssd2-1vtxpl60g'),
(85, '36', 'SD7SB6S-256G-1122', 'SSD', '2.5', 256, 'SATA 6 Gb/s', NULL, 'sandisk-sd7sb6s-256g-1122'),
(87, '1', 'SSDSC2BB160G401', 'SSD', '2.5', 160, 'SATA 6 Gb/s', NULL, 'intel-ssdsc2bb160g401'),
(88, '45', 'SSD7CL4111-240-RB', 'SSD', '2.5', 240, 'SATA 6 Gb/s', NULL, 'pny-ssd7cl4111-240-rb'),
(89, '38', 'ASX900S3-128GM-C', 'SSD', '2.5', 128, 'SATA 6 Gb/s', NULL, 'adata-asx900s3-128gm-c'),
(90, '9', 'PT264GS25SSDR', 'SSD', '2.5', 64, 'SATA 3 Gb/s', NULL, 'patriot-pt264gs25ssdr'),
(91, '39', 'OCZSSD2-1VTXT60G', 'SSD', '2.5', 60, 'SATA 3 Gb/s', NULL, 'ocz-oczssd2-1vtxt60g'),
(92, '8', 'SV300S3N7A/240G', 'SSD', '2.5', 240, 'SATA 6 Gb/s', NULL, 'kingston-sv300s3n7a240g'),
(93, '46', '756633-B21', 'SSD', '2.5', 120, 'SATA 6 Gb/s', NULL, 'hp-756633-b21'),
(94, '1', 'SSDSC2KW180H6X1', 'SSD', '2.5', 180, 'SATA 6 Gb/s', NULL, 'intel-ssdsc2kw180h6x1'),
(96, '43', 'PX-256M5P', 'SSD', '2.5', 256, 'SATA 6 Gb/s', 512, 'plextor-px-256m5p'),
(97, '14', '900754', 'SSD', '2.5', 480, 'SATA 6 Gb/s', NULL, 'visiontek-900754'),
(98, '36', 'SDSSDXPS-960G-G25', 'SSD', '2.5', 960, 'SATA 6 Gb/s', NULL, 'sandisk-sdssdxps-960g-g25'),
(99, '39', 'VTR150-25SAT3-480G', 'SSD', '2.5', 480, 'SATA 6 Gb/s', NULL, 'ocz-vtr150-25sat3-480g'),
(100, '1', 'SSDSC2BB016T401', 'SSD', '2.5', 1600, 'SATA 6 Gb/s', NULL, 'intel-ssdsc2bb016t401'),
(102, '9', 'PI480GS25SSDR', 'SSD', '2.5', 480, 'SATA 6 Gb/s', 512, 'patriot-pi480gs25ssdr'),
(104, '39', 'VTX460-25SAT3-480G', 'SSD', '2.5', 480, 'SATA 6 Gb/s', NULL, 'ocz-vtx460-25sat3-480g'),
(105, '36', 'SDSSDRC-032G', 'SSD', '2.5', 32, 'SATA 6 Gb/s', NULL, 'sandisk-sdssdrc-032g'),
(106, '36', 'SD7UB3Q-256G-1122', 'SSD', '2.5', 256, 'SATA 6 Gb/s', NULL, 'sandisk-sd7ub3q-256g-1122'),
(107, '38', 'ASP600S3-32GM-C', 'SSD', '2.5', 32, 'SATA 6 Gb/s', NULL, 'adata-asp600s3-32gm-c'),
(108, '38', 'ASP610SS3-128GM-C', 'SSD', '2.5', 128, 'SATA 6 Gb/s', NULL, 'adata-asp610ss3-128gm-c'),
(109, '39', 'AGT3-25SAT3-480G', 'SSD', '2.5', 480, 'SATA 6 Gb/s', NULL, 'ocz-agt3-25sat3-480g'),
(110, '41', 'TS32GSSD370', 'SSD', '2.5', 32, 'SATA 6 Gb/s', NULL, 'transcend-ts32gssd370'),
(111, '5', 'CT128M4SSD2', 'SSD', '2.5', 128, 'SATA 6 Gb/s', NULL, 'crucial-ct128m4ssd2'),
(114, '10', 'MKNSSDST960GB', 'SSD', '2.5', 960, 'SATA 6 Gb/s', NULL, 'mushkin-mknssdst960gb'),
(115, '35', 'MZ-7TE750BW', 'SSD', '2.5', 750, 'SATA 6 Gb/s', NULL, 'samsung-mz-7te750bw'),
(117, '1', 'SSDSC2BP240G410', 'SSD', '2.5', 240, 'SATA 6 Gb/s', NULL, 'intel-ssdsc2bp240g410'),
(118, '38', 'ASP900S3-256GM-C', 'SSD', '2.5', 256, 'SATA 6 Gb/s', NULL, 'adata-asp900s3-256gm-c'),
(120, '41', 'TS1TSSD370S', 'SSD', '2.5', 1000, 'SATA 6 Gb/s', NULL, 'transcend-ts1tssd370s'),
(121, '45', 'SSD7CS2211-480-RB', 'SSD', '2.5', 480, 'SATA 6 Gb/s', NULL, 'pny-ssd7cs2211-480-rb'),
(122, '38', 'ASP900S3-512GM-C', 'SSD', '2.5', 512, 'SATA 6 Gb/s', NULL, 'adata-asp900s3-512gm-c'),
(123, '10', 'MKNSSDCR480GB', 'SSD', '2.5', 480, 'SATA 6 Gb/s', NULL, 'mushkin-mknssdcr480gb'),
(124, '36', 'SD8SBAT-064G-1122', 'SSD', '2.5', 64, 'SATA 6 Gb/s', NULL, 'sandisk-sd8sbat-064g-1122'),
(125, '1', 'SSDSC2BB300G401', 'SSD', '2.5', 300, 'SATA 6 Gb/s', NULL, 'intel-ssdsc2bb300g401'),
(126, '1', 'SSDSC2BX480G401', 'SSD', '2.5', 480, 'SATA 6 Gb/s', NULL, 'intel-ssdsc2bx480g401'),
(127, '9', 'PT2256GS25SSDR', 'SSD', '2.5', 256, 'SATA 3 Gb/s', NULL, 'patriot-pt2256gs25ssdr'),
(128, '10', 'MKNSSDCR60GB-7', 'SSD', '2.5', 60, 'SATA 6 Gb/s', NULL, 'mushkin-mknssdcr60gb-7'),
(129, '5', 'CT256M4SSD1', 'SSD', '2.5', 256, 'SATA 6 Gb/s', NULL, 'crucial-ct256m4ssd1'),
(130, '1', 'SSDSC2BB800G401', 'SSD', '2.5', 800, 'SATA 6 Gb/s', NULL, 'intel-ssdsc2bb800g401'),
(132, '41', 'TS512GSSD720', 'SSD', '2.5', 512, 'SATA 6 Gb/s', NULL, 'transcend-ts512gssd720'),
(133, '38', 'ASP600S3-128GM-C', 'SSD', '2.5', 128, 'SATA 6 Gb/s', NULL, 'adata-asp600s3-128gm-c'),
(134, '10', 'MKNSSDCR120GB-G2', 'SSD', '2.5', 120, 'SATA 6 Gb/s', NULL, 'mushkin-mknssdcr120gb-g2'),
(136, '8', 'SV300S3D7/240G', 'SSD', '2.5', 240, 'SATA 6 Gb/s', NULL, 'kingston-sv300s3d7240g'),
(137, '35', 'MZ-7PC128B/WW', 'SSD', '2.5', 128, 'SATA 6 Gb/s', NULL, 'samsung-mz-7pc128bww'),
(138, '36', 'SDSSDHP-064G-G25', 'SSD', '2.5', 64, 'SATA 6 Gb/s', NULL, 'sandisk-sdssdhp-064g-g25'),
(139, '10', 'MKNSSDCR480GB-7', 'SSD', '2.5', 480, 'SATA 6 Gb/s', NULL, 'mushkin-mknssdcr480gb-7'),
(141, '8', 'SV300S37A/120G', 'SSD', '2.5', 120, 'SATA 6 Gb/s', NULL, 'kingston-sv300s37a120g'),
(142, '5', 'CT064M4SSD2BAA', 'SSD', '2.5', 64, 'SATA 6 Gb/s', NULL, 'crucial-ct064m4ssd2baa'),
(143, '5', 'CT480M500SSD1', 'SSD', '2.5', 480, 'SATA 6 Gb/s', NULL, 'crucial-ct480m500ssd1'),
(144, '10', 'MKNSSDCR120GB', 'SSD', '2.5', 120, 'SATA 6 Gb/s', NULL, 'mushkin-mknssdcr120gb'),
(145, '14', '900499', 'SSD', '2.5', 120, 'SATA 6 Gb/s', NULL, 'visiontek-900499'),
(146, '5', 'CT256V4SSD2', 'SSD', '2.5', 256, 'SATA 3 Gb/s', NULL, 'crucial-ct256v4ssd2'),
(147, '10', 'MKNSSDST480GB', 'SSD', '2.5', 480, 'SATA 6 Gb/s', NULL, 'mushkin-mknssdst480gb'),
(148, '42', 'WD5000AZLX', '7200 RPM', '3.5', 500, 'SATA 6 Gb/s', 32, 'wd-wd5000azlx'),
(151, '36', 'SD7SB6S-128G-1122', 'SSD', '2.5', 128, 'SATA 6 Gb/s', NULL, 'sandisk-sd7sb6s-128g-1122'),
(154, '1', 'SSDSC2BB120G401', 'SSD', '2.5', 120, 'SATA 6 Gb/s', NULL, 'intel-ssdsc2bb120g401'),
(155, '1', 'SSDSC2BF180H501', 'SSD', '2.5', 180, 'SATA 6 Gb/s', NULL, 'intel-ssdsc2bf180h501'),
(157, '8', 'SV300S3N7A/120G', 'SSD', '2.5', 120, 'SATA 6 Gb/s', NULL, 'kingston-sv300s3n7a120g'),
(158, '1', 'SSDSC2BW480H601', 'SSD', '2.5', 480, 'SATA 6 Gb/s', NULL, 'intel-ssdsc2bw480h601'),
(159, '36', 'SDSSDHP-256G-G25', 'SSD', '2.5', 256, 'SATA 6 Gb/s', NULL, 'sandisk-sdssdhp-256g-g25'),
(160, '41', 'TS64GSSD340', 'SSD', '2.5', 64, 'SATA 6 Gb/s', NULL, 'transcend-ts64gssd340'),
(161, '10', 'MKNSSDRE512GB', 'SSD', '2.5', 512, 'SATA 6 Gb/s', NULL, 'mushkin-mknssdre512gb'),
(162, '39', 'AGT3-25SAT3-360G', 'SSD', '2.5', 360, 'SATA 6 Gb/s', NULL, 'ocz-agt3-25sat3-360g'),
(163, '42', 'WDBMMA0030HNC-NRSN', '5400 RPM', '3.5', 3000, 'SATA 6 Gb/s', 64, 'wd-wdbmma0030hnc-nrsn'),
(164, '47', 'AXHD1TB7235A36D', '7200 RPM', '3.5', 1000, 'SATA 6 Gb/s', 64, 'axiom-axhd1tb7235a36d'),
(165, '36', 'SDSSDX-480G-G25', 'SSD', '2.5', 480, 'SATA 6 Gb/s', NULL, 'sandisk-sdssdx-480g-g25'),
(167, '8', 'SV300S3N7A/480G', 'SSD', '2.5', 480, 'SATA 6 Gb/s', NULL, 'kingston-sv300s3n7a480g'),
(168, '43', 'PX-128M5P', 'SSD', '2.5', 128, 'SATA 6 Gb/s', 256, 'plextor-px-128m5p'),
(169, '14', '900753', 'SSD', '2.5', 240, 'SATA 6 Gb/s', NULL, 'visiontek-900753'),
(170, '5', 'CT256M550SSD1', 'SSD', '2.5', 256, 'SATA 6 Gb/s', NULL, 'crucial-ct256m550ssd1'),
(172, '41', 'TS512GSSD370S', 'SSD', '2.5', 512, 'SATA 6 Gb/s', NULL, 'transcend-ts512gssd370s'),
(173, '5', 'CT064V4SSD2', 'SSD', '2.5', 64, 'SATA 3 Gb/s', NULL, 'crucial-ct064v4ssd2'),
(174, '41', 'TS128GSSD340', 'SSD', '2.5', 128, 'SATA 6 Gb/s', NULL, 'transcend-ts128gssd340'),
(175, '10', 'MKNSSDCR120GB-DX7', 'SSD', '2.5', 120, 'SATA 6 Gb/s', NULL, 'mushkin-mknssdcr120gb-dx7'),
(176, '14', '900781', 'SSD', '2.5', 1000, 'SATA 6 Gb/s', NULL, 'visiontek-900781'),
(178, '48', 'HDTS425XZSTA', 'SSD', '2.5', 256, 'SATA 6 Gb/s', NULL, 'toshiba-hdts425xzsta'),
(180, '1', 'SSDSC2BW240H601', 'SSD', '2.5', 240, 'SATA 6 Gb/s', NULL, 'intel-ssdsc2bw240h601'),
(181, '36', 'SDSSDX-240G-G25', 'SSD', '2.5', 240, 'SATA 6 Gb/s', NULL, 'sandisk-sdssdx-240g-g25'),
(183, '8', 'SV300S3D7/480G', 'SSD', '2.5', 480, 'SATA 6 Gb/s', NULL, 'kingston-sv300s3d7480g'),
(184, '1', 'SSDSC2BX200G401', 'SSD', '2.5', 200, 'SATA 6 Gb/s', NULL, 'intel-ssdsc2bx200g401'),
(185, '49', 'FTM24N325H', 'SSD', '2.5', 240, 'SATA 6 Gb/s', NULL, 'super-talent-ftm24n325h'),
(186, '5', 'CTFDDAC256MAG-1G1', 'SSD', '2.5', 256, 'SATA 6 Gb/s', NULL, 'crucial-ctfddac256mag-1g1'),
(187, '10', 'MKNSSDCR60GB', 'SSD', '2.5', 60, 'SATA 6 Gb/s', NULL, 'mushkin-mknssdcr60gb'),
(189, '9', 'PBT960GS25SSDR', 'SSD', '2.5', 960, 'SATA 6 Gb/s', 1024, 'patriot-pbt960gs25ssdr'),
(190, '35', 'MZ-7TE120BW', 'SSD', '2.5', 120, 'SATA 6 Gb/s', NULL, 'samsung-mz-7te120bw'),
(191, '44', 'WD2500KS', '7200 RPM', '3.5', 250, 'SATA 3 Gb/s', 16, 'western-digital-wd2500ks'),
(192, '47', 'AXH-SSD25T5200A', 'SSD', '2.5', 200, 'SATA 6 Gb/s', NULL, 'axiom-axh-ssd25t5200a'),
(193, '5', 'CT064M4SSD1', 'SSD', '2.5', 64, 'SATA 6 Gb/s', NULL, 'crucial-ct064m4ssd1'),
(194, '1', 'SSDSC2BA012T401', 'SSD', '2.5', 1200, 'SATA 6 Gb/s', NULL, 'intel-ssdsc2ba012t401'),
(195, '48', 'HDTS796XZSTA', 'SSD', '2.5', 960, 'SATA 6 Gb/s', NULL, 'toshiba-hdts796xzsta'),
(196, '36', 'SDSSDRC-032G-G26', 'SSD', '2.5', 32, 'SATA 6 Gb/s', NULL, 'sandisk-sdssdrc-032g-g26'),
(197, '8', 'SV300S3D7/60G', 'SSD', '2.5', 60, 'SATA 6 Gb/s', NULL, 'kingston-sv300s3d760g'),
(200, '47', 'APLSSD36E512-AX', 'SSD', '2.5', 512, 'SATA 6 Gb/s', NULL, 'axiom-aplssd36e512-ax'),
(201, '47', 'APLSSD36E128-AX', 'SSD', '2.5', 128, 'SATA 6 Gb/s', NULL, 'axiom-aplssd36e128-ax'),
(202, '50', 'N5S-120G', 'SSD', '2.5', 120, 'SATA 6 Gb/s', 32, 'netac-n5s-120g'),
(203, '36', 'SDSSDP-064G-G25', 'SSD', '2.5', 64, 'SATA 6 Gb/s', NULL, 'sandisk-sdssdp-064g-g25'),
(205, '8', 'SH103S3/240G', 'SSD', '2.5', 240, 'SATA 6 Gb/s', NULL, 'kingston-sh103s3240g'),
(206, '42', 'WD3003FZEX', '7200 RPM', '3.5', 3000, 'SATA 6 Gb/s', 64, 'wd-wd3003fzex'),
(207, '36', 'SDSSDXP-120G-G25', 'SSD', '2.5', 120, 'SATA 6 Gb/s', NULL, 'sandisk-sdssdxp-120g-g25'),
(208, '9', 'PBT480GS25SSDR', 'SSD', '2.5', 480, 'SATA 6 Gb/s', 512, 'patriot-pbt480gs25ssdr'),
(209, '6', 'SHFS37A/240G', 'SSD', '2.5', 240, 'SATA 6 Gb/s', NULL, 'hyperx-shfs37a240g'),
(210, '35', 'MZ-7TD250KW', 'SSD', '2.5', 250, 'SATA 6 Gb/s', NULL, 'samsung-mz-7td250kw'),
(211, '47', 'AXH-SSD25T5400A', 'SSD', '2.5', 400, 'SATA 6 Gb/s', NULL, 'axiom-axh-ssd25t5400a'),
(212, '1', 'SSDSC2BA400G301', 'SSD', '2.5', 400, 'SATA 6 Gb/s', NULL, 'intel-ssdsc2ba400g301'),
(213, '41', 'TS512GSSD370', 'SSD', '2.5', 512, 'SATA 6 Gb/s', NULL, 'transcend-ts512gssd370'),
(214, '47', 'AXD-SSD25T5200G', 'SSD', '2.5', 200, 'SATA 6 Gb/s', NULL, 'axiom-axd-ssd25t5200g'),
(215, '14', '900512', 'SSD', '2.5', 240, 'SATA 6 Gb/s', NULL, 'visiontek-900512'),
(216, '10', 'MKNSSDCL240GB-DX', 'SSD', '2.5', 240, 'SATA 3 Gb/s', NULL, 'mushkin-mknssdcl240gb-dx'),
(217, '7', 'T253LE480GTC101', 'SSD', '2.5', 480, 'SATA 6 Gb/s', NULL, 'team-t253le480gtc101'),
(218, '5', 'CT256V4SSD2BAA', 'SSD', '2.5', 256, 'SATA 3 Gb/s', NULL, 'crucial-ct256v4ssd2baa'),
(219, '5', 'CT1000BX100SSD1', 'SSD', '2.5', 1000, 'SATA 6 Gb/s', NULL, 'crucial-ct1000bx100ssd1'),
(220, '38', 'ASP920SS3-128GM-C', 'SSD', '2.5', 128, 'SATA 6 Gb/s', NULL, 'adata-asp920ss3-128gm-c'),
(222, '44', 'WD1601ABYS', '7200 RPM', '3.5', 160, 'SATA 3 Gb/s', 16, 'western-digital-wd1601abys'),
(223, '5', 'CT480M500SSD3', 'SSD', '2.5', 480, 'mSATA', NULL, 'crucial-ct480m500ssd3'),
(224, '47', 'AMPSSD36E1TB-AX', 'SSD', '2.5', 1000, 'SATA 6 Gb/s', NULL, 'axiom-ampssd36e1tb-ax'),
(225, '51', 'HUA721050KLA330 (0A35770)', '7200 RPM', '3.5', 500, 'SATA 3 Gb/s', 32, 'hgst-hua721050kla330-0a35770'),
(226, '5', 'CT256M550SSD1', 'SSD', '2.5', 256, 'SATA 6 Gb/s', NULL, 'crucial-ct256m550ssd1'),
(227, '35', 'MZ-7TD250BW', 'SSD', '2.5', 250, 'SATA 6 Gb/s', NULL, 'samsung-mz-7td250bw'),
(228, '10', 'MKNSSDCR240GB-DX7', 'SSD', '2.5', 240, 'SATA 6 Gb/s', NULL, 'mushkin-mknssdcr240gb-dx7'),
(229, '52', 'ZTSSD-A5P-240G', 'SSD', '2.5', 240, 'SATA 6 Gb/s', 256, 'zotac-ztssd-a5p-240g'),
(230, '36', 'SD7SB3Q-064G-1122', 'SSD', '2.5', 64, 'SATA 6 Gb/s', NULL, 'sandisk-sd7sb3q-064g-1122'),
(232, '48', 'HDTS451XZSTA', 'SSD', '2.5', 512, 'SATA 6 Gb/s', NULL, 'toshiba-hdts451xzsta'),
(233, '45', 'SSD7SC120GOPT-RB', 'SSD', '2.5', 120, 'SATA 6 Gb/s', NULL, 'pny-ssd7sc120gopt-rb'),
(234, '43', 'PX-256M6S+', 'SSD', '2.5', 256, 'SATA 6 Gb/s', NULL, 'plextor-px-256m6s+'),
(236, '47', 'AMPSSD36E512-AX', 'SSD', '2.5', 512, 'SATA 6 Gb/s', NULL, 'axiom-ampssd36e512-ax'),
(237, '45', 'SSD9SC120GMDF-RB', 'SSD', '2.5', 120, 'SATA 6 Gb/s', NULL, 'pny-ssd9sc120gmdf-rb'),
(238, '36', 'SDSSDHII-120G-G25', 'SSD', '2.5', 120, 'SATA 6 Gb/s', NULL, 'sandisk-sdssdhii-120g-g25'),
(240, '40', 'ST5000AS0001', '5900 RPM', '3.5', 5000, 'SATA 6 Gb/s', 128, 'seagate-st5000as0001'),
(241, '52', 'ZTSSD-A5P-240G-PE', 'SSD', '2.5', 240, 'SATA 6 Gb/s', 256, 'zotac-ztssd-a5p-240g-pe'),
(242, '1', 'SSDSA2CW080G310', 'SSD', '2.5', 80, 'SATA 3 Gb/s', NULL, 'intel-ssdsa2cw080g310'),
(243, '10', 'MKNSSDST240GB', 'SSD', '2.5', 240, 'SATA 6 Gb/s', NULL, 'mushkin-mknssdst240gb'),
(245, '39', 'AGT3-25SAT3-60G', 'SSD', '2.5', 60, 'SATA 6 Gb/s', NULL, 'ocz-agt3-25sat3-60g'),
(246, '39', 'OCT1-25SAT3-256G', 'SSD', '2.5', 256, 'SATA 6 Gb/s', NULL, 'ocz-oct1-25sat3-256g'),
(247, '43', 'PX-512M5P', 'SSD', '2.5', 512, 'SATA 6 Gb/s', 768, 'plextor-px-512m5p'),
(248, '5', 'CT064M4SSD2CCA', 'SSD', '2.5', 64, 'SATA 6 Gb/s', NULL, 'crucial-ct064m4ssd2cca'),
(249, '5', 'CT512M4SSD1', 'SSD', '2.5', 512, 'SATA 6 Gb/s', NULL, 'crucial-ct512m4ssd1'),
(250, '1', 'SSDSC2BF120H501', 'SSD', '2.5', 120, 'SATA 6 Gb/s', NULL, 'intel-ssdsc2bf120h501'),
(251, '1', 'SSDSC2BW180H6R5', 'SSD', '2.5', 180, 'SATA 6 Gb/s', NULL, 'intel-ssdsc2bw180h6r5'),
(252, '10', 'MKNSSDCR240GB-G2', 'SSD', '2.5', 240, 'SATA 6 Gb/s', NULL, 'mushkin-mknssdcr240gb-g2'),
(254, '8', 'SV300S3N7A/60G', 'SSD', '2.5', 60, 'SATA 6 Gb/s', NULL, 'kingston-sv300s3n7a60g'),
(255, '47', 'APLSSD26E512-AX', 'SSD', '2.5', 512, 'SATA 6 Gb/s', NULL, 'axiom-aplssd26e512-ax'),
(256, '8', 'SH100S3B/120G', 'SSD', '2.5', 120, 'SATA 6 Gb/s', NULL, 'kingston-sh100s3b120g'),
(257, '1', 'SSDSA2CW080G3B5', 'SSD', '2.5', 80, 'SATA 3 Gb/s', NULL, 'intel-ssdsa2cw080g3b5'),
(258, '43', 'PX-128M3', 'SSD', '2.5', 128, 'SATA 6 Gb/s', 256, 'plextor-px-128m3'),
(260, '47', 'APLSSD36E256-AX', 'SSD', '2.5', 256, 'SATA 6 Gb/s', NULL, 'axiom-aplssd36e256-ax'),
(261, '36', 'SD6SB2M-256G-1022i', 'SSD', '2.5', 256, 'SATA 6 Gb/s', NULL, 'sandisk-sd6sb2m-256g-1022i'),
(262, '40', 'ST1500DL003', '5900 RPM', '3.5', 1500, 'SATA 6 Gb/s', 64, 'seagate-st1500dl003'),
(263, '46', 'GE262AA', '7200 RPM', '3.5', 1000, 'SATA 3 Gb/s', 16, 'hp-ge262aa'),
(264, '48', 'DT01ACA100', '7200 RPM', '3.5', 1000, 'SATA 6 Gb/s', 32, 'toshiba-dt01aca100'),
(266, '1', 'SSDSC2BA800G401', 'SSD', '2.5', 800, 'SATA 6 Gb/s', NULL, 'intel-ssdsc2ba800g401'),
(267, '1', 'SSDSC2BA200G301', 'SSD', '2.5', 200, 'SATA 6 Gb/s', NULL, 'intel-ssdsc2ba200g301'),
(269, '9', 'PB120GS25SSDR', 'SSD', '2.5', 120, 'SATA 6 Gb/s', 32, 'patriot-pb120gs25ssdr'),
(270, '41', 'TS256GSSD370', 'SSD', '2.5', 256, 'SATA 6 Gb/s', NULL, 'transcend-ts256gssd370'),
(271, '47', 'AXD-SSD25T5200E', 'SSD', '2.5', 200, 'SATA 6 Gb/s', NULL, 'axiom-axd-ssd25t5200e'),
(272, '52', 'ZTSSD-A4P-120G', 'SSD', '2.5', 120, 'SATA 6 Gb/s', 32, 'zotac-ztssd-a4p-120g'),
(273, '45', 'SSD7CS2211-240-RB', 'SSD', '2.5', 240, 'SATA 6 Gb/s', NULL, 'pny-ssd7cs2211-240-rb'),
(274, '10', 'MKNSSDCR480GB-7-A', 'SSD', '2.5', 480, 'SATA 6 Gb/s', NULL, 'mushkin-mknssdcr480gb-7-a'),
(275, '47', 'AXI-SSD25T5200B', 'SSD', '2.5', 200, 'SATA 6 Gb/s', NULL, 'axiom-axi-ssd25t5200b'),
(276, '5', 'CT960M500SSD1', 'SSD', '2.5', 960, 'SATA 6 Gb/s', NULL, 'crucial-ct960m500ssd1'),
(277, '39', 'VTX450-25SAT3-512G', 'SSD', '2.5', 512, 'SATA 6 Gb/s', NULL, 'ocz-vtx450-25sat3-512g'),
(278, '3', 'CSSD-N240GBGTXB-BK', 'SSD', '2.5', 240, 'SATA 6 Gb/s', NULL, 'corsair-cssd-n240gbgtxb-bk'),
(279, '47', 'AXL-SSD25T5200A', 'SSD', '2.5', 200, 'SATA 6 Gb/s', NULL, 'axiom-axl-ssd25t5200a'),
(280, '45', 'SSD7CL4111-120-RB', 'SSD', '2.5', 120, 'SATA 6 Gb/s', NULL, 'pny-ssd7cl4111-120-rb'),
(281, '40', 'ST3500320AS', '7200 RPM', '3.5', 500, 'SATA 3 Gb/s', 32, 'seagate-st3500320as'),
(282, '53', '4XB0F28623', 'SSD', '2.5', 240, 'SATA 6 Gb/s', NULL, 'lenovo-4xb0f28623'),
(284, '1', 'SSDSC2BB240G401', 'SSD', '2.5', 240, 'SATA 6 Gb/s', NULL, 'intel-ssdsc2bb240g401'),
(285, '1', 'SSDSC2BF480H501', 'SSD', '2.5', 480, 'SATA 6 Gb/s', NULL, 'intel-ssdsc2bf480h501'),
(286, '1', 'SSDSC2BX400G401', 'SSD', '2.5', 400, 'SATA 6 Gb/s', NULL, 'intel-ssdsc2bx400g401'),
(287, '45', 'SSD7CS1211-480-RB', 'SSD', '2.5', 480, 'SATA 6 Gb/s', NULL, 'pny-ssd7cs1211-480-rb'),
(288, '38', 'ASX900S3-256GM-C', 'SSD', '2.5', 256, 'SATA 6 Gb/s', NULL, 'adata-asx900s3-256gm-c'),
(289, '39', 'VTX3LP-25SAT3-480G', 'SSD', '2.5', 480, 'SATA 6 Gb/s', NULL, 'ocz-vtx3lp-25sat3-480g'),
(291, '5', 'CT256M4SSD2CCA', 'SSD', '2.5', 256, 'SATA 6 Gb/s', NULL, 'crucial-ct256m4ssd2cca'),
(292, '5', 'CT128M4SSD1CCA', 'SSD', '2.5', 128, 'SATA 6 Gb/s', NULL, 'crucial-ct128m4ssd1cca'),
(293, '45', 'SSD7CS1211-240-RB', 'SSD', '2.5', 240, 'SATA 6 Gb/s', NULL, 'pny-ssd7cs1211-240-rb'),
(294, '1', 'SSDSC2BF240H501', 'SSD', '2.5', 240, 'SATA 6 Gb/s', NULL, 'intel-ssdsc2bf240h501'),
(295, '45', 'SSD9SC120GMDF-RB', 'SSD', '2.5', 120, 'SATA 6 Gb/s', NULL, 'pny-ssd9sc120gmdf-rb'),
(297, '37', 'SP120GBSS3S55S25', 'SSD', '2.5', 120, 'SATA 6 Gb/s', NULL, 'silicon-power-sp120gbss3s55s25'),
(299, '47', 'AXL-SSD25T5400A', 'SSD', '2.5', 400, 'SATA 6 Gb/s', NULL, 'axiom-axl-ssd25t5400a'),
(300, '50', 'N5M-60G', 'SSD', '2.5', 60, 'mSATA', NULL, 'netac-n5m-60g'),
(301, '54', 'MTFDDAK1T0MBF-1AN12A', 'SSD', '2.5', 1000, 'SATA 6 Gb/s', NULL, 'micron-mtfddak1t0mbf-1an12a'),
(302, '35', 'MZ-7KE2T0BW', 'SSD', '2.5', 2000, 'SATA 6 Gb/s', NULL, 'samsung-mz-7ke2t0bw'),
(303, '5', 'CT960BX200SSD1', 'SSD', '2.5', 960, 'SATA 6 Gb/s', NULL, 'crucial-ct960bx200ssd1'),
(304, '1', 'SSDSC2BP480G4R5', 'SSD', '2.5', 480, 'SATA 6 Gb/s', NULL, 'intel-ssdsc2bp480g4r5'),
(305, '40', 'ST3160215AS', '7200 RPM', '3.5', 160, 'SATA 3 Gb/s', 2, 'seagate-st3160215as'),
(307, '36', 'SD7SB7S-010T-1122', 'SSD', '2.5', 1000, 'SATA 6 Gb/s', NULL, 'sandisk-sd7sb7s-010t-1122'),
(308, '35', 'MZ-7TD120BW', 'SSD', '2.5', 120, 'SATA 6 Gb/s', NULL, 'samsung-mz-7td120bw'),
(309, '36', 'SDSSDP-256G-G25', 'SSD', '2.5', 256, 'SATA 6 Gb/s', NULL, 'sandisk-sdssdp-256g-g25'),
(310, '39', 'TRN100-25SAT3-960G', 'SSD', '2.5', 960, 'SATA 6 Gb/s', NULL, 'ocz-trn100-25sat3-960g'),
(313, '40', 'ST3250310SV', '7200 RPM', '3.5', 250, 'SATA 3 Gb/s', 8, 'seagate-st3250310sv'),
(314, '48', 'HDTS412XZSTA', 'SSD', '2.5', 128, 'SATA 6 Gb/s', NULL, 'toshiba-hdts412xzsta'),
(315, '43', 'PX-512M5Pro', 'SSD', '2.5', 512, 'SATA 6 Gb/s', 768, 'plextor-px-512m5pro'),
(317, '1', 'SSDSC2BX016T401', 'SSD', '2.5', 1600, 'SATA 6 Gb/s', NULL, 'intel-ssdsc2bx016t401'),
(318, '14', '900625', 'SSD', '2.5', 480, 'SATA 6 Gb/s', NULL, 'visiontek-900625'),
(319, '6', 'SHSS37A/960G', 'SSD', '2.5', 960, 'SATA 6 Gb/s', NULL, 'hyperx-shss37a960g'),
(320, '1', 'SSDSC2BB080G401', 'SSD', '2.5', 80, 'SATA 6 Gb/s', NULL, 'intel-ssdsc2bb080g401'),
(321, '48', 'HDTS312XZSTA', 'SSD', '2.5', 128, 'SATA 6 Gb/s', NULL, 'toshiba-hdts312xzsta'),
(323, '46', 'A3D25AT', 'SSD', '2.5', 128, 'SATA 3 Gb/s', NULL, 'hp-a3d25at'),
(324, '8', 'SV300S37A/60G', 'SSD', '2.5', 60, 'SATA 6 Gb/s', NULL, 'kingston-sv300s37a60g'),
(325, '40', 'ST3500630AS', '7200 RPM', '3.5', 500, 'SATA 3 Gb/s', 16, 'seagate-st3500630as'),
(326, '36', 'SDSSDHII-960G-G25', 'SSD', '2.5', 960, 'SATA 6 Gb/s', NULL, 'sandisk-sdssdhii-960g-g25'),
(327, '40', 'ST3500641NS', '7200 RPM', '3.5', 500, 'SATA 3 Gb/s', 16, 'seagate-st3500641ns'),
(328, '5', 'CT120M500SSD1', 'SSD', '2.5', 120, 'SATA 6 Gb/s', NULL, 'crucial-ct120m500ssd1'),
(330, '51', 'HDS721616PLA380 (0A32728)', '7200 RPM', '3.5', 160, 'SATA 3 Gb/s', 8, 'hgst-hds721616pla380-0a32728'),
(331, '40', 'ST3000NC002', '7200 RPM', '3.5', 3000, 'SATA 6 Gb/s', 64, 'seagate-st3000nc002'),
(332, '55', '7H500F0', '7200 RPM', '3.5', 500, 'SATA 3 Gb/s', 16, 'maxtor-7h500f0'),
(334, '43', 'PX-512M6S', 'SSD', '2.5', 512, 'SATA 6 Gb/s', NULL, 'plextor-px-512m6s'),
(335, '8', 'SV300S37A/240G', 'SSD', '2.5', 240, 'SATA 6 Gb/s', NULL, 'kingston-sv300s37a240g'),
(336, '36', 'SDSSDHP-256G-G25', 'SSD', '2.5', 256, 'SATA 6 Gb/s', NULL, 'sandisk-sdssdhp-256g-g25'),
(337, '36', 'SD8SBAT-128G-1122', 'SSD', '2.5', 128, 'SATA 6 Gb/s', NULL, 'sandisk-sd8sbat-128g-1122'),
(338, '42', 'WD4000F9YZ', '7200 RPM', '3.5', 4000, 'SATA 6 Gb/s', 64, 'wd-wd4000f9yz'),
(339, '9', 'PP120GS25SSDR', 'SSD', '2.5', 120, 'SATA 6 Gb/s', NULL, 'patriot-pp120gs25ssdr'),
(340, '47', 'AXD-SSD25T5400G', 'SSD', '2.5', 400, 'SATA 6 Gb/s', NULL, 'axiom-axd-ssd25t5400g'),
(341, '40', 'ST380215AS', '7200 RPM', '3.5', 80, 'SATA 3 Gb/s', 2, 'seagate-st380215as'),
(342, '40', 'ST3250310NS', '7200 RPM', '3.5', 250, 'SATA 3 Gb/s', 32, 'seagate-st3250310ns'),
(343, '1', 'SSDSA2CW600G310', 'SSD', '2.5', 600, 'SATA 3 Gb/s', NULL, 'intel-ssdsa2cw600g310'),
(344, '1', 'SSDSC2BB480G401', 'SSD', '2.5', 480, 'SATA 6 Gb/s', NULL, 'intel-ssdsc2bb480g401'),
(345, '1', 'SSDSC2BX800G401', 'SSD', '2.5', 800, 'SATA 6 Gb/s', NULL, 'intel-ssdsc2bx800g401'),
(347, '53', '4XB0F28623', 'SSD', '2.5', 240, 'SATA 6 Gb/s', NULL, 'lenovo-4xb0f28623'),
(348, '48', 'HDTS724XZSTA', 'SSD', '2.5', 240, 'SATA 6 Gb/s', NULL, 'toshiba-hdts724xzsta'),
(349, '6', 'SHSS3B7A/120G', 'SSD', '2.5', 120, 'SATA 6 Gb/s', NULL, 'hyperx-shss3b7a120g'),
(350, '35', 'MZ-7PD512BW', 'SSD', '2.5', 512, 'SATA 6 Gb/s', NULL, 'samsung-mz-7pd512bw'),
(351, '5', 'CT256M4SSD2BAA', 'SSD', '2.5', 256, 'SATA 6 Gb/s', NULL, 'crucial-ct256m4ssd2baa'),
(352, '5', 'CT500BX100SSD1', 'SSD', '2.5', 500, 'SATA 6 Gb/s', NULL, 'crucial-ct500bx100ssd1'),
(353, '40', 'ST3400633AS', '7200 RPM', '3.5', 400, 'SATA 3 Gb/s', 16, 'seagate-st3400633as'),
(354, '10', 'MKNSSDCR120GB-MX', 'SSD', '2.5', 120, 'SATA 6 Gb/s', NULL, 'mushkin-mknssdcr120gb-mx'),
(355, '4', 'FM-25S3-120GBP3', 'SSD', '2.5', 120, 'SATA 6 Gb/s', NULL, 'gskill-fm-25s3-120gbp3'),
(356, '3', 'CSSD-F60GBLS', 'SSD', '2.5', 60, 'SATA 6 Gb/s', 256, 'corsair-cssd-f60gbls'),
(357, '35', 'MZ-7TE120BW', 'SSD', '2.5', 120, 'SATA 6 Gb/s', NULL, 'samsung-mz-7te120bw'),
(358, '44', 'WD2500YS', '7200 RPM', '3.5', 250, 'SATA 3 Gb/s', 16, 'western-digital-wd2500ys'),
(359, '36', 'SDSSDHII-480G-G25', 'SSD', '2.5', 480, 'SATA 6 Gb/s', NULL, 'sandisk-sdssdhii-480g-g25'),
(360, '8', 'SV300S37A/480G', 'SSD', '2.5', 480, 'SATA 6 Gb/s', NULL, 'kingston-sv300s37a480g'),
(361, '51', 'HUS724040ALA640 (0F14688)', '7200 RPM', '3.5', 4000, 'SATA 6 Gb/s', 64, 'hgst-hus724040ala640-0f14688'),
(362, '42', 'WD5000AZRZ', '5400 RPM', '3.5', 500, 'SATA 6 Gb/s', 64, 'wd-wd5000azrz'),
(363, '48', 'MD03ACA200V', '7200 RPM', '3.5', 2000, 'SATA 3 Gb/s', 64, 'toshiba-md03aca200v'),
(364, '47', 'AXH-SSD25T5400B', 'SSD', '2.5', 400, 'SATA 6 Gb/s', NULL, 'axiom-axh-ssd25t5400b'),
(365, '9', 'PBT240GS25SSDR', 'SSD', '2.5', 240, 'SATA 6 Gb/s', 256, 'patriot-pbt240gs25ssdr'),
(366, '5', 'CT128M4SSD2CCA', 'SSD', '2.5', 128, 'SATA 6 Gb/s', NULL, 'crucial-ct128m4ssd2cca'),
(367, '10', 'MKNSSDCR480GB-G2', 'SSD', '2.5', 480, 'SATA 6 Gb/s', NULL, 'mushkin-mknssdcr480gb-g2'),
(368, '36', 'SDSSDX-120G-G25', 'SSD', '2.5', 120, 'SATA 6 Gb/s', NULL, 'sandisk-sdssdx-120g-g25'),
(369, '1', 'SSDSA2CW300G310', 'SSD', '2.5', 300, 'SATA 3 Gb/s', NULL, 'intel-ssdsa2cw300g310'),
(370, '43', 'PX-128M5S', 'SSD', '2.5', 128, 'SATA 6 Gb/s', 256, 'plextor-px-128m5s'),
(372, '48', 'HDTS124XZSWA', 'SSD', '2.5', 240, 'SATA 6 Gb/s', NULL, 'toshiba-hdts124xzswa'),
(374, '49', 'FTM28GL25H', 'SSD', '2.5', 128, 'SATA 3 Gb/s', NULL, 'super-talent-ftm28gl25h'),
(375, '1', 'SSDSC2BA400G3ES', 'SSD', '2.5', 400, 'SATA 6 Gb/s', NULL, 'intel-ssdsc2ba400g3es'),
(376, '1', 'SSDSC2KW010X6X1', 'SSD', '2.5', 1000, 'SATA 6 Gb/s', NULL, 'intel-ssdsc2kw010x6x1'),
(378, '42', 'WD7500AAVS-00D7B0', '7200 RPM', '3.5', 750, 'SATA 3 Gb/s', 16, 'wd-wd7500aavs-00d7b0'),
(379, '43', 'PX-256M5S', 'SSD', '2.5', 256, 'SATA 6 Gb/s', 512, 'plextor-px-256m5s'),
(380, '37', 'SP240GBSS3S80S26', 'SSD', '2.5', 240, 'SATA 6 Gb/s', NULL, 'silicon-power-sp240gbss3s80s26'),
(381, '5', 'CT480M500SSD1', 'SSD', '2.5', 480, 'SATA 6 Gb/s', NULL, 'crucial-ct480m500ssd1'),
(382, '42', 'WD4002FFWX', '7200 RPM', '3.5', 4000, 'SATA 6 Gb/s', 128, 'wd-wd4002ffwx'),
(383, '49', 'FTM48N325H', 'SSD', '2.5', 480, 'SATA 6 Gb/s', NULL, 'super-talent-ftm48n325h'),
(384, '10', 'Chronos deluxe', 'SSD', '2.5', 240, 'SATA 6 Gb/s', NULL, 'mushkin-chronos-deluxe'),
(385, '44', 'WD2500AAJS', '7200 RPM', '3.5', 250, 'SATA 3 Gb/s', 8, 'western-digital-wd2500aajs'),
(386, '45', 'SSD9SC120GCDA-RB', 'SSD', '2.5', 120, 'SATA 6 Gb/s', NULL, 'pny-ssd9sc120gcda-rb'),
(388, '9', 'PI240GS325SSDR', 'SSD', '2.5', 240, 'SATA 6 Gb/s', 256, 'patriot-pi240gs325ssdr'),
(389, '5', 'CT128V4SSD2', 'SSD', '2.5', 128, 'SATA 3 Gb/s', NULL, 'crucial-ct128v4ssd2'),
(390, '5', 'CT512M550SSD1', 'SSD', '2.5', 512, 'SATA 6 Gb/s', NULL, 'crucial-ct512m550ssd1'),
(391, '45', 'SSD7CS1311-120-RB', 'SSD', '2.5', 120, 'SATA 6 Gb/s', NULL, 'pny-ssd7cs1311-120-rb'),
(392, '4', 'FM-25S3-240GPF', 'SSD', '2.5', 240, 'SATA 6 Gb/s', NULL, 'gskill-fm-25s3-240gpf'),
(393, '51', 'H3IK40003272SW (0S03363)', '7200 RPM', '3.5', 4000, 'SATA 6 Gb/s', 64, 'hgst-h3ik40003272sw-0s03363'),
(394, '1', 'SSDSC2BW240H6R5', 'SSD', '2.5', 240, 'SATA 6 Gb/s', NULL, 'intel-ssdsc2bw240h6r5'),
(395, '48', 'HDWA130XZSTA', '5940 RPM', '3.5', 3000, 'SATA 6 Gb/s', 64, 'toshiba-hdwa130xzsta'),
(397, '5', 'CT1024M550SSD1', 'SSD', '2.5', 1000, 'SATA 6 Gb/s', NULL, 'crucial-ct1024m550ssd1'),
(398, '39', 'VTR150-25SAT3-480G', 'SSD', '2.5', 480, 'SATA 6 Gb/s', NULL, 'ocz-vtr150-25sat3-480g'),
(399, '5', 'CT120M500SSD1', 'SSD', '2.5', 120, 'SATA 6 Gb/s', NULL, 'crucial-ct120m500ssd1'),
(400, '5', 'CT128MX100SSD1', 'SSD', '2.5', 128, 'SATA 6 Gb/s', NULL, 'crucial-ct128mx100ssd1'),
(401, '35', 'MZ-7TE1T0BW', 'SSD', '2.5', 1000, 'SATA 6 Gb/s', NULL, 'samsung-mz-7te1t0bw'),
(402, '47', '67Y2614-AX', '7200 RPM', '3.5', 1000, 'SATA 3 Gb/s', 64, 'axiom-67y2614-ax'),
(404, '3', 'CSSD-N256GB3-BK', 'SSD', '2.5', 256, 'SATA 6 Gb/s', NULL, 'corsair-cssd-n256gb3-bk'),
(405, '36', 'SDSSDP-128G-G25', 'SSD', '2.5', 128, 'SATA 6 Gb/s', NULL, 'sandisk-sdssdp-128g-g25'),
(406, '41', 'TS256GSSD340', 'SSD', '2.5', 256, 'SATA 6 Gb/s', NULL, 'transcend-ts256gssd340'),
(407, '10', 'MKNSSDCR60GB-G2', 'SSD', '2.5', 60, 'SATA 6 Gb/s', NULL, 'mushkin-mknssdcr60gb-g2'),
(408, '39', 'VTX4-25SAT3-64G', 'SSD', '2.5', 64, 'SATA 6 Gb/s', NULL, 'ocz-vtx4-25sat3-64g'),
(410, '47', 'AXHD2TB7235A36E', '7200 RPM', '3.5', 2000, 'SATA 6 Gb/s', 64, 'axiom-axhd2tb7235a36e'),
(411, '2', 'RADEON-R7SSD-120G', 'SSD', '2.5', 120, 'SATA 6 Gb/s', NULL, 'amd-radeon-r7ssd-120g'),
(412, '38', 'ASX900S3-64GM-C', 'SSD', '2.5', 64, 'SATA 6 Gb/s', NULL, 'adata-asx900s3-64gm-c'),
(413, '3', 'CSSD-F960GBLEB', 'SSD', '2.5', 960, 'SATA 6 Gb/s', NULL, 'corsair-cssd-f960gbleb'),
(414, '57', '47372', 'SSD', '2.5', 256, 'SATA 3 Gb/s', NULL, 'verbatim-47372'),
(415, '36', 'SDSSDXP-480G-G25', 'SSD', '2.5', 480, 'SATA 6 Gb/s', NULL, 'sandisk-sdssdxp-480g-g25'),
(416, '39', 'VTX460-25SAT3-120G', 'SSD', '2.5', 120, 'SATA 6 Gb/s', NULL, 'ocz-vtx460-25sat3-120g'),
(417, '47', '0A89472-AX', '7200 RPM', '3.5', 2000, 'SATA 6 Gb/s', 64, 'axiom-0a89472-ax'),
(418, '36', 'SDSSDP-128G-G25', 'SSD', '2.5', 128, 'SATA 6 Gb/s', NULL, 'sandisk-sdssdp-128g-g25'),
(419, '39', 'OCZSSD2-2VTXE120G', 'SSD', '2.5', 115, 'SATA 3 Gb/s', NULL, 'ocz-oczssd2-2vtxe120g'),
(420, '39', 'VTR180-25SAT3-120G', 'SSD', '2.5', 120, 'SATA 6 Gb/s', NULL, 'ocz-vtr180-25sat3-120g'),
(421, '8', 'SUV300S37A/240G', 'SSD', '2.5', 240, 'SATA 6 Gb/s', NULL, 'kingston-suv300s37a240g'),
(422, '35', 'MZ7WD480HCGM-00003', 'SSD', '2.5', 480, 'SATA 6 Gb/s', NULL, 'samsung-mz7wd480hcgm-00003'),
(423, '10', 'MKNSSDCR60GB-DX', 'SSD', '2.5', 60, 'SATA 6 Gb/s', NULL, 'mushkin-mknssdcr60gb-dx'),
(424, '46', '691862-B21', 'SSD', '2.5', 100, 'SATA 6 Gb/s', NULL, 'hp-691862-b21'),
(426, '35', 'MZ-7TE500BW', 'SSD', '2.5', 500, 'SATA 6 Gb/s', NULL, 'samsung-mz-7te500bw'),
(427, '42', 'WD2004FBYZ', '7200 RPM', '3.5', 2000, 'SATA 6 Gb/s', 128, 'wd-wd2004fbyz'),
(428, '51', 'HUH728060ALE600 (0F23269)', '7200 RPM', '3.5', 6000, 'SATA 6 Gb/s', 128, 'hgst-huh728060ale600-0f23269'),
(429, '6', 'SH103S3/120G', 'SSD', '2.5', 120, 'SATA 6 Gb/s', NULL, 'hyperx-sh103s3120g'),
(430, '38', 'ASP920SS3-128GM-C', 'SSD', '2.5', 128, 'SATA 6 Gb/s', NULL, 'adata-asp920ss3-128gm-c'),
(431, '37', 'S70', 'SSD', '2.5', 120, 'SATA 6 Gb/s', NULL, 'silicon-power-s70'),
(434, '41', 'TS128GSSD720', 'SSD', '2.5', 128, 'SATA 6 Gb/s', NULL, 'transcend-ts128gssd720'),
(435, '37', 'SP060GBSS3S60S25', 'SSD', '2.5', 60, 'SATA 6 Gb/s', NULL, 'silicon-power-sp060gbss3s60s25'),
(437, '5', 'CT960M500SSD1', 'SSD', '2.5', 960, 'SATA 6 Gb/s', NULL, 'crucial-ct960m500ssd1'),
(439, '1', 'SSDSC2KW120H6X1', 'SSD', '2.5', 120, 'SATA 6 Gb/s', NULL, 'intel-ssdsc2kw120h6x1'),
(440, '47', 'SSD2546E1TB-AX', 'SSD', '2.5', 1000, 'SATA 6 Gb/s', NULL, 'axiom-ssd2546e1tb-ax'),
(441, '46', 'J2V75AA', 'SSD', '2.5', 512, 'SATA 6 Gb/s', NULL, 'hp-j2v75aa'),
(443, '5', 'CT120M500SSD3', 'SSD', '2.5', 120, 'mSATA', NULL, 'crucial-ct120m500ssd3'),
(444, '43', 'PX-128M6Pro', 'SSD', '2.5', 128, 'SATA 6 Gb/s', NULL, 'plextor-px-128m6pro'),
(445, '8', 'SV300S37A/120G', 'SSD', '2.5', 120, 'SATA 6 Gb/s', NULL, 'kingston-sv300s37a120g'),
(446, '35', 'MZ-7KE128BW', 'SSD', '2.5', 128, 'SATA 6 Gb/s', NULL, 'samsung-mz-7ke128bw'),
(447, '1', 'SSDSC2BW120H601', 'SSD', '2.5', 120, 'SATA 6 Gb/s', NULL, 'intel-ssdsc2bw120h601'),
(448, '9', 'PP240GS25SSDR', 'SSD', '2.5', 240, 'SATA 6 Gb/s', NULL, 'patriot-pp240gs25ssdr'),
(450, '5', 'CT032V4SSD2', 'SSD', '2.5', 32, 'SATA 3 Gb/s', NULL, 'crucial-ct032v4ssd2'),
(451, '36', 'SD7UB2Q-512G-1122', 'SSD', '2.5', 512, 'SATA 6 Gb/s', NULL, 'sandisk-sd7ub2q-512g-1122'),
(452, '38', 'ASP600S3-64GM-C', 'SSD', '2.5', 64, 'SATA 6 Gb/s', NULL, 'adata-asp600s3-64gm-c'),
(453, '8', 'SV300S3D7/120G', 'SSD', '2.5', 120, 'SATA 6 Gb/s', NULL, 'kingston-sv300s3d7120g'),
(454, '5', 'CT064M4SSD2', 'SSD', '2.5', 64, 'SATA 6 Gb/s', NULL, 'crucial-ct064m4ssd2'),
(456, '35', 'MZ-7TE250LW', 'SSD', '2.5', 250, 'SATA 6 Gb/s', NULL, 'samsung-mz-7te250lw'),
(457, '9', 'PI960GS25SSDR', 'SSD', '2.5', 960, 'SATA 3 Gb/s', 1024, 'patriot-pi960gs25ssdr'),
(458, '38', 'ASP920SS3-256GM-C', 'SSD', '2.5', 256, 'SATA 6 Gb/s', NULL, 'adata-asp920ss3-256gm-c'),
(459, '47', 'SSD3546E256-AX', 'SSD', '2.5', 256, 'SATA 6 Gb/s', NULL, 'axiom-ssd3546e256-ax'),
(460, '47', 'SSD3546E1TB-AX', 'SSD', '2.5', 1000, 'SATA 6 Gb/s', NULL, 'axiom-ssd3546e1tb-ax'),
(461, '5', 'CT128MX100SSD1', 'SSD', '2.5', 128, 'SATA 6 Gb/s', NULL, 'crucial-ct128mx100ssd1'),
(463, '56', 'PE246518', 'SSD', '2.5', 256, 'SATA 6 Gb/s', NULL, 'edge-pe246518'),
(464, '5', 'CT256MX100SSD1', 'SSD', '2.5', 256, 'SATA 6 Gb/s', NULL, 'crucial-ct256mx100ssd1'),
(465, '3', 'CSSD-N480GBXTB', 'SSD', '2.5', 480, 'SATA 6 Gb/s', NULL, 'corsair-cssd-n480gbxtb'),
(466, '1', 'SSDSC2BA400G401', 'SSD', '2.5', 400, 'SATA 6 Gb/s', NULL, 'intel-ssdsc2ba400g401'),
(467, '45', 'SSD9SC240GCDA-RB', 'SSD', '2.5', 240, 'SATA 6 Gb/s', NULL, 'pny-ssd9sc240gcda-rb'),
(468, '45', 'SSD7CL4111-480-RB', 'SSD', '2.5', 480, 'SATA 6 Gb/s', NULL, 'pny-ssd7cl4111-480-rb'),
(469, '57', '47379', 'SSD', '2.5', 240, 'SATA 6 Gb/s', NULL, 'verbatim-47379'),
(470, '57', '47378', 'SSD', '2.5', 120, 'SATA 6 Gb/s', NULL, 'verbatim-47378'),
(471, '1', 'SSDSC2BA100G3ES', 'SSD', '2.5', 100, 'SATA 6 Gb/s', NULL, 'intel-ssdsc2ba100g3es'),
(472, '3', 'CSSD-F240GBLSB', 'SSD', '2.5', 240, 'SATA 6 Gb/s', NULL, 'corsair-cssd-f240gblsb'),
(474, '37', 'SP240GBSS3S60S25', 'SSD', '2.5', 240, 'SATA 6 Gb/s', NULL, 'silicon-power-sp240gbss3s60s25'),
(475, '10', 'MKNSSDCR120GB-7', 'SSD', '2.5', 120, 'SATA 6 Gb/s', NULL, 'mushkin-mknssdcr120gb-7'),
(476, '35', 'MZ-7PD256BW', 'SSD', '2.5', 256, 'SATA 6 Gb/s', NULL, 'samsung-mz-7pd256bw'),
(477, '39', 'TRN100-25SAT3-480G', 'SSD', '2.5', 480, 'SATA 6 Gb/s', NULL, 'ocz-trn100-25sat3-480g'),
(478, '1', 'SSDSC2BA800G301', 'SSD', '2.5', 800, 'SATA 6 Gb/s', NULL, 'intel-ssdsc2ba800g301'),
(480, '35', 'MZ-7PD256BW', 'SSD', '2.5', 256, 'SATA 6 Gb/s', NULL, 'samsung-mz-7pd256bw'),
(481, '1', 'SSDSC2KW360H6X1', 'SSD', '2.5', 360, 'SATA 6 Gb/s', NULL, 'intel-ssdsc2kw360h6x1'),
(482, '39', 'VTX3-25SAT3-120G.20', 'SSD', '2.5', 120, 'SATA 6 Gb/s', NULL, 'ocz-vtx3-25sat3-120g20'),
(483, '37', 'SP480GBSS3S80S26', 'SSD', '2.5', 480, 'SATA 6 Gb/s', NULL, 'silicon-power-sp480gbss3s80s26'),
(485, '43', 'PX-128M5Pro', 'SSD', '2.5', 128, 'SATA 6 Gb/s', 256, 'plextor-px-128m5pro'),
(487, '10', 'MKNSSDCR240GB-DX', 'SSD', '2.5', 240, 'SATA 6 Gb/s', NULL, 'mushkin-mknssdcr240gb-dx'),
(489, '5', 'CT128M4SSD2BAA', 'SSD', '2.5', 128, 'SATA 6 Gb/s', NULL, 'crucial-ct128m4ssd2baa'),
(490, '5', 'CT250BX100SSD1', 'SSD', '2.5', 250, 'SATA 6 Gb/s', NULL, 'crucial-ct250bx100ssd1'),
(491, '48', 'HDTS712XZSTA', 'SSD', '2.5', 120, 'SATA 6 Gb/s', NULL, 'toshiba-hdts712xzsta'),
(492, '45', 'SSD7SC240GOPT-RB', 'SSD', '2.5', 240, 'SATA 6 Gb/s', NULL, 'pny-ssd7sc240gopt-rb'),
(493, '43', 'PX-512M6S+', 'SSD', '2.5', 512, 'SATA 6 Gb/s', NULL, 'plextor-px-512m6s+'),
(494, '47', 'AXI-SSD25T5400A', 'SSD', '2.5', 400, 'SATA 6 Gb/s', NULL, 'axiom-axi-ssd25t5400a'),
(495, '38', 'ASX930SS3-240GM-C', 'SSD', '2.5', 240, 'SATA 6 Gb/s', NULL, 'adata-asx930ss3-240gm-c'),
(496, '47', 'SSD25T537400-AX', 'SSD', '2.5', 400, 'SATA 6 Gb/s', NULL, 'axiom-ssd25t537400-ax'),
(497, '6', 'SHFS37A/480G', 'SSD', '2.5', 480, 'SATA 6 Gb/s', NULL, 'hyperx-shfs37a480g'),
(498, '1', 'SSDSA2CW160G310', 'SSD', '2.5', 160, 'SATA 3 Gb/s', NULL, 'intel-ssdsa2cw160g310'),
(499, '39', 'OCZSSD2-1VTXPL120G', 'SSD', '2.5', 120, 'SATA 3 Gb/s', 64, 'ocz-oczssd2-1vtxpl120g'),
(500, '41', 'TS128GSSD370', 'SSD', '2.5', 128, 'SATA 6 Gb/s', NULL, 'transcend-ts128gssd370'),
(501, '36', 'SD8SBAT-032G-1122', 'SSD', '2.5', 32, 'SATA 6 Gb/s', NULL, 'sandisk-sd8sbat-032g-1122'),
(502, '10', 'MKNSSDCT100GB', 'SSD', '2.5', 100, 'SATA 6 Gb/s', NULL, 'mushkin-mknssdct100gb'),
(503, '39', 'OCZSSD2-1VTX120G', 'SSD', '2.5', 120, 'SATA 3 Gb/s', NULL, 'ocz-oczssd2-1vtx120g'),
(505, '43', 'PX-256M5Pro', 'SSD', '2.5', 256, 'SATA 6 Gb/s', 512, 'plextor-px-256m5pro'),
(507, '38', 'ASP900S3-64GM-C', 'SSD', '2.5', 64, 'SATA 6 Gb/s', NULL, 'adata-asp900s3-64gm-c'),
(508, '1', 'SSDSC2BP480G410', 'SSD', '2.5', 480, 'SATA 6 Gb/s', NULL, 'intel-ssdsc2bp480g410'),
(509, '1', 'SSDSC2KW480H6X1', 'SSD', '2.5', 480, 'SATA 6 Gb/s', NULL, 'intel-ssdsc2kw480h6x1'),
(510, '10', 'MKNSSDCT50GB', 'SSD', '2.5', 50, 'SATA 6 Gb/s', NULL, 'mushkin-mknssdct50gb'),
(511, '39', 'ARC100-25SAT3-480G', 'SSD', '2.5', 480, 'SATA 6 Gb/s', NULL, 'ocz-arc100-25sat3-480g'),
(512, '43', 'PX-128M6V', 'SSD', '2.5', 128, 'SATA 6 Gb/s', 128, 'plextor-px-128m6v'),
(513, '5', 'CT1000MX200SSD1', 'SSD', '2.5', 1000, 'SATA 6 Gb/s', NULL, 'crucial-ct1000mx200ssd1'),
(514, '1', 'SSDSC2BW180H601', 'SSD', '2.5', 180, 'SATA 6 Gb/s', NULL, 'intel-ssdsc2bw180h601'),
(515, '37', 'SP240GBSS3S55S25', 'SSD', '2.5', 240, 'SATA 6 Gb/s', NULL, 'silicon-power-sp240gbss3s55s25'),
(516, '8', 'SV200S3/256G', 'SSD', '2.5', 256, 'SATA 6 Gb/s', NULL, 'kingston-sv200s3256g'),
(517, '39', 'AGT4-25SAT3-512G', 'SSD', '2.5', 512, 'SATA 6 Gb/s', NULL, 'ocz-agt4-25sat3-512g'),
(518, '41', 'TS128GSSD370S', 'SSD', '2.5', 128, 'SATA 6 Gb/s', NULL, 'transcend-ts128gssd370s'),
(519, '47', 'SSD3546E512-AX', 'SSD', '2.5', 512, 'SATA 6 Gb/s', NULL, 'axiom-ssd3546e512-ax'),
(521, '8', 'SV300S37A/60G', 'SSD', '2.5', 60, 'SATA 6 Gb/s', NULL, 'kingston-sv300s37a60g'),
(523, '43', 'PX-128M5PRO', 'SSD', '2.5', 128, 'SATA 6 Gb/s', 256, 'plextor-px-128m5pro'),
(524, '39', 'VTX3-25SAT3-120G', 'SSD', '2.5', 120, 'SATA 6 Gb/s', NULL, 'ocz-vtx3-25sat3-120g'),
(525, '6', 'SH103S3B/120G', 'SSD', '2.5', 120, 'SATA 6 Gb/s', NULL, 'hyperx-sh103s3b120g'),
(527, '39', 'AGT4-25SAT3-128G', 'SSD', '2.5', 128, 'SATA 6 Gb/s', NULL, 'ocz-agt4-25sat3-128g'),
(528, '54', 'MTFDDAK512MBF-1AN12A', 'SSD', '2.5', 512, 'SATA 6 Gb/s', NULL, 'micron-mtfddak512mbf-1an12a'),
(529, '1', 'SSDSC2BB012T401', 'SSD', '2.5', 1200, 'SATA 6 Gb/s', NULL, 'intel-ssdsc2bb012t401'),
(530, '47', 'APLSSD26E256-AX', 'SSD', '2.5', 256, 'SATA 6 Gb/s', NULL, 'axiom-aplssd26e256-ax'),
(531, '1', 'SSDSA2CW080G3K5', 'SSD', '2.5', 80, 'SATA 3 Gb/s', NULL, 'intel-ssdsa2cw080g3k5'),
(532, '47', 'AXI-SSD25T5200A', 'SSD', '2.5', 200, 'SATA 6 Gb/s', NULL, 'axiom-axi-ssd25t5200a'),
(533, '47', 'AMPSSD36E256-AX', 'SSD', '2.5', 256, 'SATA 6 Gb/s', NULL, 'axiom-ampssd36e256-ax'),
(534, '5', 'CT128MX100SSD1', 'SSD', '2.5', 120, 'SATA 6 Gb/s', NULL, 'crucial-ct128mx100ssd1'),
(535, '6', 'SHFS37A/120G', 'SSD', '2.5', 120, 'SATA 6 Gb/s', NULL, 'hyperx-shfs37a120g'),
(536, '1', 'SSDSC2KW240H6X1', 'SSD', '2.5', 240, 'SATA 6 Gb/s', NULL, 'intel-ssdsc2kw240h6x1'),
(537, '41', 'TS256GSSD320', 'SSD', '2.5', 256, 'SATA 6 Gb/s', NULL, 'transcend-ts256gssd320'),
(539, '47', 'AXH-SSD25T5200B', 'SSD', '2.5', 200, 'SATA 6 Gb/s', NULL, 'axiom-axh-ssd25t5200b'),
(540, '1', 'X25-M', 'SSD', '2.5', 160, 'SATA 3 Gb/s', NULL, 'intel-x25-m'),
(541, '9', 'PP60GS25SSDR', 'SSD', '2.5', 60, 'SATA 6 Gb/s', NULL, 'patriot-pp60gs25ssdr'),
(542, '47', 'SSD25T537200-AX', 'SSD', '2.5', 200, 'SATA 6 Gb/s', NULL, 'axiom-ssd25t537200-ax'),
(543, '8', 'SS200S3/30G', 'SSD', '2.5', 30, 'SATA 6 Gb/s', NULL, 'kingston-ss200s330g'),
(544, '35', 'MZ-7PC256B/WW', 'SSD', '2.5', 256, 'SATA 6 Gb/s', NULL, 'samsung-mz-7pc256bww'),
(545, '5', 'CT128M550SSD1', 'SSD', '2.5', 128, 'SATA 6 Gb/s', NULL, 'crucial-ct128m550ssd1'),
(546, '36', 'SD6SB1M-064G-1022I', 'SSD', '2.5', 64, 'SATA 6 Gb/s', NULL, 'sandisk-sd6sb1m-064g-1022i'),
(547, '41', 'TS256GSSD370S', 'SSD', '2.5', 256, 'SATA 6 Gb/s', NULL, 'transcend-ts256gssd370s'),
(548, '35', 'MZ-7PD128BW', 'SSD', '2.5', 128, 'SATA 6 Gb/s', NULL, 'samsung-mz-7pd128bw'),
(549, '35', 'MZ-7TE500LW', 'SSD', '2.5', 500, 'SATA 6 Gb/s', NULL, 'samsung-mz-7te500lw'),
(550, '5', 'CT120BX100SSD1', 'SSD', '2.5', 120, 'SATA 6 Gb/s', NULL, 'crucial-ct120bx100ssd1'),
(551, '37', 'S70', 'SSD', '2.5', 240, 'SATA 6 Gb/s', NULL, 'silicon-power-s70'),
(552, '8', 'SV310S37A/960G', 'SSD', '2.5', 960, 'SATA 6 Gb/s', NULL, 'kingston-sv310s37a960g'),
(554, '38', 'ASP900S3-128GM-C', 'SSD', '2.5', 128, 'SATA 6 Gb/s', NULL, 'adata-asp900s3-128gm-c'),
(555, '3', 'CSSD-N960GBXT', 'SSD', '2.5', 960, 'SATA 6 Gb/s', NULL, 'corsair-cssd-n960gbxt'),
(556, '8', 'SV300S37A/120G', 'SSD', '2.5', 120, 'SATA 6 Gb/s', NULL, 'kingston-sv300s37a120g'),
(557, '43', 'PX-128M6S', 'SSD', '2.5', 128, 'SATA 6 Gb/s', NULL, 'plextor-px-128m6s'),
(558, '36', 'SDSSDHP-128G-G25', 'SSD', '2.5', 128, 'SATA 6 Gb/s', NULL, 'sandisk-sdssdhp-128g-g25'),
(559, '5', 'CT128M550SSD1', 'SSD', '2.5', 128, 'SATA 6 Gb/s', NULL, 'crucial-ct128m550ssd1'),
(560, '47', 'APLSSD26E128-AX', 'SSD', '2.5', 128, 'SATA 6 Gb/s', NULL, 'axiom-aplssd26e128-ax'),
(561, '43', 'PX-256M5P', 'SSD', '2.5', 256, 'SATA 6 Gb/s', NULL, 'plextor-px-256m5p'),
(562, '5', 'CT960M500SSD1', 'SSD', '2.5', 960, 'SATA 6 Gb/s', NULL, 'crucial-ct960m500ssd1'),
(563, '38', 'ASP920SS3-256GM-C', 'SSD', '2.5', 256, 'SATA 6 Gb/s', NULL, 'adata-asp920ss3-256gm-c'),
(567, '43', 'PX-256M6Pro', 'SSD', '2.5', 256, 'SATA 6 Gb/s', NULL, 'plextor-px-256m6pro'),
(568, '36', 'SDSSDHII-120G-G25', 'SSD', '2.5', 120, 'SATA 6 Gb/s', NULL, 'sandisk-sdssdhii-120g-g25'),
(569, '8', 'SV300S37A/60G', 'SSD', '2.5', 60, 'SATA 6 Gb/s', NULL, 'kingston-sv300s37a60g'),
(570, '5', 'CT512M550SSD1', 'SSD', '2.5', 512, 'SATA 6 Gb/s', NULL, 'crucial-ct512m550ssd1'),
(571, '43', 'PX-512M6Pro', 'SSD', '2.5', 512, 'SATA 6 Gb/s', NULL, 'plextor-px-512m6pro'),
(573, '3', 'CSSD-N240GBXT', 'SSD', '2.5', 240, 'SATA 6 Gb/s', NULL, 'corsair-cssd-n240gbxt'),
(575, '52', 'ZTSSD-A5P-480G-PE', 'SSD', '2.5', 480, 'SATA 6 Gb/s', 512, 'zotac-ztssd-a5p-480g-pe'),
(576, '37', 'SP960GBSS3S55S25', 'SSD', '2.5', 960, 'SATA 6 Gb/s', NULL, 'silicon-power-sp960gbss3s55s25'),
(577, '37', 'SP120GBSS3S60S27', 'SSD', '2.5', 120, 'SATA 6 Gb/s', NULL, 'silicon-power-sp120gbss3s60s27'),
(578, '14', '900623', 'SSD', '2.5', 120, 'SATA 6 Gb/s', NULL, 'visiontek-900623'),
(579, '14', '900624', 'SSD', '2.5', 240, 'SATA 6 Gb/s', NULL, 'visiontek-900624'),
(580, '3', 'CSSD-F60GBLSB', 'SSD', '2.5', 60, 'SATA 6 Gb/s', NULL, 'corsair-cssd-f60gblsb'),
(581, '14', '900510', 'SSD', '2.5', 60, 'SATA 6 Gb/s', NULL, 'visiontek-900510'),
(582, '14', '900606', 'SSD', '2.5', 480, 'SATA 6 Gb/s', NULL, 'visiontek-900606'),
(583, '3', 'CSSD-F480GBLSB', 'SSD', '2.5', 480, 'SATA 6 Gb/s', NULL, 'corsair-cssd-f480gblsb'),
(584, '7', 'T253LE120GTC101', 'SSD', '2.5', 120, 'SATA 6 Gb/s', NULL, 'team-t253le120gtc101'),
(585, '7', 'T253L3240GMC101', 'SSD', '2.5', 240, 'SATA 6 Gb/s', NULL, 'team-t253l3240gmc101'),
(586, '3', 'CSSD-N480GBXT', 'SSD', '2.5', 480, 'SATA 6 Gb/s', NULL, 'corsair-cssd-n480gbxt'),
(587, '14', '900803', 'SSD', '2.5', 512, 'SATA 6 Gb/s', NULL, 'visiontek-900803'),
(588, '45', 'SSD7CS1211-120-RB', 'SSD', '2.5', 120, 'SATA 6 Gb/s', NULL, 'pny-ssd7cs1211-120-rb'),
(589, '37', 'SP240GBSS3S60S27', 'SSD', '2.5', 240, 'SATA 6 Gb/s', NULL, 'silicon-power-sp240gbss3s60s27'),
(590, '14', '900802', 'SSD', '2.5', 256, 'SATA 6 Gb/s', NULL, 'visiontek-900802'),
(591, '7', 'T253LE960GTC101', 'SSD', '2.5', 960, 'SATA 6 Gb/s', NULL, 'team-t253le960gtc101'),
(593, '47', 'APLSSDA32240-AX', 'SSD', '2.5', 240, 'SATA 6 Gb/s', NULL, 'axiom-aplssda32240-ax'),
(595, '39', 'TRN150-25SAT3-480G', 'SSD', '2.5', 480, 'SATA 6 Gb/s', NULL, 'ocz-trn150-25sat3-480g'),
(596, '3', 'CSSD-F180GB2-BRKT', 'SSD', '2.5', 180, 'SATA 3 Gb/s', NULL, 'corsair-cssd-f180gb2-brkt'),
(597, '1', 'SSDSA2CW120G3B5', 'SSD', '2.5', 120, 'SATA 3 Gb/s', NULL, 'intel-ssdsa2cw120g3b5'),
(598, '5', 'CT512M4SSD2', 'SSD', '2.5', 512, 'SATA 6 Gb/s', NULL, 'crucial-ct512m4ssd2'),
(599, '36', 'SDSSDP-128G-G25', 'SSD', '2.5', 128, 'SATA 6 Gb/s', NULL, 'sandisk-sdssdp-128g-g25'),
(600, '39', 'VTX3-25SAT3-240G', 'SSD', '2.5', 240, 'SATA 6 Gb/s', NULL, 'ocz-vtx3-25sat3-240g'),
(601, '3', 'CSSD-N64GB3-BK', 'SSD', '2.5', 64, 'SATA 6 Gb/s', NULL, 'corsair-cssd-n64gb3-bk'),
(602, '1', 'SSDSC2BW240A401', 'SSD', '2.5', 240, 'SATA 6 Gb/s', NULL, 'intel-ssdsc2bw240a401'),
(603, '39', 'VTR180-25SAT3-960G', 'SSD', '2.5', 960, 'SATA 6 Gb/s', NULL, 'ocz-vtr180-25sat3-960g'),
(604, '3', 'CSSD-F240GB3-BK', 'SSD', '2.5', 240, 'SATA 6 Gb/s', NULL, 'corsair-cssd-f240gb3-bk'),
(605, '1', 'SSDSC2CT080A4K5', 'SSD', '2.5', 80, 'SATA 6 Gb/s', NULL, 'intel-ssdsc2ct080a4k5'),
(606, '5', 'CT512M4SSD2BAA', 'SSD', '2.5', 512, 'SATA 6 Gb/s', NULL, 'crucial-ct512m4ssd2baa'),
(607, '1', 'SSDSC2CW060A310', 'SSD', '2.5', 60, 'SATA 6 Gb/s', NULL, 'intel-ssdsc2cw060a310'),
(608, '39', 'VTX4-25SAT3-512G.M', 'SSD', '2.5', 512, 'SATA 6 Gb/s', NULL, 'ocz-vtx4-25sat3-512gm'),
(609, '9', 'PBT240GS25SSDBK', 'SSD', '2.5', 240, 'SATA 6 Gb/s', 256, 'patriot-pbt240gs25ssdbk'),
(610, '2', 'RADEON-R7SSD-240G', 'SSD', '2.5', 240, 'SATA 6 Gb/s', NULL, 'amd-radeon-r7ssd-240g'),
(611, '9', 'PPSE60GS25SSDR', 'SSD', '2.5', 60, 'SATA 6 Gb/s', NULL, 'patriot-ppse60gs25ssdr'),
(612, '1', 'SSDSA2CW160G3K5', 'SSD', '2.5', 160, 'SATA 3 Gb/s', NULL, 'intel-ssdsa2cw160g3k5'),
(613, '35', 'MZ-7TE500BW', 'SSD', '2.5', 500, 'SATA 6 Gb/s', NULL, 'samsung-mz-7te500bw'),
(614, '36', 'SD6SB1M-256G-1022I', 'SSD', '2.5', 256, 'SATA 6 Gb/s', NULL, 'sandisk-sd6sb1m-256g-1022i'),
(615, '39', 'AGT3-25SAT3-240G', 'SSD', '2.5', 240, 'SATA 6 Gb/s', NULL, 'ocz-agt3-25sat3-240g'),
(616, '39', 'VTX4-25SAT3-512G', 'SSD', '2.5', 512, 'SATA 6 Gb/s', NULL, 'ocz-vtx4-25sat3-512g'),
(617, '39', 'TRN150-25SAT3-120G', 'SSD', '2.5', 120, 'SATA 6 Gb/s', NULL, 'ocz-trn150-25sat3-120g'),
(618, '8', 'SKC300S3B7A/60G', 'SSD', '2.5', 60, 'SATA 6 Gb/s', NULL, 'kingston-skc300s3b7a60g'),
(619, '38', 'ASP920SS3-1TM-C', 'SSD', '2.5', 1000, 'SATA 6 Gb/s', NULL, 'adata-asp920ss3-1tm-c'),
(620, '3', 'CSSD-F180GBGT-BK', 'SSD', '2.5', 180, 'SATA 6 Gb/s', NULL, 'corsair-cssd-f180gbgt-bk'),
(621, '3', 'CSSD-F90GBGT-BK', 'SSD', '2.5', 90, 'SATA 6 Gb/s', NULL, 'corsair-cssd-f90gbgt-bk'),
(622, '9', 'PBT120GS25SSDBK', 'SSD', '2.5', 120, 'SATA 6 Gb/s', 256, 'patriot-pbt120gs25ssdbk'),
(623, '1', 'SSDSA2CW300G3K5', 'SSD', '2.5', 300, 'SATA 3 Gb/s', NULL, 'intel-ssdsa2cw300g3k5'),
(624, '5', 'CT128V4SSD2CCA', 'SSD', '2.5', 128, 'SATA 3 Gb/s', NULL, 'crucial-ct128v4ssd2cca'),
(625, '39', 'VTX3-25SAT3-60G', 'SSD', '2.5', 60, 'SATA 6 Gb/s', NULL, 'ocz-vtx3-25sat3-60g'),
(626, '9', 'PBT480GS25SSDBK', 'SSD', '2.5', 480, 'SATA 6 Gb/s', 256, 'patriot-pbt480gs25ssdbk');
INSERT INTO `storage` (`id`, `manufacturer_id`, `part_number`, `type`, `form_factor`, `capacity`, `interface`, `cache`, `slug`) VALUES
(627, '3', 'CSSD-F480GBGT-BK', 'SSD', '2.5', 480, 'SATA 6 Gb/s', NULL, 'corsair-cssd-f480gbgt-bk'),
(628, '39', 'VTR150-25SAT3-240G', 'SSD', '2.5', 240, 'SATA 6 Gb/s', NULL, 'ocz-vtr150-25sat3-240g'),
(629, '49', 'FTM12N325H', 'SSD', '2.5', 120, 'SATA 6 Gb/s', NULL, 'super-talent-ftm12n325h'),
(630, '35', 'MZ-7TD500BW', 'SSD', '2.5', 500, 'SATA 6 Gb/s', NULL, 'samsung-mz-7td500bw'),
(631, '3', 'CSSD-F512GBLX', 'SSD', '2.5', 512, 'SATA 6 Gb/s', NULL, 'corsair-cssd-f512gblx'),
(632, '5', 'CT750MX300SSD1', 'SSD', '2.5', 750, 'SATA 6 Gb/s', NULL, 'crucial-ct750mx300ssd1'),
(633, '9', 'PBT960GS25SSDBK', 'SSD', '2.5', 960, 'SATA 6 Gb/s', 256, 'patriot-pbt960gs25ssdbk'),
(634, '45', 'P-SSD2S060GM-RB', 'SSD', '2.5', 60, 'SATA 3 Gb/s', NULL, 'pny-p-ssd2s060gm-rb'),
(635, '3', 'CSSD-F120GBGT-BK', 'SSD', '2.5', 120, 'SATA 6 Gb/s', NULL, 'corsair-cssd-f120gbgt-bk'),
(636, '38', 'ASP920SS3-512GM-C', 'SSD', '2.5', 512, 'SATA 6 Gb/s', NULL, 'adata-asp920ss3-512gm-c'),
(637, '36', 'SDSSDHP-064G-G26', 'SSD', '2.5', 64, 'SATA 6 Gb/s', NULL, 'sandisk-sdssdhp-064g-g26'),
(638, '1', 'SSDSA2CT040G3K5', 'SSD', '2.5', 40, 'SATA 3 Gb/s', NULL, 'intel-ssdsa2ct040g3k5'),
(639, '35', 'MZ-7TD500KW', 'SSD', '2.5', 500, 'SATA 6 Gb/s', NULL, 'samsung-mz-7td500kw'),
(640, '39', 'VTX4-25SAT3-128G', 'SSD', '2.5', 128, 'SATA 6 Gb/s', NULL, 'ocz-vtx4-25sat3-128g'),
(641, '10', 'MKNSSDRE2TB-TC', 'SSD', '2.5', 2000, 'SATA 6 Gb/s', NULL, 'mushkin-mknssdre2tb-tc'),
(642, '45', 'SSD9SC480GMDA-RB', 'SSD', '2.5', 480, 'SATA 6 Gb/s', NULL, 'pny-ssd9sc480gmda-rb'),
(643, '38', 'ASX930SS3-480GM-C', 'SSD', '2.5', 480, 'SATA 6 Gb/s', NULL, 'adata-asx930ss3-480gm-c'),
(644, '1', 'SSDSA2BW160G301', 'SSD', '2.5', 160, 'SATA 3 Gb/s', NULL, 'intel-ssdsa2bw160g301'),
(645, '1', 'SSDSA2CW600G3K5', 'SSD', '2.5', 600, 'SATA 3 Gb/s', NULL, 'intel-ssdsa2cw600g3k5'),
(646, '5', 'CT512M4SSD2CCA', 'SSD', '2.5', 512, 'SATA 6 Gb/s', NULL, 'crucial-ct512m4ssd2cca'),
(647, '1', 'SSDSC2BA100G301', 'SSD', '2.5', 100, 'SATA 6 Gb/s', NULL, 'intel-ssdsc2ba100g301'),
(648, '1', 'SSDSC2BW360H601', 'SSD', '2.5', 360, 'SATA 6 Gb/s', NULL, 'intel-ssdsc2bw360h601'),
(649, '39', 'ARC100-25SAT3-240G', 'SSD', '2.5', 240, 'SATA 6 Gb/s', NULL, 'ocz-arc100-25sat3-240g'),
(650, '6', 'SH103S3B/480G', 'SSD', '2.5', 480, 'SATA 6 Gb/s', NULL, 'hyperx-sh103s3b480g'),
(651, '57', '47371', 'SSD', '2.5', 128, 'SATA 3 Gb/s', NULL, 'verbatim-47371'),
(652, '57', '47477', 'SSD', '2.5', 64, 'SATA 3 Gb/s', NULL, 'verbatim-47477'),
(653, '39', 'VTR180-25SAT3-480G', 'SSD', '2.5', 480, 'SATA 6 Gb/s', NULL, 'ocz-vtr180-25sat3-480g'),
(654, '1', 'SSDSC2CW060A3K5', 'SSD', '2.5', 60, 'SATA 6 Gb/s', NULL, 'intel-ssdsc2cw060a3k5'),
(655, '1', 'SSDSC2CT180A3K5', 'SSD', '2.5', 180, 'SATA 6 Gb/s', NULL, 'intel-ssdsc2ct180a3k5'),
(656, '45', 'SSD7CS1311-240-RB', 'SSD', '2.5', 240, 'SATA 6 Gb/s', NULL, 'pny-ssd7cs1311-240-rb'),
(657, '45', 'SSD7CS1311-960-RB', 'SSD', '2.5', 960, 'SATA 6 Gb/s', NULL, 'pny-ssd7cs1311-960-rb'),
(658, '3', 'CSSD-V30GB2A', 'SSD', '2.5', 30, 'SATA 3 Gb/s', NULL, 'corsair-cssd-v30gb2a'),
(659, '39', 'VTX4-25SAT3-256G', 'SSD', '2.5', 256, 'SATA 6 Gb/s', NULL, 'ocz-vtx4-25sat3-256g'),
(660, '1', 'SSDSC2CT180A4K5', 'SSD', '2.5', 180, 'SATA 6 Gb/s', NULL, 'intel-ssdsc2ct180a4k5'),
(661, '43', 'PX-256M6Pro', 'SSD', '2.5', 256, 'SATA 6 Gb/s', NULL, 'plextor-px-256m6pro'),
(662, '1', 'SSDSA2CW120G310', 'SSD', '2.5', 120, 'SATA 3 Gb/s', NULL, 'intel-ssdsa2cw120g310'),
(663, '1', 'SSDSC2CW180A3K5', 'SSD', '2.5', 180, 'SATA 6 Gb/s', NULL, 'intel-ssdsc2cw180a3k5'),
(664, '1', 'SSDSC2CT240A3K5', 'SSD', '2.5', 240, 'SATA 6 Gb/s', NULL, 'intel-ssdsc2ct240a3k5'),
(665, '3', 'CSSD-F180GB3-BK', 'SSD', '2.5', 180, 'SATA 6 Gb/s', NULL, 'corsair-cssd-f180gb3-bk'),
(666, '1', 'SSDSA2CW600G3B5', 'SSD', '2.5', 600, 'SATA 3 Gb/s', NULL, 'intel-ssdsa2cw600g3b5'),
(667, '8', 'SVP200S3/120G', 'SSD', '2.5', 120, 'SATA 6 Gb/s', NULL, 'kingston-svp200s3120g'),
(668, '3', 'CSSD-N128GB3-BK', 'SSD', '2.5', 128, 'SATA 6 Gb/s', NULL, 'corsair-cssd-n128gb3-bk'),
(669, '39', 'AGT3-25SAT3-120G', 'SSD', '2.5', 120, 'SATA 6 Gb/s', NULL, 'ocz-agt3-25sat3-120g'),
(670, '35', 'MZ-7PC256N/AM', 'SSD', '2.5', 256, 'SATA 6 Gb/s', NULL, 'samsung-mz-7pc256nam'),
(671, '1', 'SSDSC2CT120A3K5', 'SSD', '2.5', 120, 'SATA 6 Gb/s', NULL, 'intel-ssdsc2ct120a3k5'),
(672, '57', '47473', 'SSD', '2.5', 64, 'SATA 3 Gb/s', NULL, 'verbatim-47473'),
(673, '14', '900500', 'SSD', '2.5', 240, 'SATA 6 Gb/s', NULL, 'visiontek-900500'),
(674, '2', 'RADEON-R7SSD-480G', 'SSD', '2.5', 480, 'SATA 6 Gb/s', NULL, 'amd-radeon-r7ssd-480g'),
(675, '7', 'T253L5120GMC101', 'SSD', '2.5', 120, 'SATA 6 Gb/s', NULL, 'team-t253l5120gmc101'),
(676, '7', 'T253L3120GMC101', 'SSD', '2.5', 120, 'SATA 6 Gb/s', NULL, 'team-t253l3120gmc101'),
(677, '37', 'SP480GBSS3S60S25', 'SSD', '2.5', 480, 'SATA 6 Gb/s', NULL, 'silicon-power-sp480gbss3s60s25'),
(678, '45', 'SSD7CS1311-960-RB', 'SSD', '2.5', 960, 'SATA 6 Gb/s', NULL, 'pny-ssd7cs1311-960-rb'),
(679, '3', 'CSSD-V30GB2A', 'SSD', '2.5', 30, 'SATA 3 Gb/s', NULL, 'corsair-cssd-v30gb2a'),
(680, '39', 'VTX4-25SAT3-256G', 'SSD', '2.5', 256, 'SATA 6 Gb/s', NULL, 'ocz-vtx4-25sat3-256g'),
(681, '1', 'SSDSC2CT180A4K5', 'SSD', '2.5', 180, 'SATA 6 Gb/s', NULL, 'intel-ssdsc2ct180a4k5'),
(682, '43', 'PX-256M6Pro', 'SSD', '2.5', 256, 'SATA 6 Gb/s', NULL, 'plextor-px-256m6pro'),
(683, '1', 'SSDSA2CW120G310', 'SSD', '2.5', 120, 'SATA 3 Gb/s', NULL, 'intel-ssdsa2cw120g310'),
(684, '1', 'SSDSC2CW180A3K5', 'SSD', '2.5', 180, 'SATA 6 Gb/s', NULL, 'intel-ssdsc2cw180a3k5'),
(685, '1', 'SSDSC2CT240A3K5', 'SSD', '2.5', 240, 'SATA 6 Gb/s', NULL, 'intel-ssdsc2ct240a3k5'),
(686, '3', 'CSSD-F180GB3-BK', 'SSD', '2.5', 180, 'SATA 6 Gb/s', NULL, 'corsair-cssd-f180gb3-bk'),
(687, '1', 'SSDSA2CW600G3B5', 'SSD', '2.5', 600, 'SATA 3 Gb/s', NULL, 'intel-ssdsa2cw600g3b5'),
(688, '8', 'SVP200S3/120G', 'SSD', '2.5', 120, 'SATA 6 Gb/s', NULL, 'kingston-svp200s3120g'),
(689, '3', 'CSSD-N128GB3-BK', 'SSD', '2.5', 128, 'SATA 6 Gb/s', NULL, 'corsair-cssd-n128gb3-bk'),
(690, '39', 'AGT3-25SAT3-120G', 'SSD', '2.5', 120, 'SATA 6 Gb/s', NULL, 'ocz-agt3-25sat3-120g'),
(691, '35', 'MZ-7PC256N/AM', 'SSD', '2.5', 256, 'SATA 6 Gb/s', NULL, 'samsung-mz-7pc256nam'),
(692, '1', 'SSDSC2CT120A3K5', 'SSD', '2.5', 120, 'SATA 6 Gb/s', NULL, 'intel-ssdsc2ct120a3k5'),
(693, '57', '47473', 'SSD', '2.5', 64, 'SATA 3 Gb/s', NULL, 'verbatim-47473'),
(694, '14', '900500', 'SSD', '2.5', 240, 'SATA 6 Gb/s', NULL, 'visiontek-900500'),
(695, '2', 'RADEON-R7SSD-480G', 'SSD', '2.5', 480, 'SATA 6 Gb/s', NULL, 'amd-radeon-r7ssd-480g'),
(696, '7', 'T253L5120GMC101', 'SSD', '2.5', 120, 'SATA 6 Gb/s', NULL, 'team-t253l5120gmc101'),
(697, '7', 'T253L3120GMC101', 'SSD', '2.5', 120, 'SATA 6 Gb/s', NULL, 'team-t253l3120gmc101'),
(698, '37', 'SP480GBSS3S60S25', 'SSD', '2.5', 480, 'SATA 6 Gb/s', NULL, 'silicon-power-sp480gbss3s60s25');

-- --------------------------------------------------------

--
-- Table structure for table `wired_card`
--

CREATE TABLE `wired_card` (
  `id` int(10) UNSIGNED NOT NULL,
  `manufacturer_id` int(5) NOT NULL,
  `part_number` varchar(100) COLLATE utf8_unicode_ci NOT NULL,
  `interface` varchar(50) COLLATE utf8_unicode_ci NOT NULL,
  `speed` varchar(50) COLLATE utf8_unicode_ci NOT NULL,
  `connector` int(5) NOT NULL,
  `slug` varchar(255) COLLATE utf8_unicode_ci NOT NULL,
  `expansion_slot` int(5) NOT NULL DEFAULT '1'
) ENGINE=InnoDB DEFAULT CHARSET=utf8 COLLATE=utf8_unicode_ci;

--
-- Dumping data for table `wired_card`
--

INSERT INTO `wired_card` (`id`, `manufacturer_id`, `part_number`, `interface`, `speed`, `connector`, `slug`, `expansion_slot`) VALUES
(1, 68, 'TG-3468', 'PCI Express x1', '10/ 100/ 1000Mbps', 1, 'tp-link-tg-3468', 1),
(2, 1, 'PWLA8391GT', 'PCI', '10/ 100/ 1000Mbps', 1, 'intel-pwla8391gt', 1),
(3, 68, 'TG-3269', 'PCI', '10/ 100/ 1000Mbps', 1, 'tp-link-tg-3269', 1),
(4, 29, 'ST1000SPEX2L', 'PCI Express x1', '10/ 100/ 1000Mbps', 1, 'startech-st1000spex2l', 1),
(5, 1, 'PWLA8391GTL', 'PCI', '10/ 100/ 1000Mbps', 1, 'intel-pwla8391gtl', 1),
(6, 29, 'ST1000BT32', 'PCI', '10/ 100/ 1000Mbps', 1, 'startech-st1000bt32', 1),
(7, 1, 'EXPI9402PTBLK', 'PCI Express x1', '10/ 100/ 1000Mbps', 2, 'intel-expi9402ptblk', 1),
(8, 1, 'E1G44HTBLK', 'PCI Express x1', '10/ 100/ 1000Mbps', 4, 'intel-e1g44htblk', 1),
(9, 29, 'ST100SLP', 'PCI', '10/ 100Mbps', 1, 'startech-st100slp', 1),
(10, 1, 'EXPI9301CT', 'PCI Express x1', '10/ 100/ 1000Mbps', 1, 'intel-expi9301ct', 1),
(11, 1, 'EXPI9301CTBLK', 'PCI Express x1', '10/ 100/ 1000Mbps', 1, 'intel-expi9301ctblk', 1),
(12, 1, 'X540T2', 'PCI Express x8', '100Mbps/1Gbps/10Gbps', 2, 'intel-x540t2', 1),
(13, 1, 'EXPI9402PT', 'PCI Express x1', '10/ 100/ 1000Mbps', 2, 'intel-expi9402pt', 1),
(14, 1, 'E1G44HT', 'PCI Express x1', '10/ 100/ 1000Mbps', 4, 'intel-e1g44ht', 1),
(15, 29, 'ST2000SPEXI', 'PCI Express x1', '10/ 100/ 1000Mbps', 2, 'startech-st2000spexi', 1),
(16, 68, 'TF-3200', 'PCI', '10/ 100Mbps', 1, 'tp-link-tf-3200', 1),
(17, 46, '538696-B21', 'PCI Express x1', '10/ 100/ 1000Mbps', 4, 'hp-538696-b21', 1),
(18, 12, '647594-B21-AOK', 'PCI Express x1', '10/ 100/ 1000Mbps', 4, 'addon-647594-b21-aok', 1),
(19, 1, 'E1G42ET', 'PCI Express x1', '10/ 100/ 1000Mbps', 2, 'intel-e1g42et', 1),
(20, 1, 'PWLA8492MT', 'PCI', '10/ 100/ 1000Mbps', 2, 'intel-pwla8492mt', 1),
(21, 29, 'PEX100S', 'PCI Express x1', '10/ 100Mbps', 1, 'startech-pex100s', 1),
(22, 29, 'ST100S', 'PCI', '10/ 100Mbps', 1, 'startech-st100s', 1),
(23, 46, '331FLR', 'PCI Express x1', '10/ 100/ 1000Mbps', 4, 'hp-331flr', 1),
(24, 1, 'E1G44ET2', 'PCI Express x1', '10/ 100/ 1000Mbps', 4, 'intel-e1g44et2', 1),
(25, 75, 'N2XX-ABPCI03-M3', 'PCI Express x1', '10/ 100/ 1000Mbps', 4, 'cisco-n2xx-abpci03-m3', 1),
(26, 75, 'N2XX-ABPCI01-M3', 'PCI Express x4', '10/ 100/ 1000Mbps', 2, 'cisco-n2xx-abpci01-m3', 1),
(27, 12, 'ADD-PCI-1RJ45', 'PCI Express x1', '10/ 100/ 1000Mbps', 1, 'addon-add-pci-1rj45', 1),
(28, 53, '67Y1393', 'PCI Express x1', '10/ 100/ 1000Mbps', 2, 'lenovo-67y1393', 1),
(29, 46, '458492-B21', 'PCI Express x4', '10/ 100/ 1000Mbps', 2, 'hp-458492-b21', 1),
(30, 46, '367047-B21', 'PCI Express x1', '10/ 100/ 1000Mbps', 1, 'hp-367047-b21', 1),
(31, 46, '353377-B21', 'PCI', '10/ 100/ 1000Mbps', 1, 'hp-353377-b21', 1),
(32, 46, 'NC380T', 'PCI Express x1', '10/ 100/ 1000Mbps', 2, 'hp-nc380t', 1),
(33, 12, '430-1792-AOK', 'PCI Express x1', '10/ 100/ 1000Mbps', 1, 'addon-430-1792-aok', 1),
(34, 46, '367132-B21', 'PCI', '10/ 100/ 1000Mbps', 4, 'hp-367132-b21', 1),
(35, 1, 'EXPI9404PTL', 'PCI Express x1', '10/ 100/ 1000Mbps', 4, 'intel-expi9404ptl', 1),
(36, 46, '503746-B21', 'PCI Express x1', '10/ 100/ 1000Mbps', 1, 'hp-503746-b21', 1),
(37, 1, 'E1G44ET2BLK', 'PCI Express x1', '10/ 100/ 1000Mbps', 4, 'intel-e1g44et2blk', 1),
(38, 46, 'NC373m', 'PCI Express x1', '10/ 100/ 1000Mbps', 2, 'hp-nc373m', 1),
(39, 1, 'EXPI9404PTLBLK', 'PCI Express x1', '10/ 100/ 1000Mbps', 4, 'intel-expi9404ptlblk', 1),
(40, 46, '593722-B21', 'PCI Express x4', '10/ 100/ 1000Mbps', 4, 'hp-593722-b21', 1),
(41, 46, '434905-B21', 'PCI Express x1', '10/ 100/ 1000Mbps', 1, 'hp-434905-b21', 1),
(42, 46, 'FH969AA', 'PCI', '10/ 100/ 1000Mbps', 1, 'hp-fh969aa', 1),
(43, 12, 'E1G44HT-AOK', 'PCI Express x1', '10/ 100/ 1000Mbps', 4, 'addon-e1g44ht-aok', 1),
(44, 12, '90Y9352-AOK', 'PCI Express x1', '10/ 100/ 1000Mbps', 4, 'addon-90y9352-aok', 1),
(45, 12, 'GA311NA-AOK', 'PCI', '10/ 100/ 1000Mbps', 1, 'addon-ga311na-aok', 1),
(46, 12, '629135-B21-AOK', 'PCI Express x1', '10/ 100/ 1000Mbps', 4, 'addon-629135-b21-aok', 1),
(47, 12, 'EXPI9404PTL-AOK', 'PCI Express x1', '10/ 100/ 1000Mbps', 4, 'addon-expi9404ptl-aok', 1),
(48, 12, '430-4156-AOK', 'PCI Express x1', '10/ 100/ 1000Mbps', 1, 'addon-430-4156-aok', 1),
(49, 46, 'NC360T', 'PCI Express x1', '10/ 100/ 1000Mbps', 2, 'hp-nc360t', 1),
(50, 68, 'TF-3239DL', 'PCI', '10/ 100Mbps', 1, 'tp-link-tf-3239dl', 1),
(51, 1, 'PWLA8391GTBLK-1PK', 'PCI', '10/ 100/ 1000Mbps', 1, 'intel-pwla8391gtblk-1pk', 1),
(52, 12, 'FX592AV-AOK', 'PCI Express x1', '10/ 100/ 1000Mbps', 1, 'addon-fx592av-aok', 1),
(53, 46, 'FS215AA', 'PCI Express x1', '10/ 100/ 1000Mbps', 1, 'hp-fs215aa', 1),
(54, 12, '503746-B21-AOK', 'PCI Express x4', '10/ 100/ 1000Mbps', 1, 'addon-503746-b21-aok', 1),
(55, 12, 'TEG-PCITXR-AOK', 'PCI', '10/ 100/ 1000Mbps', 1, 'addon-teg-pcitxr-aok', 1),
(56, 1, 'EXPI9400PT', 'PCI Express x1', '10/ 100/ 1000Mbps', 1, 'intel-expi9400pt', 1),
(57, 1, 'EXPI9400PTBLK', 'PCI Express x1', '10/ 100/ 1000Mbps', 1, 'intel-expi9400ptblk', 1),
(58, 1, 'E1G42ETBLK-1PK', 'PCI Express x1', '10/ 100/ 1000Mbps', 2, 'intel-e1g42etblk-1pk', 1),
(60, 29, 'ST1000SPEXD3', 'PCI Express x1', '10/ 100/ 1000Mbps', 2, 'startech-st1000spexd3', 1);

-- --------------------------------------------------------

--
-- Table structure for table `wireless_card`
--

CREATE TABLE `wireless_card` (
  `id` int(10) UNSIGNED NOT NULL,
  `manufacturer_id` int(5) NOT NULL,
  `part_number` varchar(100) COLLATE utf8_unicode_ci NOT NULL,
  `interface` varchar(50) COLLATE utf8_unicode_ci NOT NULL,
  `protocol` varchar(100) COLLATE utf8_unicode_ci NOT NULL,
  `security` varchar(100) COLLATE utf8_unicode_ci DEFAULT NULL,
  `slug` varchar(255) COLLATE utf8_unicode_ci NOT NULL,
  `expansion_slot` int(5) NOT NULL DEFAULT '1'
) ENGINE=InnoDB DEFAULT CHARSET=utf8 COLLATE=utf8_unicode_ci;

--
-- Dumping data for table `wireless_card`
--

INSERT INTO `wireless_card` (`id`, `manufacturer_id`, `part_number`, `interface`, `protocol`, `security`, `slug`, `expansion_slot`) VALUES
(1, 60, 'PCE-N15', 'PCI Express x1', '802.11a/n/ac', '64/128-bit WEP, WPA, WPA2, IEEE 802.1x', 'asus-pce-n15', 1),
(2, 68, 'TL-WN725N', 'USB 2.0', '802.11a/g/n', NULL, 'tp-link-tl-wn725n', 0),
(3, 68, 'TL-WDN4800', 'PCI Express x1', '802.11b/g/n/ac', '64/128-bit WEP, WPA, WPA2, IEEE 802.1x', 'tp-link-tl-wdn4800', 1),
(4, 68, 'TL-WN722N', 'USB 2.0', '802.11n', '64/128 WEP, WPA/WPA2, WPA-PSK/WPA2-PSK (TKIP/AES),  IEEE 802.1X', 'tp-link-tl-wn722n', 0),
(5, 68, 'Archer T2UH', 'USB 2.0', '802.11n', 'WPA & WPA2', 'tp-link-archer-t2uh', 0),
(6, 60, 'PCE-AC68', 'PCI Express x1', '802.11n', '64/128 bit WEP, WPA-PSK/WPA2-PSK', 'asus-pce-ac68', 1),
(7, 68, 'TL-WN823N', 'USB 2.0', '802.11b/g/n', '64/128/152-Bit WEP, WPA, WPA2', 'tp-link-tl-wn823n', 0),
(8, 69, 'EW-7822UAC', 'USB 3.0', '802.11a/b/g/n', 'WPA/WPA2-PSK', 'edimax-ew-7822uac', 0),
(9, 68, 'Archer T8E', 'PCI Express x1', '802.11a/g/n', '64/128 WEP, WPA/WPA2, WPA-PSK/WPA2-PSK (TKIP/AES),  IEEE 802.1X', 'tp-link-archer-t8e', 1),
(10, 60, 'PCE-AC55BT', 'PCI Express x1', '802.11n', 'WPA-PSK, WPA2-PSK, and WEP', 'asus-pce-ac55bt', 1),
(11, 70, 'A6200-100NAS', 'USB 2.0', '802.11a/b/g', '64/128/152-Bit WEP, WPA, WPA2', 'netgear-a6200-100nas', 0),
(12, 60, 'PCE-N53', 'PCI Express x1', '802.11ac', 'WPA/WPA2-PSK', 'asus-pce-n53', 1),
(13, 68, 'Archer T2U', 'USB 2.0', '802.11n', 'WPA-PSK, WPA2-PSK, and WEP', 'tp-link-archer-t2u', 0),
(14, 68, 'Archer T4UH', 'USB 3.0', '802.11a/n/ac', '64/128/152-Bit WEP, WPA, WPA2', 'tp-link-archer-t4uh', 0),
(15, 60, 'USB-AC51', 'USB 2.0', '802.11a/b/g/n', '64/128 bit WEP, WPA/WPA2/WPA-PSK/WPA2-PSK', 'asus-usb-ac51', 0),
(16, 68, 'Archer T4U', 'USB 3.0', '802.11ac', 'WPA & WPA2', 'tp-link-archer-t4u', 0),
(17, 69, 'EW-7711MAC', 'USB 2.0', '802.11a/b/g/n', 'WPA-PSK, WPA2-PSK, and WEP', 'edimax-ew-7711mac', 0),
(18, 69, 'EW-7811Un', 'USB 2.0', '802.11a/b/g/n/ac', '64/128-bit WEP, WPA, WPA2, IEEE 802.1x', 'edimax-ew-7811un', 0),
(19, 68, 'TL-WN881ND', 'PCI Express x1', '802.11g/n', 'WPA-PSK, WPA2-PSK, and WEP', 'tp-link-tl-wn881nd', 1),
(20, 69, 'EW-7811UTC', 'USB 2.0', '802.11ac', '64/128-bit WEP, WPA, WPA2, IEEE 802.1x', 'edimax-ew-7811utc', 0),
(21, 71, 'TEW-648UBM', 'USB 2.0', '802.11b/g', '64/128/152-Bit WEP, WPA, WPA2', 'trendnet-tew-648ubm', 0),
(22, 72, 'WUSB6300', 'USB 3.0', '802.11g/n', 'WPA/WPA2-PSK', 'linksys-wusb6300', 0),
(23, 70, 'A6100-100PAS', 'USB 2.0', '802.11a/b/g', '64/128-bit WEP, WPA / WPA2-RADIUS, WPA / WPA2-PSK (AES/TKIP), WPS', 'netgear-a6100-100pas', 0),
(24, 70, 'WNDA3100-100NAS', 'USB 2.0', '802.11a/g/n', '64/128 bit WEP, WPA/WPA2/WPA-PSK/WPA2-PSK', 'netgear-wnda3100-100nas', 0),
(25, 70, 'WNDA4100-100NAS', 'USB 2.0', '802.11a/b/g/n/ac', '64/128/152-Bit WEP, WPA, WPA2', 'netgear-wnda4100-100nas', 0),
(26, 69, 'EW-7811UAC', 'USB 2.0', '802.11a/b/g/n', '64/128/152-Bit WEP, WPA, WPA2', 'edimax-ew-7811uac', 0),
(27, 73, 'GWU625', 'USB 2.0', '802.11ac', '64/128 WEP, WPA/WPA2, WPA-PSK/WPA2-PSK (TKIP/AES),  IEEE 802.1X', 'iogear-gwu625', 0),
(28, 60, 'USB-N13', 'USB 2.0', '802.11a/b/g/n', '64-bit WEP, 128-bit WEP, WPA2-PSK, WPA-PSK, WPS ', 'asus-usb-n13', 0),
(29, 68, 'TL-WN781ND', 'PCI Express x1', '802.11ac', '64/128/152-Bit WEP, WPA, WPA2', 'tp-link-tl-wn781nd', 1),
(30, 68, 'Archer T6E', 'PCI Express x1', '802.11b/g/n', '64/128-Bit WEP, WPA, WPA2\r\n', 'tp-link-archer-t6e', 1),
(31, 60, 'PCE-AC56', 'PCI Express x1', '802.11a/b/g/n/ac', 'WPA-PSK, WPA2-PSK, and WEP', 'asus-pce-ac56', 1),
(32, 29, 'PCI300WN2X2', 'PCI', '802.11a/n/ac', '64/128-bit WEP, WPA / WPA2-RADIUS, WPA / WPA2-PSK (AES/TKIP), WPS', 'startech-pci300wn2x2', 1),
(33, 70, 'WNA3100M-100ENS', 'USB 2.0', '802.11b/g/n/ac', '64-bit WEP, 128-bit WEP, WPA2-PSK, WPA-PSK, WPS ', 'netgear-wna3100m-100ens', 0),
(34, 69, 'EW-7711ULC', 'USB 2.0', '802.11a/b/g/n/ac', 'WPA-PSK, WPA2-PSK, and WEP', 'edimax-ew-7711ulc', 0),
(35, 60, 'PCE-N10', 'PCI Express x1', '802.11a/n/ac', 'WPA & WPA2', 'asus-pce-n10', 1),
(36, 72, 'WMP54GX', 'PCI', '802.11a/b/g/n', 'WPA/WPA2-PSK', 'linksys-wmp54gx', 1),
(37, 29, 'DHPCI300WN2X2', 'PCI', '802.11a/b/g', '64/128 bit WEP, WPA-PSK/WPA2-PSK', 'startech-dhpci300wn2x2', 1),
(39, 70, 'RangeMax', 'USB 2.0', '802.11n', '64/128-bit WEP, WPA / WPA2-RADIUS, WPA / WPA2-PSK (AES/TKIP), WPS', 'netgear-rangemax', 0),
(40, 74, 'UA600', 'USB 2.0', '802.11a/b/g/n/ac', '64/128 bit WEP, WPA-PSK/WPA2-PSK', 'amped-wireless-ua600', 0),
(41, 60, 'USB-N14', 'USB 2.0', '802.11b/g/n/ac', '64/128-Bit WEP, WPA, WPA2\r\n', 'asus-usb-n14', 0),
(42, 29, 'PEX433WAC11', 'PCI Express x1', '802.11a/n/ac', '64/128 bit WEP, WPA-PSK/WPA2-PSK', 'startech-pex433wac11', 1),
(43, 71, 'TEW-648UB', 'USB 2.0', '802.11b/g', '64/128-bit WEP, WPA, WPA2, IEEE 802.1x', 'trendnet-tew-648ub', 0),
(44, 72, 'WUSB54AG', 'USB 2.0', '802.11b/g/n', 'WPA & WPA2', 'linksys-wusb54ag', 0),
(45, 71, 'TEW-805UB', 'USB 3.0', '802.11ac', '64/128-bit WEP, WPA / WPA2-RADIUS, WPA / WPA2-PSK (AES/TKIP), WPS', 'trendnet-tew-805ub', 0),
(46, 71, 'TEW-807ECH', 'PCI Express x1', '802.11b/g', '64/128/152-Bit WEP, WPA, WPA2', 'trendnet-tew-807ech', 1),
(47, 72, 'WUSB54GS', 'USB 2.0', '802.11a/b/g', '64/128/152-Bit WEP', 'linksys-wusb54gs', 0),
(48, 72, 'WUSBF54G', 'USB 2.0', '802.11n', '64/128-Bit WEP, WPA, WPA2\r\n', 'linksys-wusbf54g', 0),
(49, 71, 'TEW-649UB', 'USB 2.0', '802.11b/g', '64/128 WEP, WPA/WPA2, WPA-PSK/WPA2-PSK (TKIP/AES),  IEEE 802.1X', 'trendnet-tew-649ub', 0),
(50, 29, 'USB300WN2X2D', 'USB 1.0', '802.11b/g/n', '64/128-bit WEP, WPA, WPA2, IEEE 802.1x', 'startech-usb300wn2x2d', 0),
(51, 70, 'WNA3100-100ENS', 'USB 2.0', '802.11a/g/n', '64/128-bit WEP, WPA / WPA2-RADIUS, WPA / WPA2-PSK (AES/TKIP), WPS', 'netgear-wna3100-100ens', 0),
(52, 68, 'TL-WN821N', 'USB 2.0', '802.11a/n/ac', '64/128/152-Bit WEP', 'tp-link-tl-wn821n', 0),
(53, 29, 'USB150WN1X1', 'USB 2.0', '802.11a/n/ac', 'WPA-PSK, WPA2-PSK, and WEP', 'startech-usb150wn1x1', 0),
(54, 29, 'USB150WN1X1W', 'USB 1.0', '802.11a/b/g', 'WPA/WPA2-PSK, WPA/WPA2-EAP', 'startech-usb150wn1x1w', 0),
(55, 74, 'PCI20E', 'PCI Express x1', '802.11a/g/n', '64/128 bit WEP, WPA-PSK/WPA2-PSK', 'amped-wireless-pci20e', 1),
(56, 70, 'WNA3100M-100PES', 'USB 2.0', '802.11g/n', 'WPA/WPA2-PSK, WPA/WPA2-EAP', 'netgear-wna3100m-100pes', 0),
(57, 70, 'WNA1100-100ENS', 'USB 2.0', '802.11g/n', 'WPA-PSK, WPA2-PSK, and WEP', 'netgear-wna1100-100ens', 0),
(58, 68, 'TL-WN723N', 'USB 2.0', '802.11a/b/g', 'WPA/WPA2-PSK, WPA/WPA2-EAP', 'tp-link-tl-wn723n', 0),
(59, 72, 'AE1200', 'USB 2.0', '802.11b/g/n', '64/128 WEP, WPA/WPA2, WPA-PSK/WPA2-PSK (TKIP/AES),  IEEE 802.1X', 'linksys-ae1200', 0),
(60, 72, 'AE3000', 'USB 2.0', '802.11a/b/g/n', '64/128-bit WEP, WPA, WPA2, IEEE 802.1x', 'linksys-ae3000', 0),
(61, 72, 'AE6000', 'USB 2.0', '802.11b/g/n/ac', '64/128/152-Bit WEP, WPA, WPA2', 'linksys-ae6000', 0),
(62, 71, 'TEW-806UBH', 'USB 2.0', '802.11a/g/n', 'WPA/WPA2-PSK', 'trendnet-tew-806ubh', 0),
(63, 29, 'USBBT2EDR4', 'USB 1.0', '802.11b/g', '64/128/152-Bit WEP, WPA, WPA2', 'startech-usbbt2edr4', 0),
(64, 74, 'UA1000', 'USB 2.0', '802.11a/b/g/n/ac', '64/128/152-Bit WEP', 'amped-wireless-ua1000', 0),
(65, 74, 'TAN1', 'USB 2.0', '802.11ac', 'WPA & WPA2', 'amped-wireless-tan1', 0),
(66, 70, 'WN311B-100NAS', 'PCI', '802.11a/b/g/n', '64/128-bit WEP, WPA, WPA2, IEEE 802.1x', 'netgear-wn311b-100nas', 1),
(67, 74, 'UA150C', 'USB 2.0', '802.11a/b/g', '64/128-Bit WEP, WPA, WPA2\r\n', 'amped-wireless-ua150c', 0),
(68, 71, 'TEW-624UB', 'USB 2.0', '802.11a/b/g/n/ac', '64/128 WEP, WPA/WPA2, WPA-PSK/WPA2-PSK (TKIP/AES),  IEEE 802.1X', 'trendnet-tew-624ub', 0),
(69, 74, 'UA2000', 'USB 2.0', '802.11b/g/n/ac', 'WPA & WPA2', 'amped-wireless-ua2000', 0),
(70, 72, 'WUSB54GP', 'USB 2.0', '802.11n', '64/128-Bit WEP, WPA, WPA2\r\n', 'linksys-wusb54gp', 0),
(71, 72, 'AE2500-NP', 'USB 2.0', '802.11a/g/n', 'WPA/WPA2-PSK, WPA/WPA2-EAP', 'linksys-ae2500-np', 0),
(72, 29, 'PCI150WN1X1', 'PCI', '802.11a/g/n', '64/128/152-Bit WEP, WPA, WPA2', 'startech-pci150wn1x1', 1),
(73, 60, 'USB-N13 Cradle', 'USB 2.0', '802.11a/g/n', 'WPA-PSK, WPA2-PSK, and WEP', 'asus-usb-n13-cradle', 0),
(74, 72, 'WUSB54GC', 'USB 2.0', '802.11a/b/g', '64/128-bit WEP, WPA, WPA2, IEEE 802.1x', 'linksys-wusb54gc', 0),
(75, 72, 'AE2500', 'USB 2.0', '802.11g/n', 'WPA-PSK, WPA2-PSK, and WEP', 'linksys-ae2500', 0),
(76, 69, 'EW-7722UTn', 'USB 2.0', '802.11a/b/g/n', 'WPA/WPA2-PSK', 'edimax-ew-7722utn', 0),
(77, 70, 'WNA1000M-100ENS v2', 'USB 2.0', '802.11a/b/g/n/ac', '64/128/152-Bit WEP, WPA, WPA2', 'netgear-wna1000m-100ens-v2', 0),
(78, 72, 'WMP54GX4', 'PCI', '802.11n', '64-bit WEP, 128-bit WEP, WPA2-PSK, WPA-PSK, WPS ', 'linksys-wmp54gx4', 1),
(79, 72, 'WUSB54G', 'USB 2.0', '802.11ac', 'WPA-PSK, WPA2-PSK, and WEP', 'linksys-wusb54g', 0),
(80, 68, 'TL-WN727N', 'USB 2.0', '802.11a/b/g/n', 'WPA/WPA2-PSK, WPA/WPA2-EAP', 'tp-link-tl-wn727n', 0),
(81, 60, 'USB-AC56 (90IG00A0-BM0N00)', 'USB 3.0', '802.11a/g/n', 'WPA-PSK, WPA2-PSK, and WEP', 'asus-usb-ac56-(90ig00a0-bm0n00)', 0),
(82, 72, 'WMP54GS', 'PCI', '802.11a/g/n', 'WPA/WPA2-PSK, WPA/WPA2-EAP', 'linksys-wmp54gs', 1),
(83, 70, 'WNA1000M-100PES', 'USB 2.0', '802.11a/g/n', 'WPA-PSK, WPA2-PSK, and WEP', 'netgear-wna1000m-100pes', 0),
(84, 70, 'WG111US', 'USB 2.0', '802.11a/b/g/n', '64/128/152-Bit WEP, WPA, WPA2', 'netgear-wg111us', 0),
(85, 71, 'TEW-804UB', 'USB 2.0', '802.11g/n', '64/128/152-Bit WEP', 'trendnet-tew-804ub', 0),
(86, 72, 'WMP11', 'PCI', '802.11n', '64/128 bit WEP, WPA/WPA2/WPA-PSK/WPA2-PSK', 'linksys-wmp11', 1),
(87, 72, 'WMP54GR', 'PCI', '802.11b/g/n/ac', '64-bit WEP, 128-bit WEP, WPA2-PSK, WPA-PSK, WPS ', 'linksys-wmp54gr', 1),
(88, 72, 'AE1200-NP', 'USB 2.0', '802.11ac', 'WPA-PSK, WPA2-PSK, and WEP', 'linksys-ae1200-np', 0),
(89, 69, 'EW-7722PnD', 'PCI Express x1', '802.11b/g/n/ac', 'WPA & WPA2', 'edimax-ew-7722pnd', 1),
(90, 72, 'WUSB6300-EJ', 'USB 3.0', '802.11b/g/n', '64/128 WEP, WPA/WPA2, WPA-PSK/WPA2-PSK (TKIP/AES),  IEEE 802.1X', 'linksys-wusb6300-ej', 0),
(91, 70, 'WNA3100-100PES', 'USB 2.0', '802.11b/g/n/ac', '64-bit WEP, 128-bit WEP, WPA2-PSK, WPA-PSK, WPS ', 'netgear-wna3100-100pes', 0),
(92, 73, 'GWU735', 'USB 3.0', '802.11a/g/n', 'WPA & WPA2', 'iogear-gwu735', 0),
(93, 72, 'WUSB54GR', 'USB 2.0', '802.11a/b/g/n', '64/128/152-Bit WEP, WPA, WPA2', 'linksys-wusb54gr', 0),
(94, 70, 'WG311T', 'PCI', '802.11a/b/g/n', '64/128/152-Bit WEP, WPA, WPA2', 'netgear-wg311t', 1),
(95, 68, 'TL-WDN3200', 'USB 2.0', '802.11ac', '64/128 WEP, WPA/WPA2, WPA-PSK/WPA2-PSK (TKIP/AES),  IEEE 802.1X', 'tp-link-tl-wdn3200', 0),
(96, 68, 'TL-WN722NC', 'USB 1.0', '802.11b/g', 'WPA & WPA2', 'tp-link-tl-wn722nc', 0),
(97, 72, 'AE3000-NP', 'USB 2.0', '802.11a/b/g', '64/128 bit WEP, WPA/WPA2/WPA-PSK/WPA2-PSK', 'linksys-ae3000-np', 0),
(98, 74, 'ACA1', 'USB 3.0', '802.11b/g/n/ac', '64/128-Bit WEP, WPA, WPA2\r\n', 'amped-wireless-aca1', 0),
(99, 60, 'USB-N53', 'USB 2.0', '802.11a/n/ac', '64/128 bit WEP, WPA-PSK/WPA2-PSK', 'asus-usb-n53', 0),
(100, 71, 'TEW-664UB', 'USB 2.0', '802.11ac', '64/128-Bit WEP, WPA, WPA2\r\n', 'trendnet-tew-664ub', 0),
(101, 71, 'TEW-646UBH', 'USB 2.0', '802.11n', '64/128-bit WEP, WPA, WPA2, IEEE 802.1x', 'trendnet-tew-646ubh', 0);

--
-- Indexes for dumped tables
--

--
-- Indexes for table `case`
--
ALTER TABLE `case`
  ADD PRIMARY KEY (`id`);

--
-- Indexes for table `case_fan`
--
ALTER TABLE `case_fan`
  ADD PRIMARY KEY (`id`);

--
-- Indexes for table `case_form_factor`
--
ALTER TABLE `case_form_factor`
  ADD PRIMARY KEY (`id`);

--
-- Indexes for table `cpu`
--
ALTER TABLE `cpu`
  ADD PRIMARY KEY (`id`);

--
-- Indexes for table `cpu_cooler`
--
ALTER TABLE `cpu_cooler`
  ADD PRIMARY KEY (`id`);

--
-- Indexes for table `cpu_cooler_socket`
--
ALTER TABLE `cpu_cooler_socket`
  ADD PRIMARY KEY (`id`);

--
-- Indexes for table `cpu_socket`
--
ALTER TABLE `cpu_socket`
  ADD PRIMARY KEY (`id`);

--
-- Indexes for table `gpu`
--
ALTER TABLE `gpu`
  ADD PRIMARY KEY (`id`);

--
-- Indexes for table `manufacturer`
--
ALTER TABLE `manufacturer`
  ADD PRIMARY KEY (`id`);

--
-- Indexes for table `memory`
--
ALTER TABLE `memory`
  ADD PRIMARY KEY (`id`);

--
-- Indexes for table `motherboard`
--
ALTER TABLE `motherboard`
  ADD PRIMARY KEY (`id`);

--
-- Indexes for table `motherboard_cpu_comp`
--
ALTER TABLE `motherboard_cpu_comp`
  ADD PRIMARY KEY (`id`);

--
-- Indexes for table `motherboard_frequency`
--
ALTER TABLE `motherboard_frequency`
  ADD PRIMARY KEY (`id`);

--
-- Indexes for table `motherboard_socket`
--
ALTER TABLE `motherboard_socket`
  ADD PRIMARY KEY (`id`);

--
-- Indexes for table `optical_drive`
--
ALTER TABLE `optical_drive`
  ADD PRIMARY KEY (`id`);

--
-- Indexes for table `price`
--
ALTER TABLE `price`
  ADD PRIMARY KEY (`id`);

--
-- Indexes for table `psu`
--
ALTER TABLE `psu`
  ADD PRIMARY KEY (`id`);

--
-- Indexes for table `psu_type`
--
ALTER TABLE `psu_type`
  ADD PRIMARY KEY (`id`);

--
-- Indexes for table `retailer`
--
ALTER TABLE `retailer`
  ADD PRIMARY KEY (`id`);

--
-- Indexes for table `sound_card`
--
ALTER TABLE `sound_card`
  ADD PRIMARY KEY (`id`);

--
-- Indexes for table `storage`
--
ALTER TABLE `storage`
  ADD PRIMARY KEY (`id`);

--
-- Indexes for table `wired_card`
--
ALTER TABLE `wired_card`
  ADD PRIMARY KEY (`id`);

--
-- Indexes for table `wireless_card`
--
ALTER TABLE `wireless_card`
  ADD PRIMARY KEY (`id`);

--
-- AUTO_INCREMENT for dumped tables
--

--
-- AUTO_INCREMENT for table `case`
--
ALTER TABLE `case`
  MODIFY `id` int(10) UNSIGNED NOT NULL AUTO_INCREMENT, AUTO_INCREMENT=39;
--
-- AUTO_INCREMENT for table `case_fan`
--
ALTER TABLE `case_fan`
  MODIFY `id` int(10) UNSIGNED NOT NULL AUTO_INCREMENT, AUTO_INCREMENT=8;
--
-- AUTO_INCREMENT for table `case_form_factor`
--
ALTER TABLE `case_form_factor`
  MODIFY `id` int(10) UNSIGNED NOT NULL AUTO_INCREMENT, AUTO_INCREMENT=94;
--
-- AUTO_INCREMENT for table `cpu`
--
ALTER TABLE `cpu`
  MODIFY `id` int(10) UNSIGNED NOT NULL AUTO_INCREMENT, AUTO_INCREMENT=126;
--
-- AUTO_INCREMENT for table `cpu_cooler`
--
ALTER TABLE `cpu_cooler`
  MODIFY `id` int(10) UNSIGNED NOT NULL AUTO_INCREMENT, AUTO_INCREMENT=96;
--
-- AUTO_INCREMENT for table `cpu_cooler_socket`
--
ALTER TABLE `cpu_cooler_socket`
  MODIFY `id` int(10) UNSIGNED NOT NULL AUTO_INCREMENT, AUTO_INCREMENT=434;
--
-- AUTO_INCREMENT for table `cpu_socket`
--
ALTER TABLE `cpu_socket`
  MODIFY `id` int(10) UNSIGNED NOT NULL AUTO_INCREMENT, AUTO_INCREMENT=128;
--
-- AUTO_INCREMENT for table `gpu`
--
ALTER TABLE `gpu`
  MODIFY `id` int(10) UNSIGNED NOT NULL AUTO_INCREMENT, AUTO_INCREMENT=148;
--
-- AUTO_INCREMENT for table `manufacturer`
--
ALTER TABLE `manufacturer`
  MODIFY `id` int(10) UNSIGNED NOT NULL AUTO_INCREMENT, AUTO_INCREMENT=91;
--
-- AUTO_INCREMENT for table `memory`
--
ALTER TABLE `memory`
  MODIFY `id` int(10) UNSIGNED NOT NULL AUTO_INCREMENT, AUTO_INCREMENT=869;
--
-- AUTO_INCREMENT for table `motherboard`
--
ALTER TABLE `motherboard`
  MODIFY `id` int(10) UNSIGNED NOT NULL AUTO_INCREMENT, AUTO_INCREMENT=11;
--
-- AUTO_INCREMENT for table `motherboard_cpu_comp`
--
ALTER TABLE `motherboard_cpu_comp`
  MODIFY `id` int(10) UNSIGNED NOT NULL AUTO_INCREMENT, AUTO_INCREMENT=560;
--
-- AUTO_INCREMENT for table `motherboard_frequency`
--
ALTER TABLE `motherboard_frequency`
  MODIFY `id` int(10) UNSIGNED NOT NULL AUTO_INCREMENT, AUTO_INCREMENT=62;
--
-- AUTO_INCREMENT for table `motherboard_socket`
--
ALTER TABLE `motherboard_socket`
  MODIFY `id` int(10) UNSIGNED NOT NULL AUTO_INCREMENT, AUTO_INCREMENT=11;
--
-- AUTO_INCREMENT for table `optical_drive`
--
ALTER TABLE `optical_drive`
  MODIFY `id` int(10) UNSIGNED NOT NULL AUTO_INCREMENT, AUTO_INCREMENT=8;
--
-- AUTO_INCREMENT for table `price`
--
ALTER TABLE `price`
  MODIFY `id` int(10) UNSIGNED NOT NULL AUTO_INCREMENT, AUTO_INCREMENT=3073;
--
-- AUTO_INCREMENT for table `psu`
--
ALTER TABLE `psu`
  MODIFY `id` int(10) UNSIGNED NOT NULL AUTO_INCREMENT, AUTO_INCREMENT=47;
--
-- AUTO_INCREMENT for table `psu_type`
--
ALTER TABLE `psu_type`
  MODIFY `id` int(10) UNSIGNED NOT NULL AUTO_INCREMENT, AUTO_INCREMENT=91;
--
-- AUTO_INCREMENT for table `retailer`
--
ALTER TABLE `retailer`
  MODIFY `id` int(10) UNSIGNED NOT NULL AUTO_INCREMENT, AUTO_INCREMENT=5;
--
-- AUTO_INCREMENT for table `sound_card`
--
ALTER TABLE `sound_card`
  MODIFY `id` int(10) UNSIGNED NOT NULL AUTO_INCREMENT, AUTO_INCREMENT=30;
--
-- AUTO_INCREMENT for table `storage`
--
ALTER TABLE `storage`
  MODIFY `id` int(10) UNSIGNED NOT NULL AUTO_INCREMENT, AUTO_INCREMENT=699;
--
-- AUTO_INCREMENT for table `wired_card`
--
ALTER TABLE `wired_card`
  MODIFY `id` int(10) UNSIGNED NOT NULL AUTO_INCREMENT, AUTO_INCREMENT=61;
--
-- AUTO_INCREMENT for table `wireless_card`
--
ALTER TABLE `wireless_card`
  MODIFY `id` int(10) UNSIGNED NOT NULL AUTO_INCREMENT, AUTO_INCREMENT=102;
/*!40101 SET CHARACTER_SET_CLIENT=@OLD_CHARACTER_SET_CLIENT */;
/*!40101 SET CHARACTER_SET_RESULTS=@OLD_CHARACTER_SET_RESULTS */;
/*!40101 SET COLLATION_CONNECTION=@OLD_COLLATION_CONNECTION */;
